/*
SQLyog Enterprise - MySQL GUI v7.15 
MySQL - 5.0.27-community-nt : Database - bohol_etracs
*********************************************************************
*/

/*!40101 SET NAMES utf8 */;

/*!40101 SET SQL_MODE=''*/;

/*!40014 SET @OLD_FOREIGN_KEY_CHECKS=@@FOREIGN_KEY_CHECKS, FOREIGN_KEY_CHECKS=0 */;
/*!40101 SET @OLD_SQL_MODE=@@SQL_MODE, SQL_MODE='NO_AUTO_VALUE_ON_ZERO' */;

/*Table structure for table `account` */

DROP TABLE IF EXISTS `account`;

CREATE TABLE `account` (
  `objid` varchar(50) NOT NULL,
  `schemaname` varchar(100) NOT NULL,
  `schemaversion` varchar(5) NOT NULL,
  `fromyear` int(11) NOT NULL,
  `toyear` int(11) default NULL,
  `acctcode` varchar(25) NOT NULL,
  `accttitle` varchar(150) NOT NULL,
  `charttype` varchar(25) NOT NULL,
  `accttype` varchar(25) NOT NULL,
  `target` decimal(10,2) default NULL,
  `acctlevel` int(11) NOT NULL,
  `parentid` varchar(50) default NULL,
  `rootid` varchar(50) default NULL,
  `pathbyids` varchar(200) default NULL,
  `pathbytitle` varchar(200) default NULL,
  PRIMARY KEY  (`objid`),
  UNIQUE KEY `ux_title_parentid` (`accttitle`,`parentid`),
  UNIQUE KEY `ux_code_parentid` (`acctcode`,`parentid`)
) ENGINE=InnoDB DEFAULT CHARSET=latin1;

/*Data for the table `account` */

insert  into `account`(`objid`,`schemaname`,`schemaversion`,`fromyear`,`toyear`,`acctcode`,`accttitle`,`charttype`,`accttype`,`target`,`acctlevel`,`parentid`,`rootid`,`pathbyids`,`pathbytitle`) values ('A-193b6f15:1334c6786b8:-7fec','account:account','1.0',1992,NULL,'01','RETURN OF EXCESS FROM CASH ADVANCE','SRE','GLACCOUNT','0.00',2,'A-193b6f15:1334c6786b8:-7fee','SRE','SRE/A-193b6f15:1334c6786b8:-7fee','SRE-SRE/Z-NON INCOME'),('A-193b6f15:1334c6786b8:-7fee','account:account','1.0',1992,NULL,'M','NON INCOME','SRE','CATEGORY','0.00',1,'SRE','SRE','SRE','SRE-SRE'),('A-1f4969c2:1341bb441bb:-7fd2','account:account','1.0',1992,NULL,'652-09-02','CLEARANCE FEES','SRE','SUBACCOUNT','0.00',3,'A52380147:131d8fe3efb:-7fd0','SRE','SRE/A52380147:131d8fe3efb:-7ffc/A52380147:131d8fe3efb:-7fd0','SRE-SRE/C-REGULATORY FEES (PERMIT AND LICENSES)/652-09-OTHER PERMIT AND LICENSES'),('A-1f4969c2:1341bb441bb:-7fd3','account:account','1.0',1992,NULL,'652-09-01','CERTIFICATION FEES','SRE','SUBACCOUNT','0.00',3,'A52380147:131d8fe3efb:-7fd0','SRE','SRE/A52380147:131d8fe3efb:-7ffc/A52380147:131d8fe3efb:-7fd0','SRE-SRE/C-REGULATORY FEES (PERMIT AND LICENSES)/652-09-OTHER PERMIT AND LICENSES'),('A-31ff65b7:133a957de13:-7ffc','account:account','1.0',1992,NULL,'624-1','COMMUNITY TAX CORPORATION','SRE','GLACCOUNT','0.00',2,'A52380147:131d8fe3efb:-7ffd','SRE','SRE/A52380147:131d8fe3efb:-7ffd','SRE-SRE/B-OTHER TAXES'),('A-34e92527:131d514840c:-7f9f','account:account','1.0',1992,0,'679','OTHER FINES AND PENALTIES','NGAS','GLACCOUNT','0.00',3,'A2c261ff3:131d4ec0b93:-7ff2','NGAS','NGAS/A2c261ff3:131d4ec0b93:-7ffb/A2c261ff3:131d4ec0b93:-7ff2','NGAS-NGAS/B-GENERAL INCOME/B5-OTHER INCOME'),('A-34e92527:131d514840c:-7fa0','account:account','1.0',1992,0,'678','MISCELLANEOUS INCOME','NGAS','GLACCOUNT','0.00',3,'A2c261ff3:131d4ec0b93:-7ff2','NGAS','NGAS/A2c261ff3:131d4ec0b93:-7ffb/A2c261ff3:131d4ec0b93:-7ff2','NGAS-NGAS/B-GENERAL INCOME/B5-OTHER INCOME'),('A-34e92527:131d514840c:-7fa1','account:account','1.0',1992,0,'671','SHARE FROM TOBACCO EXCISE TAX','NGAS','GLACCOUNT','0.00',3,'A2c261ff3:131d4ec0b93:-7ff2','NGAS','NGAS/A2c261ff3:131d4ec0b93:-7ffb/A2c261ff3:131d4ec0b93:-7ff2','NGAS-NGAS/B-GENERAL INCOME/B5-OTHER INCOME'),('A-34e92527:131d514840c:-7fa2','account:account','1.0',1992,0,'670','SHARE FROM PAGCOR/PCSO','NGAS','GLACCOUNT','0.00',3,'A2c261ff3:131d4ec0b93:-7ff2','NGAS','NGAS/A2c261ff3:131d4ec0b93:-7ffb/A2c261ff3:131d4ec0b93:-7ff2','NGAS-NGAS/B-GENERAL INCOME/B5-OTHER INCOME'),('A-34e92527:131d514840c:-7fa3','account:account','1.0',1992,0,'669','SHARE FROM NATIONAL WEALTH','NGAS','GLACCOUNT','0.00',3,'A2c261ff3:131d4ec0b93:-7ff2','NGAS','NGAS/A2c261ff3:131d4ec0b93:-7ffb/A2c261ff3:131d4ec0b93:-7ff2','NGAS-NGAS/B-GENERAL INCOME/B5-OTHER INCOME'),('A-34e92527:131d514840c:-7fa4','account:account','1.0',1992,0,'668','SHARE FROM EXPANDED VALUE ADDED TAX (EVAT)','NGAS','GLACCOUNT','0.00',3,'A2c261ff3:131d4ec0b93:-7ff2','NGAS','NGAS/A2c261ff3:131d4ec0b93:-7ffb/A2c261ff3:131d4ec0b93:-7ff2','NGAS-NGAS/B-GENERAL INCOME/B5-OTHER INCOME'),('A-34e92527:131d514840c:-7fa5','account:account','1.0',1992,0,'667','SHARE FROM ECONOMIC ZONE','NGAS','GLACCOUNT','0.00',3,'A2c261ff3:131d4ec0b93:-7ff2','NGAS','NGAS/A2c261ff3:131d4ec0b93:-7ffb/A2c261ff3:131d4ec0b93:-7ff2','NGAS-NGAS/B-GENERAL INCOME/B5-OTHER INCOME'),('A-34e92527:131d514840c:-7fa6','account:account','1.0',1992,0,'666','SALE OF CONFISCATE/ABANDONED/SEIZED GOODS AND PROPERTIES','NGAS','GLACCOUNT','0.00',3,'A2c261ff3:131d4ec0b93:-7ff2','NGAS','NGAS/A2c261ff3:131d4ec0b93:-7ffb/A2c261ff3:131d4ec0b93:-7ff2','NGAS-NGAS/B-GENERAL INCOME/B5-OTHER INCOME'),('A-34e92527:131d514840c:-7fa7','account:account','1.0',1992,0,'665','INTERNAL REVENUE ALLOTMENT','NGAS','GLACCOUNT','0.00',3,'A2c261ff3:131d4ec0b93:-7ff2','NGAS','NGAS/A2c261ff3:131d4ec0b93:-7ffb/A2c261ff3:131d4ec0b93:-7ff2','NGAS-NGAS/B-GENERAL INCOME/B5-OTHER INCOME'),('A-34e92527:131d514840c:-7fa8','account:account','1.0',1992,0,'664','INTEREST INCOME','NGAS','GLACCOUNT','0.00',3,'A2c261ff3:131d4ec0b93:-7ff2','NGAS','NGAS/A2c261ff3:131d4ec0b93:-7ffb/A2c261ff3:131d4ec0b93:-7ff2','NGAS-NGAS/B-GENERAL INCOME/B5-OTHER INCOME'),('A-34e92527:131d514840c:-7fa9','account:account','1.0',1992,0,'663','INSURANCE INCOME','NGAS','GLACCOUNT','0.00',3,'A2c261ff3:131d4ec0b93:-7ff2','NGAS','NGAS/A2c261ff3:131d4ec0b93:-7ffb/A2c261ff3:131d4ec0b93:-7ff2','NGAS-NGAS/B-GENERAL INCOME/B5-OTHER INCOME'),('A-34e92527:131d514840c:-7faa','account:account','1.0',1992,0,'662','INCOME FROM GRANTS AND DONATIONS','NGAS','GLACCOUNT','0.00',3,'A2c261ff3:131d4ec0b93:-7ff2','NGAS','NGAS/A2c261ff3:131d4ec0b93:-7ffb/A2c261ff3:131d4ec0b93:-7ff2','NGAS-NGAS/B-GENERAL INCOME/B5-OTHER INCOME'),('A-34e92527:131d514840c:-7fab','account:account','1.0',1992,0,'661','DIVIDEND INCOME','NGAS','GLACCOUNT','0.00',3,'A2c261ff3:131d4ec0b93:-7ff2','NGAS','NGAS/A2c261ff3:131d4ec0b93:-7ffb/A2c261ff3:131d4ec0b93:-7ff2','NGAS-NGAS/B-GENERAL INCOME/B5-OTHER INCOME'),('A-34e92527:131d514840c:-7fad','account:account','1.0',1992,0,'657','SUBSIDY FROM OTHER FUNDS','NGAS','GLACCOUNT','0.00',3,'A2c261ff3:131d4ec0b93:-7ff3','NGAS','NGAS/A2c261ff3:131d4ec0b93:-7ffb/A2c261ff3:131d4ec0b93:-7ff3','NGAS-NGAS/B-GENERAL INCOME/B4-SUBSIDY INCOME'),('A-34e92527:131d514840c:-7fae','account:account','1.0',1992,0,'656','SUBSIDY FROM OTHER LGU\'S','NGAS','GLACCOUNT','0.00',3,'A2c261ff3:131d4ec0b93:-7ff3','NGAS','NGAS/A2c261ff3:131d4ec0b93:-7ffb/A2c261ff3:131d4ec0b93:-7ff3','NGAS-NGAS/B-GENERAL INCOME/B4-SUBSIDY INCOME'),('A-34e92527:131d514840c:-7faf','account:account','1.0',1992,0,'655','SUBSIDY FROM OPERATING UNIT','NGAS','GLACCOUNT','0.00',3,'A2c261ff3:131d4ec0b93:-7ff3','NGAS','NGAS/A2c261ff3:131d4ec0b93:-7ffb/A2c261ff3:131d4ec0b93:-7ff3','NGAS-NGAS/B-GENERAL INCOME/B4-SUBSIDY INCOME'),('A-34e92527:131d514840c:-7fb0','account:account','1.0',1992,0,'654','SUBSIDY FROM REGIONAL OFFICE/STAFF BUREAU','NGAS','GLACCOUNT','0.00',3,'A2c261ff3:131d4ec0b93:-7ff3','NGAS','NGAS/A2c261ff3:131d4ec0b93:-7ffb/A2c261ff3:131d4ec0b93:-7ff3','NGAS-NGAS/B-GENERAL INCOME/B4-SUBSIDY INCOME'),('A-34e92527:131d514840c:-7fb1','account:account','1.0',1992,0,'653','SUBSIDY FROM CENTRAL OFFICE','NGAS','GLACCOUNT','0.00',3,'A2c261ff3:131d4ec0b93:-7ff3','NGAS','NGAS/A2c261ff3:131d4ec0b93:-7ffb/A2c261ff3:131d4ec0b93:-7ff3','NGAS-NGAS/B-GENERAL INCOME/B4-SUBSIDY INCOME'),('A-34e92527:131d514840c:-7fb2','account:account','1.0',1992,0,'652','SUBSIDY FROM OTHER NATIONAL GOVERNMENT AGENCIES','NGAS','GLACCOUNT','0.00',3,'A2c261ff3:131d4ec0b93:-7ff3','NGAS','NGAS/A2c261ff3:131d4ec0b93:-7ffb/A2c261ff3:131d4ec0b93:-7ff3','NGAS-NGAS/B-GENERAL INCOME/B4-SUBSIDY INCOME'),('A-34e92527:131d514840c:-7fb3','account:account','1.0',1992,0,'651','SUBSIDY INCOME FROM NATIONAL GOVERNMENT','NGAS','GLACCOUNT','0.00',3,'A2c261ff3:131d4ec0b93:-7ff3','NGAS','NGAS/A2c261ff3:131d4ec0b93:-7ffb/A2c261ff3:131d4ec0b93:-7ff3','NGAS-NGAS/B-GENERAL INCOME/B4-SUBSIDY INCOME'),('A-34e92527:131d514840c:-7fb4','account:account','1.0',1992,0,'649','FINES AND PENALTIES - BUSINESS INCOME','NGAS','GLACCOUNT','0.00',3,'A2c261ff3:131d4ec0b93:-7ff4','NGAS','NGAS/A2c261ff3:131d4ec0b93:-7ffb/A2c261ff3:131d4ec0b93:-7ff4','NGAS-NGAS/B-GENERAL INCOME/B3-BUSINESS INCOME'),('A-34e92527:131d514840c:-7fb5','account:account','1.0',1992,0,'648','OTHER BUSINESS INCOME','NGAS','GLACCOUNT','0.00',3,'A2c261ff3:131d4ec0b93:-7ff4','NGAS','NGAS/A2c261ff3:131d4ec0b93:-7ffb/A2c261ff3:131d4ec0b93:-7ff4','NGAS-NGAS/B-GENERAL INCOME/B3-BUSINESS INCOME'),('A-34e92527:131d514840c:-7fb6','account:account','1.0',1992,0,'644','TUITION FEES','NGAS','GLACCOUNT','0.00',3,'A2c261ff3:131d4ec0b93:-7ff4','NGAS','NGAS/A2c261ff3:131d4ec0b93:-7ffb/A2c261ff3:131d4ec0b93:-7ff4','NGAS-NGAS/B-GENERAL INCOME/B3-BUSINESS INCOME'),('A-34e92527:131d514840c:-7fb7','account:account','1.0',1992,0,'643','SALES REVENUE','NGAS','GLACCOUNT','0.00',3,'A2c261ff3:131d4ec0b93:-7ff4','NGAS','NGAS/A2c261ff3:131d4ec0b93:-7ffb/A2c261ff3:131d4ec0b93:-7ff4','NGAS-NGAS/B-GENERAL INCOME/B3-BUSINESS INCOME'),('A-34e92527:131d514840c:-7fb8','account:account','1.0',1992,0,'642','RENT INCOME','NGAS','GLACCOUNT','0.00',3,'A2c261ff3:131d4ec0b93:-7ff4','NGAS','NGAS/A2c261ff3:131d4ec0b93:-7ffb/A2c261ff3:131d4ec0b93:-7ff4','NGAS-NGAS/B-GENERAL INCOME/B3-BUSINESS INCOME'),('A-34e92527:131d514840c:-7fb9','account:account','1.0',1992,0,'641','PRINTING AND PUBLICATION INCOME','NGAS','GLACCOUNT','0.00',3,'A2c261ff3:131d4ec0b93:-7ff4','NGAS','NGAS/A2c261ff3:131d4ec0b93:-7ffb/A2c261ff3:131d4ec0b93:-7ff4','NGAS-NGAS/B-GENERAL INCOME/B3-BUSINESS INCOME'),('A-34e92527:131d514840c:-7fba','account:account','1.0',1992,0,'640','LANDING AND PARKING FEES','NGAS','GLACCOUNT','0.00',3,'A2c261ff3:131d4ec0b93:-7ff4','NGAS','NGAS/A2c261ff3:131d4ec0b93:-7ffb/A2c261ff3:131d4ec0b93:-7ff4','NGAS-NGAS/B-GENERAL INCOME/B3-BUSINESS INCOME'),('A-34e92527:131d514840c:-7fbb','account:account','1.0',1992,0,'639','INCOME FROM WATERWORKS SYSTEMS','NGAS','GLACCOUNT','0.00',3,'A2c261ff3:131d4ec0b93:-7ff4','NGAS','NGAS/A2c261ff3:131d4ec0b93:-7ffb/A2c261ff3:131d4ec0b93:-7ff4','NGAS-NGAS/B-GENERAL INCOME/B3-BUSINESS INCOME'),('A-34e92527:131d514840c:-7fbc','account:account','1.0',1992,0,'638','INCOME FROM TRANSPORTATION SYSTEMS','NGAS','GLACCOUNT','0.00',3,'A2c261ff3:131d4ec0b93:-7ff4','NGAS','NGAS/A2c261ff3:131d4ec0b93:-7ffb/A2c261ff3:131d4ec0b93:-7ff4','NGAS-NGAS/B-GENERAL INCOME/B3-BUSINESS INCOME'),('A-34e92527:131d514840c:-7fbd','account:account','1.0',1992,0,'637','INCOME FROM SLAUGHTERHOUSES','NGAS','GLACCOUNT','0.00',3,'A2c261ff3:131d4ec0b93:-7ff4','NGAS','NGAS/A2c261ff3:131d4ec0b93:-7ffb/A2c261ff3:131d4ec0b93:-7ff4','NGAS-NGAS/B-GENERAL INCOME/B3-BUSINESS INCOME'),('A-34e92527:131d514840c:-7fbe','account:account','1.0',1992,0,'636','INCOME FROM MARKETS','NGAS','GLACCOUNT','0.00',3,'A2c261ff3:131d4ec0b93:-7ff4','NGAS','NGAS/A2c261ff3:131d4ec0b93:-7ffb/A2c261ff3:131d4ec0b93:-7ff4','NGAS-NGAS/B-GENERAL INCOME/B3-BUSINESS INCOME'),('A-34e92527:131d514840c:-7fbf','account:account','1.0',1992,0,'635','INCOME FROM DORMITORY OPERATIONS','NGAS','GLACCOUNT','0.00',3,'A2c261ff3:131d4ec0b93:-7ff4','NGAS','NGAS/A2c261ff3:131d4ec0b93:-7ffb/A2c261ff3:131d4ec0b93:-7ff4','NGAS-NGAS/B-GENERAL INCOME/B3-BUSINESS INCOME'),('A-34e92527:131d514840c:-7fc0','account:account','1.0',1992,0,'634','INCOME FROM COMMUNICATION FACILITIES','NGAS','GLACCOUNT','0.00',3,'A2c261ff3:131d4ec0b93:-7ff4','NGAS','NGAS/A2c261ff3:131d4ec0b93:-7ffb/A2c261ff3:131d4ec0b93:-7ff4','NGAS-NGAS/B-GENERAL INCOME/B3-BUSINESS INCOME'),('A-34e92527:131d514840c:-7fc1','account:account','1.0',1992,0,'633','INCOME FROM CEMETERY OPERATIONS','NGAS','GLACCOUNT','0.00',3,'A2c261ff3:131d4ec0b93:-7ff4','NGAS','NGAS/A2c261ff3:131d4ec0b93:-7ffb/A2c261ff3:131d4ec0b93:-7ff4','NGAS-NGAS/B-GENERAL INCOME/B3-BUSINESS INCOME'),('A-34e92527:131d514840c:-7fc2','account:account','1.0',1992,0,'632','INCOME FROM CANTEEN OPERATIONS','NGAS','GLACCOUNT','0.00',3,'A2c261ff3:131d4ec0b93:-7ff4','NGAS','NGAS/A2c261ff3:131d4ec0b93:-7ffb/A2c261ff3:131d4ec0b93:-7ff4','NGAS-NGAS/B-GENERAL INCOME/B3-BUSINESS INCOME'),('A-34e92527:131d514840c:-7fc3','account:account','1.0',1992,0,'631','HOSPITAL FEES','NGAS','GLACCOUNT','0.00',3,'A2c261ff3:131d4ec0b93:-7ff4','NGAS','NGAS/A2c261ff3:131d4ec0b93:-7ffb/A2c261ff3:131d4ec0b93:-7ff4','NGAS-NGAS/B-GENERAL INCOME/B3-BUSINESS INCOME'),('A-34e92527:131d514840c:-7fc5','account:account','1.0',1992,0,'629','FINES AND PENALTIES - SERVICE INCOME','NGAS','GLACCOUNT','0.00',3,'A2c261ff3:131d4ec0b93:-7ff5','NGAS','NGAS/A2c261ff3:131d4ec0b93:-7ffb/A2c261ff3:131d4ec0b93:-7ff5','NGAS-NGAS/B-GENERAL INCOME/B2-SERVICE INCOME'),('A-34e92527:131d514840c:-7fc6','account:account','1.0',1992,0,'628','OTHER SERVICE INCOME','NGAS','GLACCOUNT','0.00',3,'A2c261ff3:131d4ec0b93:-7ff5','NGAS','NGAS/A2c261ff3:131d4ec0b93:-7ffb/A2c261ff3:131d4ec0b93:-7ff5','NGAS-NGAS/B-GENERAL INCOME/B2-SERVICE INCOME'),('A-34e92527:131d514840c:-7fc7','account:account','1.0',1992,0,'624','TRANSCRIPT OF RECORDS FEES','NGAS','GLACCOUNT','0.00',3,'A2c261ff3:131d4ec0b93:-7ff5','NGAS','NGAS/A2c261ff3:131d4ec0b93:-7ffb/A2c261ff3:131d4ec0b93:-7ff5','NGAS-NGAS/B-GENERAL INCOME/B2-SERVICE INCOME'),('A-34e92527:131d514840c:-7fc8','account:account','1.0',1992,0,'623','TOLL AND TERMINAL FEES','NGAS','GLACCOUNT','0.00',3,'A2c261ff3:131d4ec0b93:-7ff5','NGAS','NGAS/A2c261ff3:131d4ec0b93:-7ffb/A2c261ff3:131d4ec0b93:-7ff5','NGAS-NGAS/B-GENERAL INCOME/B2-SERVICE INCOME'),('A-34e92527:131d514840c:-7fc9','account:account','1.0',1992,0,'622','SEMINAR FEES','NGAS','GLACCOUNT','0.00',3,'A2c261ff3:131d4ec0b93:-7ff5','NGAS','NGAS/A2c261ff3:131d4ec0b93:-7ffb/A2c261ff3:131d4ec0b93:-7ff5','NGAS-NGAS/B-GENERAL INCOME/B2-SERVICE INCOME'),('A-34e92527:131d514840c:-7fca','account:account','1.0',1992,0,'621','PROCESSING FEES','NGAS','GLACCOUNT','0.00',3,'A2c261ff3:131d4ec0b93:-7ff5','NGAS','NGAS/A2c261ff3:131d4ec0b93:-7ffb/A2c261ff3:131d4ec0b93:-7ff5','NGAS-NGAS/B-GENERAL INCOME/B2-SERVICE INCOME'),('A-34e92527:131d514840c:-7fcb','account:account','1.0',1992,0,'620','PASSPORT AND VISA FEES','NGAS','GLACCOUNT','0.00',3,'A2c261ff3:131d4ec0b93:-7ff5','NGAS','NGAS/A2c261ff3:131d4ec0b93:-7ffb/A2c261ff3:131d4ec0b93:-7ff5','NGAS-NGAS/B-GENERAL INCOME/B2-SERVICE INCOME'),('A-34e92527:131d514840c:-7fcc','account:account','1.0',1992,0,'619','MEDICAL, DENTAL AND LABORATORY FEES','NGAS','GLACCOUNT','0.00',3,'A2c261ff3:131d4ec0b93:-7ff5','NGAS','NGAS/A2c261ff3:131d4ec0b93:-7ffb/A2c261ff3:131d4ec0b93:-7ff5','NGAS-NGAS/B-GENERAL INCOME/B2-SERVICE INCOME'),('A-34e92527:131d514840c:-7fcd','account:account','1.0',1992,0,'618','LIBRARY FEES','NGAS','GLACCOUNT','0.00',3,'A2c261ff3:131d4ec0b93:-7ff5','NGAS','NGAS/A2c261ff3:131d4ec0b93:-7ffb/A2c261ff3:131d4ec0b93:-7ff5','NGAS-NGAS/B-GENERAL INCOME/B2-SERVICE INCOME'),('A-34e92527:131d514840c:-7fce','account:account','1.0',1992,0,'617','INSPECTION FEES','NGAS','GLACCOUNT','0.00',3,'A2c261ff3:131d4ec0b93:-7ff5','NGAS','NGAS/A2c261ff3:131d4ec0b93:-7ffb/A2c261ff3:131d4ec0b93:-7ff5','NGAS-NGAS/B-GENERAL INCOME/B2-SERVICE INCOME'),('A-34e92527:131d514840c:-7fcf','account:account','1.0',1992,0,'616','GARBAGE FEES','NGAS','GLACCOUNT','0.00',3,'A2c261ff3:131d4ec0b93:-7ff5','NGAS','NGAS/A2c261ff3:131d4ec0b93:-7ffb/A2c261ff3:131d4ec0b93:-7ff5','NGAS-NGAS/B-GENERAL INCOME/B2-SERVICE INCOME'),('A-34e92527:131d514840c:-7fd0','account:account','1.0',1992,0,'615','DIPLOMA AND GRADUATION FEES','NGAS','GLACCOUNT','0.00',3,'A2c261ff3:131d4ec0b93:-7ff5','NGAS','NGAS/A2c261ff3:131d4ec0b93:-7ffb/A2c261ff3:131d4ec0b93:-7ff5','NGAS-NGAS/B-GENERAL INCOME/B2-SERVICE INCOME'),('A-34e92527:131d514840c:-7fd1','account:account','1.0',1992,0,'614','COMPREHENSIVE EXAMINATION FEES','NGAS','GLACCOUNT','0.00',3,'A2c261ff3:131d4ec0b93:-7ff5','NGAS','NGAS/A2c261ff3:131d4ec0b93:-7ffb/A2c261ff3:131d4ec0b93:-7ff5','NGAS-NGAS/B-GENERAL INCOME/B2-SERVICE INCOME'),('A-34e92527:131d514840c:-7fd2','account:account','1.0',1992,0,'613','CLEARANCE AND CERTIFICATION FEES','NGAS','GLACCOUNT','0.00',3,'A2c261ff3:131d4ec0b93:-7ff5','NGAS','NGAS/A2c261ff3:131d4ec0b93:-7ffb/A2c261ff3:131d4ec0b93:-7ff5','NGAS-NGAS/B-GENERAL INCOME/B2-SERVICE INCOME'),('A-34e92527:131d514840c:-7fd3','account:account','1.0',1992,0,'612','ATHLETIC AND CULTURAL FEES','NGAS','GLACCOUNT','0.00',3,'A2c261ff3:131d4ec0b93:-7ff5','NGAS','NGAS/A2c261ff3:131d4ec0b93:-7ffb/A2c261ff3:131d4ec0b93:-7ff5','NGAS-NGAS/B-GENERAL INCOME/B2-SERVICE INCOME'),('A-34e92527:131d514840c:-7fd4','account:account','1.0',1992,0,'611','AFFILLIATION FEES','NGAS','GLACCOUNT','0.00',3,'A2c261ff3:131d4ec0b93:-7ff5','NGAS','NGAS/A2c261ff3:131d4ec0b93:-7ffb/A2c261ff3:131d4ec0b93:-7ff5','NGAS-NGAS/B-GENERAL INCOME/B2-SERVICE INCOME'),('A-34e92527:131d514840c:-7fd6','account:account','1.0',1992,0,'609','FINES AND PENLATIES - PERMITS AND LICENSES','NGAS','GLACCOUNT','0.00',3,'A2c261ff3:131d4ec0b93:-7ff6','NGAS','NGAS/A2c261ff3:131d4ec0b93:-7ffb/A2c261ff3:131d4ec0b93:-7ff6','NGAS-NGAS/B-GENERAL INCOME/B1-PERMITS AND LICENSES'),('A-34e92527:131d514840c:-7fd7','account:account','1.0',1992,0,'608','OTHER PERMITS AND LICENSES','NGAS','GLACCOUNT','0.00',3,'A2c261ff3:131d4ec0b93:-7ff6','NGAS','NGAS/A2c261ff3:131d4ec0b93:-7ffb/A2c261ff3:131d4ec0b93:-7ff6','NGAS-NGAS/B-GENERAL INCOME/B1-PERMITS AND LICENSES'),('A-34e92527:131d514840c:-7fd8','account:account','1.0',1992,0,'606','REGISTRATION FEES','NGAS','GLACCOUNT','0.00',3,'A2c261ff3:131d4ec0b93:-7ff6','NGAS','NGAS/A2c261ff3:131d4ec0b93:-7ffb/A2c261ff3:131d4ec0b93:-7ff6','NGAS-NGAS/B-GENERAL INCOME/B1-PERMITS AND LICENSES'),('A-34e92527:131d514840c:-7fd9','account:account','1.0',1992,0,'605','PERMIT FEES','NGAS','GLACCOUNT','0.00',3,'A2c261ff3:131d4ec0b93:-7ff6','NGAS','NGAS/A2c261ff3:131d4ec0b93:-7ffb/A2c261ff3:131d4ec0b93:-7ff6','NGAS-NGAS/B-GENERAL INCOME/B1-PERMITS AND LICENSES'),('A-34e92527:131d514840c:-7fda','account:account','1.0',1992,0,'604','MOTOR VEHICLES USERS CHARGE','NGAS','GLACCOUNT','0.00',3,'A2c261ff3:131d4ec0b93:-7ff6','NGAS','NGAS/A2c261ff3:131d4ec0b93:-7ffb/A2c261ff3:131d4ec0b93:-7ff6','NGAS-NGAS/B-GENERAL INCOME/B1-PERMITS AND LICENSES'),('A-34e92527:131d514840c:-7fdb','account:account','1.0',1992,0,'603','FRANCHISING AND LICENSING FEES','NGAS','GLACCOUNT','0.00',3,'A2c261ff3:131d4ec0b93:-7ff6','NGAS','NGAS/A2c261ff3:131d4ec0b93:-7ffb/A2c261ff3:131d4ec0b93:-7ff6','NGAS-NGAS/B-GENERAL INCOME/B1-PERMITS AND LICENSES'),('A-34e92527:131d514840c:-7fdc','account:account','1.0',1992,0,'602','FISHERY RENTAL FEES','NGAS','GLACCOUNT','0.00',3,'A2c261ff3:131d4ec0b93:-7ff6','NGAS','NGAS/A2c261ff3:131d4ec0b93:-7ffb/A2c261ff3:131d4ec0b93:-7ff6','NGAS-NGAS/B-GENERAL INCOME/B1-PERMITS AND LICENSES'),('A-34e92527:131d514840c:-7fdd','account:account','1.0',1992,0,'601','FEES ON WEIGHTS AND MEASURES','NGAS','GLACCOUNT','0.00',3,'A2c261ff3:131d4ec0b93:-7ff6','NGAS','NGAS/A2c261ff3:131d4ec0b93:-7ffb/A2c261ff3:131d4ec0b93:-7ff6','NGAS-NGAS/B-GENERAL INCOME/B1-PERMITS AND LICENSES'),('A-34e92527:131d514840c:-7fdf','account:account','1.0',1992,0,'599','FINES AND PENALTIES - LOCAL TAXES','NGAS','GLACCOUNT','0.00',3,'A2c261ff3:131d4ec0b93:-7ff8','NGAS','NGAS/A2c261ff3:131d4ec0b93:-7ffc/A2c261ff3:131d4ec0b93:-7ff8','NGAS-NGAS/A-TAX REVENUE/A2-LOCAL TAXES'),('A-34e92527:131d514840c:-7fe0','account:account','1.0',1992,0,'598','OTHER LOCAL TAXES','NGAS','GLACCOUNT','0.00',3,'A2c261ff3:131d4ec0b93:-7ff8','NGAS','NGAS/A2c261ff3:131d4ec0b93:-7ffc/A2c261ff3:131d4ec0b93:-7ff8','NGAS-NGAS/A-TAX REVENUE/A2-LOCAL TAXES'),('A-34e92527:131d514840c:-7fe1','account:account','1.0',1992,0,'593','TAX ON SAND, GRAVEL AND OTHER QUARRY PRODUCTS','NGAS','GLACCOUNT','0.00',3,'A2c261ff3:131d4ec0b93:-7ff8','NGAS','NGAS/A2c261ff3:131d4ec0b93:-7ffc/A2c261ff3:131d4ec0b93:-7ff8','NGAS-NGAS/A-TAX REVENUE/A2-LOCAL TAXES'),('A-34e92527:131d514840c:-7fe2','account:account','1.0',1992,0,'592','TAX ON DELIVERY TRUCKS AND VANS','NGAS','GLACCOUNT','0.00',3,'A2c261ff3:131d4ec0b93:-7ff8','NGAS','NGAS/A2c261ff3:131d4ec0b93:-7ffc/A2c261ff3:131d4ec0b93:-7ff8','NGAS-NGAS/A-TAX REVENUE/A2-LOCAL TAXES'),('A-34e92527:131d514840c:-7fe3','account:account','1.0',1992,0,'591','SPECIAL EDUCATION TAX','NGAS','GLACCOUNT','0.00',3,'A2c261ff3:131d4ec0b93:-7ff8','NGAS','NGAS/A2c261ff3:131d4ec0b93:-7ffc/A2c261ff3:131d4ec0b93:-7ff8','NGAS-NGAS/A-TAX REVENUE/A2-LOCAL TAXES'),('A-34e92527:131d514840c:-7fe4','account:account','1.0',1992,0,'590','SPECIAL ASSESSMENT TAX','NGAS','GLACCOUNT','0.00',3,'A2c261ff3:131d4ec0b93:-7ff8','NGAS','NGAS/A2c261ff3:131d4ec0b93:-7ffc/A2c261ff3:131d4ec0b93:-7ff8','NGAS-NGAS/A-TAX REVENUE/A2-LOCAL TAXES'),('A-34e92527:131d514840c:-7fe5','account:account','1.0',1992,0,'589','REAL PROPERTY TAX ON IDLE LANDS','NGAS','GLACCOUNT','0.00',3,'A2c261ff3:131d4ec0b93:-7ff8','NGAS','NGAS/A2c261ff3:131d4ec0b93:-7ffc/A2c261ff3:131d4ec0b93:-7ff8','NGAS-NGAS/A-TAX REVENUE/A2-LOCAL TAXES'),('A-34e92527:131d514840c:-7fe6','account:account','1.0',1992,0,'588','REAL PROPERTY TAX','NGAS','GLACCOUNT','0.00',3,'A2c261ff3:131d4ec0b93:-7ff8','NGAS','NGAS/A2c261ff3:131d4ec0b93:-7ffc/A2c261ff3:131d4ec0b93:-7ff8','NGAS-NGAS/A-TAX REVENUE/A2-LOCAL TAXES'),('A-34e92527:131d514840c:-7fe8','account:account','1.0',1992,0,'587','PROPERTY TRANSFER TAX','NGAS','GLACCOUNT','0.00',3,'A2c261ff3:131d4ec0b93:-7ff8','NGAS','NGAS/A2c261ff3:131d4ec0b93:-7ffc/A2c261ff3:131d4ec0b93:-7ff8','NGAS-NGAS/A-TAX REVENUE/A2-LOCAL TAXES'),('A-34e92527:131d514840c:-7fe9','account:account','1.0',1992,0,'586','PRINTING AND PUBLICATION TAX','NGAS','GLACCOUNT','0.00',3,'A2c261ff3:131d4ec0b93:-7ff8','NGAS','NGAS/A2c261ff3:131d4ec0b93:-7ffc/A2c261ff3:131d4ec0b93:-7ff8','NGAS-NGAS/A-TAX REVENUE/A2-LOCAL TAXES'),('A-34e92527:131d514840c:-7fea','account:account','1.0',1992,0,'585','OCCUPATION TAX','NGAS','GLACCOUNT','0.00',3,'A2c261ff3:131d4ec0b93:-7ff8','NGAS','NGAS/A2c261ff3:131d4ec0b93:-7ffc/A2c261ff3:131d4ec0b93:-7ff8','NGAS-NGAS/A-TAX REVENUE/A2-LOCAL TAXES'),('A-34e92527:131d514840c:-7feb','account:account','1.0',1992,0,'584','FRANCHISE TAX','NGAS','GLACCOUNT','0.00',3,'A2c261ff3:131d4ec0b93:-7ff8','NGAS','NGAS/A2c261ff3:131d4ec0b93:-7ffc/A2c261ff3:131d4ec0b93:-7ff8','NGAS-NGAS/A-TAX REVENUE/A2-LOCAL TAXES'),('A-34e92527:131d514840c:-7fec','account:account','1.0',1992,0,'583','COMMUNITY TAX','NGAS','GLACCOUNT','0.00',3,'A2c261ff3:131d4ec0b93:-7ff8','NGAS','NGAS/A2c261ff3:131d4ec0b93:-7ffc/A2c261ff3:131d4ec0b93:-7ff8','NGAS-NGAS/A-TAX REVENUE/A2-LOCAL TAXES'),('A-34e92527:131d514840c:-7fed','account:account','1.0',1992,0,'582','BUSINESS TAX (LOCAL)','NGAS','GLACCOUNT','0.00',3,'A2c261ff3:131d4ec0b93:-7ff8','NGAS','NGAS/A2c261ff3:131d4ec0b93:-7ffc/A2c261ff3:131d4ec0b93:-7ff8','NGAS-NGAS/A-TAX REVENUE/A2-LOCAL TAXES'),('A-34e92527:131d514840c:-7fee','account:account','1.0',1992,0,'581','AMUSEMENT TAX','NGAS','GLACCOUNT','0.00',3,'A2c261ff3:131d4ec0b93:-7ff8','NGAS','NGAS/A2c261ff3:131d4ec0b93:-7ffc/A2c261ff3:131d4ec0b93:-7ff8','NGAS-NGAS/A-TAX REVENUE/A2-LOCAL TAXES'),('A-34e92527:131d514840c:-7ff0','account:account','1.0',1992,0,'579','FINES AND PENALTIES - NATIONAL TAXES','NGAS','GLACCOUNT','0.00',3,'A2c261ff3:131d4ec0b93:-7ff9','NGAS','NGAS/A2c261ff3:131d4ec0b93:-7ffc/A2c261ff3:131d4ec0b93:-7ff9','NGAS-NGAS/A-TAX REVENUE/A1-NATIONAL TAXES'),('A-34e92527:131d514840c:-7ff1','account:account','1.0',1992,0,'578','OTHER NATIONAL TAXES','NGAS','GLACCOUNT','0.00',3,'A2c261ff3:131d4ec0b93:-7ff9','NGAS','NGAS/A2c261ff3:131d4ec0b93:-7ffc/A2c261ff3:131d4ec0b93:-7ff9','NGAS-NGAS/A-TAX REVENUE/A1-NATIONAL TAXES'),('A-34e92527:131d514840c:-7ff2','account:account','1.0',1992,0,'568','VALUE ADDED TAX - EXPANDED','NGAS','GLACCOUNT','0.00',3,'A2c261ff3:131d4ec0b93:-7ff9','NGAS','NGAS/A2c261ff3:131d4ec0b93:-7ffc/A2c261ff3:131d4ec0b93:-7ff9','NGAS-NGAS/A-TAX REVENUE/A1-NATIONAL TAXES'),('A-34e92527:131d514840c:-7ff3','account:account','1.0',1992,0,'567','VALUE ADDED TAX','NGAS','GLACCOUNT','0.00',3,'A2c261ff3:131d4ec0b93:-7ff9','NGAS','NGAS/A2c261ff3:131d4ec0b93:-7ffc/A2c261ff3:131d4ec0b93:-7ff9','NGAS-NGAS/A-TAX REVENUE/A1-NATIONAL TAXES'),('A-34e92527:131d514840c:-7ff4','account:account','1.0',1992,0,'566','TAX ON FOREST PRODUCT','NGAS','GLACCOUNT','0.00',3,'A2c261ff3:131d4ec0b93:-7ff9','NGAS','NGAS/A2c261ff3:131d4ec0b93:-7ffc/A2c261ff3:131d4ec0b93:-7ff9','NGAS-NGAS/A-TAX REVENUE/A1-NATIONAL TAXES'),('A-34e92527:131d514840c:-7ff5','account:account','1.0',1992,0,'565','STOCK TRANSFER TAX','NGAS','GLACCOUNT','0.00',3,'A2c261ff3:131d4ec0b93:-7ff9','NGAS','NGAS/A2c261ff3:131d4ec0b93:-7ffc/A2c261ff3:131d4ec0b93:-7ff9','NGAS-NGAS/A-TAX REVENUE/A1-NATIONAL TAXES'),('A-34e92527:131d514840c:-7ff6','account:account','1.0',1992,0,'564','PROFESSIONAL TAX','NGAS','GLACCOUNT','0.00',3,'A2c261ff3:131d4ec0b93:-7ff9','NGAS','NGAS/A2c261ff3:131d4ec0b93:-7ffc/A2c261ff3:131d4ec0b93:-7ff9','NGAS-NGAS/A-TAX REVENUE/A1-NATIONAL TAXES'),('A-34e92527:131d514840c:-7ff7','account:account','1.0',1992,0,'563','INCOME TAX CORPORATION','NGAS','GLACCOUNT','0.00',3,'A2c261ff3:131d4ec0b93:-7ff9','NGAS','NGAS/A2c261ff3:131d4ec0b93:-7ffc/A2c261ff3:131d4ec0b93:-7ff9','NGAS-NGAS/A-TAX REVENUE/A1-NATIONAL TAXES'),('A-34e92527:131d514840c:-7ff8','account:account','1.0',1992,0,'562','INCOME TAX PARTNERSHIPS','NGAS','GLACCOUNT','0.00',3,'A2c261ff3:131d4ec0b93:-7ff9','NGAS','NGAS/A2c261ff3:131d4ec0b93:-7ffc/A2c261ff3:131d4ec0b93:-7ff9','NGAS-NGAS/A-TAX REVENUE/A1-NATIONAL TAXES'),('A-34e92527:131d514840c:-7ff9','account:account','1.0',1992,0,'561','INCOME TAX INDIVIDUALS','NGAS','GLACCOUNT','0.00',3,'A2c261ff3:131d4ec0b93:-7ff9','NGAS','NGAS/A2c261ff3:131d4ec0b93:-7ffc/A2c261ff3:131d4ec0b93:-7ff9','NGAS-NGAS/A-TAX REVENUE/A1-NATIONAL TAXES'),('A-34e92527:131d514840c:-7ffa','account:account','1.0',1992,0,'560','IMPORT DUTIES','NGAS','GLACCOUNT','0.00',3,'A2c261ff3:131d4ec0b93:-7ff9','NGAS','NGAS/A2c261ff3:131d4ec0b93:-7ffc/A2c261ff3:131d4ec0b93:-7ff9','NGAS-NGAS/A-TAX REVENUE/A1-NATIONAL TAXES'),('A-34e92527:131d514840c:-7ffb','account:account','1.0',1992,0,'559','IMMIGRATION TAX','NGAS','GLACCOUNT','0.00',3,'A2c261ff3:131d4ec0b93:-7ff9','NGAS','NGAS/A2c261ff3:131d4ec0b93:-7ffc/A2c261ff3:131d4ec0b93:-7ff9','NGAS-NGAS/A-TAX REVENUE/A1-NATIONAL TAXES'),('A-34e92527:131d514840c:-7ffc','account:account','1.0',1992,0,'558','FRANCHISE TAX','NGAS','GLACCOUNT','0.00',3,'A2c261ff3:131d4ec0b93:-7ff9','NGAS','NGAS/A2c261ff3:131d4ec0b93:-7ffc/A2c261ff3:131d4ec0b93:-7ff9','NGAS-NGAS/A-TAX REVENUE/A1-NATIONAL TAXES'),('A-384c5e2e:131f28590ba:-7ff3','account:account','1.0',1992,NULL,'08','SEF PREVIOUS PENALTY','SRE','GLACCOUNT','0.00',2,'A-384c5e2e:131f28590ba:-7ffc','SRE','SRE/A-384c5e2e:131f28590ba:-7ffc','SRE-SRE/L-REAL PROPERTY TAX'),('A-384c5e2e:131f28590ba:-7ff4','account:account','1.0',1992,NULL,'07','SEF PREVIOUS','SRE','GLACCOUNT','0.00',2,'A-384c5e2e:131f28590ba:-7ffc','SRE','SRE/A-384c5e2e:131f28590ba:-7ffc','SRE-SRE/L-REAL PROPERTY TAX'),('A-384c5e2e:131f28590ba:-7ff5','account:account','1.0',1992,NULL,'06','SEF CURRENT PENALTY','SRE','GLACCOUNT','0.00',2,'A-384c5e2e:131f28590ba:-7ffc','SRE','SRE/A-384c5e2e:131f28590ba:-7ffc','SRE-SRE/L-REAL PROPERTY TAX'),('A-384c5e2e:131f28590ba:-7ff6','account:account','1.0',1992,NULL,'05','SEF CURRENT','SRE','GLACCOUNT','0.00',2,'A-384c5e2e:131f28590ba:-7ffc','SRE','SRE/A-384c5e2e:131f28590ba:-7ffc','SRE-SRE/L-REAL PROPERTY TAX'),('A-384c5e2e:131f28590ba:-7ff7','account:account','1.0',1992,NULL,'04','BASIC PREVIOUS PENALTY','SRE','GLACCOUNT','0.00',2,'A-384c5e2e:131f28590ba:-7ffc','SRE','SRE/A-384c5e2e:131f28590ba:-7ffc','SRE-SRE/L-REAL PROPERTY TAX'),('A-384c5e2e:131f28590ba:-7ff8','account:account','1.0',1992,NULL,'03','BASIC PREVIOUS','SRE','GLACCOUNT','0.00',2,'A-384c5e2e:131f28590ba:-7ffc','SRE','SRE/A-384c5e2e:131f28590ba:-7ffc','SRE-SRE/L-REAL PROPERTY TAX'),('A-384c5e2e:131f28590ba:-7ff9','account:account','1.0',1992,NULL,'02','BASIC CURRENT PENALTY','SRE','GLACCOUNT','0.00',2,'A-384c5e2e:131f28590ba:-7ffc','SRE','SRE/A-384c5e2e:131f28590ba:-7ffc','SRE-SRE/L-REAL PROPERTY TAX'),('A-384c5e2e:131f28590ba:-7ffa','account:account','1.0',1992,NULL,'01','BASIC - CURRENT','SRE','GLACCOUNT','0.00',2,'A-384c5e2e:131f28590ba:-7ffc','SRE','SRE/A-384c5e2e:131f28590ba:-7ffc','SRE-SRE/L-REAL PROPERTY TAX'),('A-384c5e2e:131f28590ba:-7ffc','account:account','1.0',1992,NULL,'L','REAL PROPERTY TAX','SRE','CATEGORY','0.00',1,'SRE','SRE','SRE','SRE-SRE'),('A-97b8ccd:13342dc387f:-7fdc','account:account','1.0',1992,NULL,'651-10','MAYOR\'S PERMIT','SRE','GLACCOUNT','0.00',2,'A52380147:131d8fe3efb:-7ffc','SRE','SRE/A52380147:131d8fe3efb:-7ffc','SRE-SRE/C-REGULATORY FEES (PERMIT AND LICENSES)'),('A-97b8ccd:13342dc387f:-7fe5','account:account','1.0',1992,NULL,'653-2-02','MARRIAGE LICENSE','SRE','SUBACCOUNT','0.00',3,'A52380147:131d8fe3efb:-7fce','SRE','SRE/A52380147:131d8fe3efb:-7ffc/A52380147:131d8fe3efb:-7fce','SRE-SRE/C-REGULATORY FEES (PERMIT AND LICENSES)/653-2-CIVIL REGISTRATION FEES'),('A-97b8ccd:13342dc387f:-7fe7','account:account','1.0',1992,NULL,'653-2-01','MARRIAGE CERTIFICATE','SRE','SUBACCOUNT','0.00',3,'A52380147:131d8fe3efb:-7fce','SRE','SRE/A52380147:131d8fe3efb:-7ffc/A52380147:131d8fe3efb:-7fce','SRE-SRE/C-REGULATORY FEES (PERMIT AND LICENSES)/653-2-CIVIL REGISTRATION FEES'),('A-97b8ccd:13342dc387f:-7feb','account:account','1.0',1992,NULL,'695-01-02','INCOME FROM GAPAN CITY TECHNICAL SCHOOL','SRE','SUBACCOUNT','0.00',3,'A52380147:131d8fe3efb:-7fbb','SRE','SRE/A52380147:131d8fe3efb:-7ffa/A52380147:131d8fe3efb:-7fbb','SRE-SRE/E-ECONOMIC ENTERPRISE/695-01-INCOME FROM SCHOOL OPERATIONS'),('A-97b8ccd:13342dc387f:-7fec','account:account','1.0',1992,NULL,'695-01-01','INCOME FROM NEUST TUITION FEE','SRE','SUBACCOUNT','0.00',3,'A52380147:131d8fe3efb:-7fbb','SRE','SRE/A52380147:131d8fe3efb:-7ffa/A52380147:131d8fe3efb:-7fbb','SRE-SRE/E-ECONOMIC ENTERPRISE/695-01-INCOME FROM SCHOOL OPERATIONS'),('A-97b8ccd:13342dc387f:-7fee','account:account','1.0',1992,NULL,'695-13-02','LOT RENTAL','SRE','SUBACCOUNT','0.00',3,'A52380147:131d8fe3efb:-7faf','SRE','SRE/A52380147:131d8fe3efb:-7ffa/A52380147:131d8fe3efb:-7faf','SRE-SRE/E-ECONOMIC ENTERPRISE/695-13-LEASE/RENTALS OF FACILITIES'),('A-97b8ccd:13342dc387f:-7fef','account:account','1.0',1992,NULL,'695-13-01','GYM RENTAL','SRE','SUBACCOUNT','0.00',3,'A52380147:131d8fe3efb:-7faf','SRE','SRE/A52380147:131d8fe3efb:-7ffa/A52380147:131d8fe3efb:-7faf','SRE-SRE/E-ECONOMIC ENTERPRISE/695-13-LEASE/RENTALS OF FACILITIES'),('A-97b8ccd:13342dc387f:-7ff1','account:account','1.0',1992,NULL,'651-09','BURIAL PERMIT','SRE','GLACCOUNT','0.00',2,'A52380147:131d8fe3efb:-7ffc','SRE','SRE/A52380147:131d8fe3efb:-7ffc','SRE-SRE/C-REGULATORY FEES (PERMIT AND LICENSES)'),('A1b9cc714:135ca045231:-7ff2','account:account','1.0',1992,0,'424','DUE TO OTHER FUNDS','NGAS','GLACCOUNT','0.00',2,'A70cde089:135c686480c:-7ffb','NGAS','NGAS/A70cde089:135c686480c:-7ffb','NGAS-NGAS/Z-NON INCOME'),('A1d9a4e75:131f3e2061c:-7ff4','account:account','1.0',1992,NULL,'09','LGU LAND TAX SHARE','SRE','GLACCOUNT','0.00',2,'A-384c5e2e:131f28590ba:-7ffc','SRE','SRE/A-384c5e2e:131f28590ba:-7ffc','SRE-SRE/L-REAL PROPERTY TAX'),('A21ca2e01:1334672af87:-7fd8','account:account','1.0',1992,NULL,'651-09-03','DISINTERMENT','SRE','SUBACCOUNT','0.00',3,'A-97b8ccd:13342dc387f:-7ff1','SRE','SRE/A52380147:131d8fe3efb:-7ffc/A-97b8ccd:13342dc387f:-7ff1','SRE-SRE/C-REGULATORY FEES (PERMIT AND LICENSES)/651-09-BURIAL PERMIT'),('A21ca2e01:1334672af87:-7fd9','account:account','1.0',1992,NULL,'651-09-02','TRANSFER PERMIT','SRE','SUBACCOUNT','0.00',3,'A-97b8ccd:13342dc387f:-7ff1','SRE','SRE/A52380147:131d8fe3efb:-7ffc/A-97b8ccd:13342dc387f:-7ff1','SRE-SRE/C-REGULATORY FEES (PERMIT AND LICENSES)/651-09-BURIAL PERMIT'),('A21ca2e01:1334672af87:-7fda','account:account','1.0',1992,NULL,'651-09-01','BURIAL PERMIT','SRE','SUBACCOUNT','0.00',3,'A-97b8ccd:13342dc387f:-7ff1','SRE','SRE/A52380147:131d8fe3efb:-7ffc/A-97b8ccd:13342dc387f:-7ff1','SRE-SRE/C-REGULATORY FEES (PERMIT AND LICENSES)/651-09-BURIAL PERMIT'),('A21ca2e01:1334672af87:-7fdd','account:account','1.0',1992,NULL,'670-1','INCOME FROM STL SHARE','SRE','GLACCOUNT','0.00',2,'A52380147:131d8fe3efb:-7ff9','SRE','SRE/A52380147:131d8fe3efb:-7ff9','SRE-SRE/F-OTHER RECEIPTS/INCOME'),('A21ca2e01:1334672af87:-7fe0','account:account','1.0',1992,NULL,'654-3-05','SANITARY PERMIT','SRE','SUBACCOUNT','0.00',3,'A52380147:131d8fe3efb:-7fc8','SRE','SRE/A52380147:131d8fe3efb:-7ffb/A52380147:131d8fe3efb:-7fc8','SRE-SRE/D-SERVICE/USER CHARGES/654-3-HEALTH CERTIFICATE'),('A21ca2e01:1334672af87:-7fe3','account:account','1.0',1992,NULL,'654-3-04','MEDICAL CERTIFICATE FEE','SRE','SUBACCOUNT','0.00',3,'A52380147:131d8fe3efb:-7fc8','SRE','SRE/A52380147:131d8fe3efb:-7ffb/A52380147:131d8fe3efb:-7fc8','SRE-SRE/D-SERVICE/USER CHARGES/654-3-HEALTH CERTIFICATE'),('A21ca2e01:1334672af87:-7fe5','account:account','1.0',1992,NULL,'653-1-03','BRANDING','SRE','SUBACCOUNT','0.00',3,'A52380147:131d8fe3efb:-7fcf','SRE','SRE/A52380147:131d8fe3efb:-7ffc/A52380147:131d8fe3efb:-7fcf','SRE-SRE/C-REGULATORY FEES (PERMIT AND LICENSES)/653-1-CATTLE ANIMAL REGISTRATION FEES'),('A21ca2e01:1334672af87:-7fe7','account:account','1.0',1992,NULL,'653-1-02','LARGE CATTLE REGISTRATION','SRE','SUBACCOUNT','0.00',3,'A52380147:131d8fe3efb:-7fcf','SRE','SRE/A52380147:131d8fe3efb:-7ffc/A52380147:131d8fe3efb:-7fcf','SRE-SRE/C-REGULATORY FEES (PERMIT AND LICENSES)/653-1-CATTLE ANIMAL REGISTRATION FEES'),('A21ca2e01:1334672af87:-7fe9','account:account','1.0',1992,NULL,'653-1-01','LARGE CATTLE TRANSFER','SRE','SUBACCOUNT','0.00',3,'A52380147:131d8fe3efb:-7fcf','SRE','SRE/A52380147:131d8fe3efb:-7ffc/A52380147:131d8fe3efb:-7fcf','SRE-SRE/C-REGULATORY FEES (PERMIT AND LICENSES)/653-1-CATTLE ANIMAL REGISTRATION FEES'),('A21ca2e01:1334672af87:-7fed','account:account','1.0',1992,NULL,'686-02','INSPECTION FEE','SRE','SUBACCOUNT','0.00',3,'A52380147:131d8fe3efb:-7fbd','SRE','SRE/A52380147:131d8fe3efb:-7ffb/A52380147:131d8fe3efb:-7fbd','SRE-SRE/D-SERVICE/USER CHARGES/686-INSPECTION FEES'),('A21ca2e01:1334672af87:-7fee','account:account','1.0',1992,NULL,'686-01','FIRE INSPECTION FEE','SRE','SUBACCOUNT','0.00',3,'A52380147:131d8fe3efb:-7fbd','SRE','SRE/A52380147:131d8fe3efb:-7ffb/A52380147:131d8fe3efb:-7fbd','SRE-SRE/D-SERVICE/USER CHARGES/686-INSPECTION FEES'),('A21ca2e01:1334672af87:-7ff0','account:account','1.0',1992,NULL,'653-3-03','HEALTH AND SANITARY','SRE','SUBACCOUNT','0.00',3,'A52380147:131d8fe3efb:-7fc8','SRE','SRE/A52380147:131d8fe3efb:-7ffb/A52380147:131d8fe3efb:-7fc8','SRE-SRE/D-SERVICE/USER CHARGES/654-3-HEALTH CERTIFICATE'),('A21ca2e01:1334672af87:-7ff3','account:account','1.0',1992,NULL,'653-3-02','INDIVIDUAL HEALTH CERTIFICATE','SRE','SUBACCOUNT','0.00',3,'A52380147:131d8fe3efb:-7fc8','SRE','SRE/A52380147:131d8fe3efb:-7ffb/A52380147:131d8fe3efb:-7fc8','SRE-SRE/D-SERVICE/USER CHARGES/654-3-HEALTH CERTIFICATE'),('A21ca2e01:1334672af87:-7ff5','account:account','1.0',1992,NULL,'653-3-01','HEALTH CARD','SRE','SUBACCOUNT','0.00',3,'A52380147:131d8fe3efb:-7fc8','SRE','SRE/A52380147:131d8fe3efb:-7ffb/A52380147:131d8fe3efb:-7fc8','SRE-SRE/D-SERVICE/USER CHARGES/654-3-HEALTH CERTIFICATE'),('A2c261ff3:131d4ec0b93:-7feb','account:account','1.0',1992,0,'557','FINAL TAX','NGAS','GLACCOUNT','0.00',3,'A2c261ff3:131d4ec0b93:-7ff9','NGAS','NGAS/A2c261ff3:131d4ec0b93:-7ffc/A2c261ff3:131d4ec0b93:-7ff9','NGAS-NGAS/A-TAX REVENUE/A1-NATIONAL TAXES'),('A2c261ff3:131d4ec0b93:-7fec','account:account','1.0',1992,0,'556','EXCISE TAX ON ARTICLES','NGAS','GLACCOUNT','0.00',3,'A2c261ff3:131d4ec0b93:-7ff9','NGAS','NGAS/A2c261ff3:131d4ec0b93:-7ffc/A2c261ff3:131d4ec0b93:-7ff9','NGAS-NGAS/A-TAX REVENUE/A1-NATIONAL TAXES'),('A2c261ff3:131d4ec0b93:-7fed','account:account','1.0',1992,0,'555','ESTATE TAX','NGAS','GLACCOUNT','0.00',3,'A2c261ff3:131d4ec0b93:-7ff9','NGAS','NGAS/A2c261ff3:131d4ec0b93:-7ffc/A2c261ff3:131d4ec0b93:-7ff9','NGAS-NGAS/A-TAX REVENUE/A1-NATIONAL TAXES'),('A2c261ff3:131d4ec0b93:-7fee','account:account','1.0',1992,0,'554','DONORS TAX','NGAS','GLACCOUNT','0.00',3,'A2c261ff3:131d4ec0b93:-7ff9','NGAS','NGAS/A2c261ff3:131d4ec0b93:-7ffc/A2c261ff3:131d4ec0b93:-7ff9','NGAS-NGAS/A-TAX REVENUE/A1-NATIONAL TAXES'),('A2c261ff3:131d4ec0b93:-7fef','account:account','1.0',1992,0,'553','DOCUMENTARY STAMP TAX','NGAS','GLACCOUNT','0.00',3,'A2c261ff3:131d4ec0b93:-7ff9','NGAS','NGAS/A2c261ff3:131d4ec0b93:-7ffc/A2c261ff3:131d4ec0b93:-7ff9','NGAS-NGAS/A-TAX REVENUE/A1-NATIONAL TAXES'),('A2c261ff3:131d4ec0b93:-7ff0','account:account','1.0',1992,0,'552','CAPITAL GAIN TAX','NGAS','GLACCOUNT','0.00',3,'A2c261ff3:131d4ec0b93:-7ff9','NGAS','NGAS/A2c261ff3:131d4ec0b93:-7ffc/A2c261ff3:131d4ec0b93:-7ff9','NGAS-NGAS/A-TAX REVENUE/A1-NATIONAL TAXES'),('A2c261ff3:131d4ec0b93:-7ff1','account:account','1.0',1992,0,'551','BUSINESS TAX (NATIONAL)','NGAS','GLACCOUNT','0.00',3,'A2c261ff3:131d4ec0b93:-7ff9','NGAS','NGAS/A2c261ff3:131d4ec0b93:-7ffc/A2c261ff3:131d4ec0b93:-7ff9','NGAS-NGAS/A-TAX REVENUE/A1-NATIONAL TAXES'),('A2c261ff3:131d4ec0b93:-7ff2','account:account','1.0',1992,0,'B5','OTHER INCOME','NGAS','CATEGORY','0.00',2,'A2c261ff3:131d4ec0b93:-7ffb','NGAS','NGAS/A2c261ff3:131d4ec0b93:-7ffb','NGAS-NGAS/B-GENERAL INCOME'),('A2c261ff3:131d4ec0b93:-7ff3','account:account','1.0',1992,0,'B4','SUBSIDY INCOME','NGAS','CATEGORY','0.00',2,'A2c261ff3:131d4ec0b93:-7ffb','NGAS','NGAS/A2c261ff3:131d4ec0b93:-7ffb','NGAS-NGAS/B-GENERAL INCOME'),('A2c261ff3:131d4ec0b93:-7ff4','account:account','1.0',1992,0,'B3','BUSINESS INCOME','NGAS','CATEGORY','0.00',2,'A2c261ff3:131d4ec0b93:-7ffb','NGAS','NGAS/A2c261ff3:131d4ec0b93:-7ffb','NGAS-NGAS/B-GENERAL INCOME'),('A2c261ff3:131d4ec0b93:-7ff5','account:account','1.0',1992,0,'B2','SERVICE INCOME','NGAS','CATEGORY','0.00',2,'A2c261ff3:131d4ec0b93:-7ffb','NGAS','NGAS/A2c261ff3:131d4ec0b93:-7ffb','NGAS-NGAS/B-GENERAL INCOME'),('A2c261ff3:131d4ec0b93:-7ff6','account:account','1.0',1992,0,'B1','PERMITS AND LICENSES','NGAS','CATEGORY','0.00',2,'A2c261ff3:131d4ec0b93:-7ffb','NGAS','NGAS/A2c261ff3:131d4ec0b93:-7ffb','NGAS-NGAS/B-GENERAL INCOME'),('A2c261ff3:131d4ec0b93:-7ff8','account:account','1.0',1992,0,'A2','LOCAL TAXES','NGAS','CATEGORY','0.00',2,'A2c261ff3:131d4ec0b93:-7ffc','NGAS','NGAS/A2c261ff3:131d4ec0b93:-7ffc','NGAS-NGAS/A-TAX REVENUE'),('A2c261ff3:131d4ec0b93:-7ff9','account:account','1.0',1992,0,'A1','NATIONAL TAXES','NGAS','CATEGORY','0.00',2,'A2c261ff3:131d4ec0b93:-7ffc','NGAS','NGAS/A2c261ff3:131d4ec0b93:-7ffc','NGAS-NGAS/A-TAX REVENUE'),('A2c261ff3:131d4ec0b93:-7ffb','account:account','1.0',1992,0,'B','GENERAL INCOME','NGAS','CATEGORY','0.00',1,'NGAS','NGAS','NGAS','NGAS-NGAS'),('A2c261ff3:131d4ec0b93:-7ffc','account:account','1.0',1992,0,'A','TAX REVENUE','NGAS','CATEGORY','0.00',1,'NGAS','NGAS','NGAS','NGAS-NGAS'),('A52380147:131d8fe3efb:-7f8b','account:account','1.0',1992,NULL,'006','BONDS FLOTATION','SRE','GLACCOUNT','0.00',2,'A52380147:131d8fe3efb:-7ff4','SRE','SRE/A52380147:131d8fe3efb:-7ff4','SRE-SRE/K-LOANS AND BORROWINGS'),('A52380147:131d8fe3efb:-7f8c','account:account','1.0',1992,NULL,'005','LOANS - DOMESTIC','SRE','GLACCOUNT','0.00',2,'A52380147:131d8fe3efb:-7ff4','SRE','SRE/A52380147:131d8fe3efb:-7ff4','SRE-SRE/K-LOANS AND BORROWINGS'),('A52380147:131d8fe3efb:-7f8d','account:account','1.0',1992,NULL,'004','LOANS -FOREIGN','SRE','GLACCOUNT','0.00',2,'A52380147:131d8fe3efb:-7ff4','SRE','SRE/A52380147:131d8fe3efb:-7ff4','SRE-SRE/K-LOANS AND BORROWINGS'),('A52380147:131d8fe3efb:-7f8f','account:account','1.0',1992,NULL,'003','COLLECTION OF RECEIVABLES','SRE','GLACCOUNT','0.00',2,'A52380147:131d8fe3efb:-7ff5','SRE','SRE/A52380147:131d8fe3efb:-7ff5','SRE-SRE/J-CAPITAL INVESTMENT RECEIPTS'),('A52380147:131d8fe3efb:-7f90','account:account','1.0',1992,NULL,'002','PROCEEDS FROM SALE OF DEBT SECURITIES','SRE','GLACCOUNT','0.00',2,'A52380147:131d8fe3efb:-7ff5','SRE','SRE/A52380147:131d8fe3efb:-7ff5','SRE-SRE/J-CAPITAL INVESTMENT RECEIPTS'),('A52380147:131d8fe3efb:-7f91','account:account','1.0',1992,NULL,'001','PROCEEDS FROM SALE OF ASSETS','SRE','GLACCOUNT','0.00',2,'A52380147:131d8fe3efb:-7ff5','SRE','SRE/A52380147:131d8fe3efb:-7ff5','SRE-SRE/J-CAPITAL INVESTMENT RECEIPTS'),('A52380147:131d8fe3efb:-7f93','account:account','1.0',1992,NULL,'748','SUBSIDY FROM OTHER FUNDS','SRE','GLACCOUNT','0.00',2,'A52380147:131d8fe3efb:-7ff6','SRE','SRE/A52380147:131d8fe3efb:-7ff6','SRE-SRE/I-INTER LOCAL TRANSFER'),('A52380147:131d8fe3efb:-7f94','account:account','1.0',1992,NULL,'746','SUBSIDY FROM LGU\'S','SRE','GLACCOUNT','0.00',2,'A52380147:131d8fe3efb:-7ff6','SRE','SRE/A52380147:131d8fe3efb:-7ff6','SRE-SRE/I-INTER LOCAL TRANSFER'),('A52380147:131d8fe3efb:-7f96','account:account','1.0',1992,NULL,'735','PREMIUM ON BOND PAYABLES','SRE','GLACCOUNT','0.00',2,'A52380147:131d8fe3efb:-7ff7','SRE','SRE/A52380147:131d8fe3efb:-7ff7','SRE-SRE/H-EXTRAORDINARY RECEIPTS/GRANTS/DONATIONS'),('A52380147:131d8fe3efb:-7f97','account:account','1.0',1992,NULL,'734','GAIN ON SALE OF INVESTMENT','SRE','GLACCOUNT','0.00',2,'A52380147:131d8fe3efb:-7ff7','SRE','SRE/A52380147:131d8fe3efb:-7ff7','SRE-SRE/H-EXTRAORDINARY RECEIPTS/GRANTS/DONATIONS'),('A52380147:131d8fe3efb:-7f98','account:account','1.0',1992,NULL,'733','GAIN ON SALE OF ASSETS','SRE','GLACCOUNT','0.00',2,'A52380147:131d8fe3efb:-7ff7','SRE','SRE/A52380147:131d8fe3efb:-7ff7','SRE-SRE/H-EXTRAORDINARY RECEIPTS/GRANTS/DONATIONS'),('A52380147:131d8fe3efb:-7f99','account:account','1.0',1992,NULL,'731','GAIN ON FOREX','SRE','GLACCOUNT','0.00',2,'A52380147:131d8fe3efb:-7ff7','SRE','SRE/A52380147:131d8fe3efb:-7ff7','SRE-SRE/H-EXTRAORDINARY RECEIPTS/GRANTS/DONATIONS'),('A52380147:131d8fe3efb:-7f9a','account:account','1.0',1992,NULL,'747','SUBSIDY FROM GOCC\'S','SRE','GLACCOUNT','0.00',2,'A52380147:131d8fe3efb:-7ff7','SRE','SRE/A52380147:131d8fe3efb:-7ff7','SRE-SRE/H-EXTRAORDINARY RECEIPTS/GRANTS/DONATIONS'),('A52380147:131d8fe3efb:-7f9b','account:account','1.0',1992,NULL,'749','OTHER SUBSIDY INCOME','SRE','GLACCOUNT','0.00',2,'A52380147:131d8fe3efb:-7ff7','SRE','SRE/A52380147:131d8fe3efb:-7ff7','SRE-SRE/H-EXTRAORDINARY RECEIPTS/GRANTS/DONATIONS'),('A52380147:131d8fe3efb:-7f9c','account:account','1.0',1992,NULL,'751-2','GRANTS AND DONATION DOMESTIC','SRE','GLACCOUNT','0.00',2,'A52380147:131d8fe3efb:-7ff7','SRE','SRE/A52380147:131d8fe3efb:-7ff7','SRE-SRE/H-EXTRAORDINARY RECEIPTS/GRANTS/DONATIONS'),('A52380147:131d8fe3efb:-7f9d','account:account','1.0',1992,NULL,'751-1','GRANTS AND DONATION FOREIGN','SRE','GLACCOUNT','0.00',2,'A52380147:131d8fe3efb:-7ff7','SRE','SRE/A52380147:131d8fe3efb:-7ff7','SRE-SRE/H-EXTRAORDINARY RECEIPTS/GRANTS/DONATIONS'),('A52380147:131d8fe3efb:-7f9f','account:account','1.0',1992,NULL,'756','SHARES FROM TOBACCO EXCISE TAX','SRE','GLACCOUNT','0.00',2,'A52380147:131d8fe3efb:-7ff8','SRE','SRE/A52380147:131d8fe3efb:-7ff8','SRE-SRE/G-SHARES FROM NATIONAL TAX COLLECTION'),('A52380147:131d8fe3efb:-7fa0','account:account','1.0',1992,NULL,'755','SHARES FROM PAGCOR/PCSO/LOTTO','SRE','GLACCOUNT','0.00',2,'A52380147:131d8fe3efb:-7ff8','SRE','SRE/A52380147:131d8fe3efb:-7ff8','SRE-SRE/G-SHARES FROM NATIONAL TAX COLLECTION'),('A52380147:131d8fe3efb:-7fa1','account:account','1.0',1992,NULL,'754','SHARES FROM NATIONAL WEALTH','SRE','GLACCOUNT','0.00',2,'A52380147:131d8fe3efb:-7ff8','SRE','SRE/A52380147:131d8fe3efb:-7ff8','SRE-SRE/G-SHARES FROM NATIONAL TAX COLLECTION'),('A52380147:131d8fe3efb:-7fa2','account:account','1.0',1992,NULL,'753','SHARES FROM EVAT','SRE','GLACCOUNT','0.00',2,'A52380147:131d8fe3efb:-7ff8','SRE','SRE/A52380147:131d8fe3efb:-7ff8','SRE-SRE/G-SHARES FROM NATIONAL TAX COLLECTION'),('A52380147:131d8fe3efb:-7fa3','account:account','1.0',1992,NULL,'752','SHARES FROM ECONOMIC ZONE','SRE','GLACCOUNT','0.00',2,'A52380147:131d8fe3efb:-7ff8','SRE','SRE/A52380147:131d8fe3efb:-7ff8','SRE-SRE/G-SHARES FROM NATIONAL TAX COLLECTION'),('A52380147:131d8fe3efb:-7fa4','account:account','1.0',1992,NULL,'641-2','IRA - PRIOR YEAR','SRE','GLACCOUNT','0.00',2,'A52380147:131d8fe3efb:-7ff8','SRE','SRE/A52380147:131d8fe3efb:-7ff8','SRE-SRE/G-SHARES FROM NATIONAL TAX COLLECTION'),('A52380147:131d8fe3efb:-7fa5','account:account','1.0',1992,NULL,'641-1','IRA-CURRENT YEAR','SRE','GLACCOUNT','0.00',2,'A52380147:131d8fe3efb:-7ff8','SRE','SRE/A52380147:131d8fe3efb:-7ff8','SRE-SRE/G-SHARES FROM NATIONAL TAX COLLECTION'),('A52380147:131d8fe3efb:-7fa7','account:account','1.0',1992,NULL,'728-3','MISC. OTHERS','SRE','GLACCOUNT','0.00',2,'A52380147:131d8fe3efb:-7ff9','SRE','SRE/A52380147:131d8fe3efb:-7ff9','SRE-SRE/F-OTHER RECEIPTS/INCOME'),('A52380147:131d8fe3efb:-7fa8','account:account','1.0',1992,NULL,'728-2','MISC. SALE OF CONFISCATED/ABANDONED/SEIZED GOODS ASSETS','SRE','GLACCOUNT','0.00',2,'A52380147:131d8fe3efb:-7ff9','SRE','SRE/A52380147:131d8fe3efb:-7ff9','SRE-SRE/F-OTHER RECEIPTS/INCOME'),('A52380147:131d8fe3efb:-7fa9','account:account','1.0',1992,NULL,'728-1','MISC. REBATES ON MMDA (METRO MANILA ONLU)','SRE','GLACCOUNT','0.00',2,'A52380147:131d8fe3efb:-7ff9','SRE','SRE/A52380147:131d8fe3efb:-7ff9','SRE-SRE/F-OTHER RECEIPTS/INCOME'),('A52380147:131d8fe3efb:-7faa','account:account','1.0',1992,NULL,'698','DIVIDEND INCOME','SRE','GLACCOUNT','0.00',2,'A52380147:131d8fe3efb:-7ff9','SRE','SRE/A52380147:131d8fe3efb:-7ff9','SRE-SRE/F-OTHER RECEIPTS/INCOME'),('A52380147:131d8fe3efb:-7fab','account:account','1.0',1992,NULL,'697','INTEREST INCOME','SRE','GLACCOUNT','0.00',2,'A52380147:131d8fe3efb:-7ff9','SRE','SRE/A52380147:131d8fe3efb:-7ff9','SRE-SRE/F-OTHER RECEIPTS/INCOME'),('A52380147:131d8fe3efb:-7fac','account:account','1.0',1992,NULL,'695-16','FINES AND PENALTIES ECONOMIC ENNTERPRISE','SRE','GLACCOUNT','0.00',2,'A52380147:131d8fe3efb:-7ffa','SRE','SRE/A52380147:131d8fe3efb:-7ffa','SRE-SRE/E-ECONOMIC ENTERPRISE'),('A52380147:131d8fe3efb:-7fad','account:account','1.0',1992,NULL,'695-15','OTHER ECONOMIC ENTERPRISE','SRE','GLACCOUNT','0.00',2,'A52380147:131d8fe3efb:-7ffa','SRE','SRE/A52380147:131d8fe3efb:-7ffa','SRE-SRE/E-ECONOMIC ENTERPRISE'),('A52380147:131d8fe3efb:-7fae','account:account','1.0',1992,NULL,'695-14','INCOME FROM TRADING BUSINESS','SRE','GLACCOUNT','0.00',2,'A52380147:131d8fe3efb:-7ffa','SRE','SRE/A52380147:131d8fe3efb:-7ffa','SRE-SRE/E-ECONOMIC ENTERPRISE'),('A52380147:131d8fe3efb:-7faf','account:account','1.0',1992,NULL,'695-13','LEASE/RENTALS OF FACILITIES','SRE','GLACCOUNT','0.00',2,'A52380147:131d8fe3efb:-7ffa','SRE','SRE/A52380147:131d8fe3efb:-7ffa','SRE-SRE/E-ECONOMIC ENTERPRISE'),('A52380147:131d8fe3efb:-7fb0','account:account','1.0',1992,NULL,'695-12','PRINTING AND PUBLICATION OPERATIONS','SRE','GLACCOUNT','0.00',2,'A52380147:131d8fe3efb:-7ffa','SRE','SRE/A52380147:131d8fe3efb:-7ffa','SRE-SRE/E-ECONOMIC ENTERPRISE'),('A52380147:131d8fe3efb:-7fb1','account:account','1.0',1992,NULL,'695-11','INCOME FROM WATERWORKS OPERATIONS','SRE','GLACCOUNT','0.00',2,'A52380147:131d8fe3efb:-7ffa','SRE','SRE/A52380147:131d8fe3efb:-7ffa','SRE-SRE/E-ECONOMIC ENTERPRISE'),('A52380147:131d8fe3efb:-7fb2','account:account','1.0',1992,NULL,'695-10','INCOME FROM TRANSPORTATION OPERATIONS','SRE','GLACCOUNT','0.00',2,'A52380147:131d8fe3efb:-7ffa','SRE','SRE/A52380147:131d8fe3efb:-7ffa','SRE-SRE/E-ECONOMIC ENTERPRISE'),('A52380147:131d8fe3efb:-7fb3','account:account','1.0',1992,NULL,'695-09','INCOME FROM SLAUGHTERHOUSE OPERATIONS','SRE','GLACCOUNT','0.00',2,'A52380147:131d8fe3efb:-7ffa','SRE','SRE/A52380147:131d8fe3efb:-7ffa','SRE-SRE/E-ECONOMIC ENTERPRISE'),('A52380147:131d8fe3efb:-7fb4','account:account','1.0',1992,NULL,'695-08','INCOME FROM MARKET OPERATIONS','SRE','GLACCOUNT','0.00',2,'A52380147:131d8fe3efb:-7ffa','SRE','SRE/A52380147:131d8fe3efb:-7ffa','SRE-SRE/E-ECONOMIC ENTERPRISE'),('A52380147:131d8fe3efb:-7fb5','account:account','1.0',1992,NULL,'695-07','INCOME FROM DORMITORY OPERATIONS','SRE','GLACCOUNT','0.00',2,'A52380147:131d8fe3efb:-7ffa','SRE','SRE/A52380147:131d8fe3efb:-7ffa','SRE-SRE/E-ECONOMIC ENTERPRISE'),('A52380147:131d8fe3efb:-7fb6','account:account','1.0',1992,NULL,'695-06','INCOME FROM COMMUNICATION OPERATIONS','SRE','GLACCOUNT','0.00',2,'A52380147:131d8fe3efb:-7ffa','SRE','SRE/A52380147:131d8fe3efb:-7ffa','SRE-SRE/E-ECONOMIC ENTERPRISE'),('A52380147:131d8fe3efb:-7fb7','account:account','1.0',1992,NULL,'695-05','INCOME FROM CEMETERY OPERATIONS','SRE','GLACCOUNT','0.00',2,'A52380147:131d8fe3efb:-7ffa','SRE','SRE/A52380147:131d8fe3efb:-7ffa','SRE-SRE/E-ECONOMIC ENTERPRISE'),('A52380147:131d8fe3efb:-7fb8','account:account','1.0',1992,NULL,'695-04','INCOME FROM CANTEEN RESTAURANT OPERATION','SRE','GLACCOUNT','0.00',2,'A52380147:131d8fe3efb:-7ffa','SRE','SRE/A52380147:131d8fe3efb:-7ffa','SRE-SRE/E-ECONOMIC ENTERPRISE'),('A52380147:131d8fe3efb:-7fb9','account:account','1.0',1992,NULL,'695-03','INCOME FROM HOSPITAL OPERATION','SRE','GLACCOUNT','0.00',2,'A52380147:131d8fe3efb:-7ffa','SRE','SRE/A52380147:131d8fe3efb:-7ffa','SRE-SRE/E-ECONOMIC ENTERPRISE'),('A52380147:131d8fe3efb:-7fba','account:account','1.0',1992,NULL,'695-02','INCOME FROM POWER GENERATION, DISTRIBUTION','SRE','GLACCOUNT','0.00',2,'A52380147:131d8fe3efb:-7ffa','SRE','SRE/A52380147:131d8fe3efb:-7ffa','SRE-SRE/E-ECONOMIC ENTERPRISE'),('A52380147:131d8fe3efb:-7fbb','account:account','1.0',1992,NULL,'695-01','INCOME FROM SCHOOL OPERATIONS','SRE','GLACCOUNT','0.00',2,'A52380147:131d8fe3efb:-7ffa','SRE','SRE/A52380147:131d8fe3efb:-7ffa','SRE-SRE/E-ECONOMIC ENTERPRISE'),('A52380147:131d8fe3efb:-7fbc','account:account','1.0',1992,NULL,'689','PRINTING AND PUBLICATION FEES','SRE','GLACCOUNT','0.00',2,'A52380147:131d8fe3efb:-7ffb','SRE','SRE/A52380147:131d8fe3efb:-7ffb','SRE-SRE/D-SERVICE/USER CHARGES'),('A52380147:131d8fe3efb:-7fbd','account:account','1.0',1992,NULL,'686','INSPECTION FEES','SRE','GLACCOUNT','0.00',2,'A52380147:131d8fe3efb:-7ffb','SRE','SRE/A52380147:131d8fe3efb:-7ffb','SRE-SRE/D-SERVICE/USER CHARGES'),('A52380147:131d8fe3efb:-7fbe','account:account','1.0',1992,NULL,'684','MEDICAL, DENTAL & LABORATORY FEES','SRE','GLACCOUNT','0.00',2,'A52380147:131d8fe3efb:-7ffb','SRE','SRE/A52380147:131d8fe3efb:-7ffb','SRE-SRE/D-SERVICE/USER CHARGES'),('A52380147:131d8fe3efb:-7fbf','account:account','1.0',1992,NULL,'683','HOSPITAL FEES','SRE','GLACCOUNT','0.00',2,'A52380147:131d8fe3efb:-7ffb','SRE','SRE/A52380147:131d8fe3efb:-7ffb','SRE-SRE/D-SERVICE/USER CHARGES'),('A52380147:131d8fe3efb:-7fc0','account:account','1.0',1992,NULL,'679','PARKING AND TERMINAL FEES','SRE','GLACCOUNT','0.00',2,'A52380147:131d8fe3efb:-7ffb','SRE','SRE/A52380147:131d8fe3efb:-7ffb','SRE-SRE/D-SERVICE/USER CHARGES'),('A52380147:131d8fe3efb:-7fc1','account:account','1.0',1992,NULL,'678','LANDING AND AERONAUTICAL FEES','SRE','GLACCOUNT','0.00',2,'A52380147:131d8fe3efb:-7ffb','SRE','SRE/A52380147:131d8fe3efb:-7ffb','SRE-SRE/D-SERVICE/USER CHARGES'),('A52380147:131d8fe3efb:-7fc2','account:account','1.0',1992,NULL,'729','FINES AND PENALTIES SERVICE INCOME (BUSINESS INCOME)','SRE','GLACCOUNT','0.00',2,'A52380147:131d8fe3efb:-7ffb','SRE','SRE/A52380147:131d8fe3efb:-7ffb','SRE-SRE/D-SERVICE/USER CHARGES'),('A52380147:131d8fe3efb:-7fc3','account:account','1.0',1992,NULL,'658-4','OTHER SERVICE/USER CHARGES','SRE','GLACCOUNT','0.00',2,'A52380147:131d8fe3efb:-7ffb','SRE','SRE/A52380147:131d8fe3efb:-7ffb','SRE-SRE/D-SERVICE/USER CHARGES'),('A52380147:131d8fe3efb:-7fc4','account:account','1.0',1992,NULL,'658-3','TOLL FEES (BID FORMS)','SRE','GLACCOUNT','0.00',2,'A52380147:131d8fe3efb:-7ffb','SRE','SRE/A52380147:131d8fe3efb:-7ffb','SRE-SRE/D-SERVICE/USER CHARGES'),('A52380147:131d8fe3efb:-7fc5','account:account','1.0',1992,NULL,'658-2','PAYMENT OF TULI, MEDICAL SERVICES)','SRE','GLACCOUNT','0.00',2,'A52380147:131d8fe3efb:-7ffb','SRE','SRE/A52380147:131d8fe3efb:-7ffb','SRE-SRE/D-SERVICE/USER CHARGES'),('A52380147:131d8fe3efb:-7fc6','account:account','1.0',1992,NULL,'658-1','GARBAGE FEES','SRE','GLACCOUNT','0.00',2,'A52380147:131d8fe3efb:-7ffb','SRE','SRE/A52380147:131d8fe3efb:-7ffb','SRE-SRE/D-SERVICE/USER CHARGES'),('A52380147:131d8fe3efb:-7fc7','account:account','1.0',1992,NULL,'654-4','OTHER CLEARANCE AND CERTIFICATIONS','SRE','GLACCOUNT','0.00',2,'A52380147:131d8fe3efb:-7ffb','SRE','SRE/A52380147:131d8fe3efb:-7ffb','SRE-SRE/D-SERVICE/USER CHARGES'),('A52380147:131d8fe3efb:-7fc8','account:account','1.0',1992,NULL,'654-3','HEALTH CERTIFICATE','SRE','GLACCOUNT','0.00',2,'A52380147:131d8fe3efb:-7ffb','SRE','SRE/A52380147:131d8fe3efb:-7ffb','SRE-SRE/D-SERVICE/USER CHARGES'),('A52380147:131d8fe3efb:-7fc9','account:account','1.0',1992,NULL,'654-2','SECRETARY\'S FEES','SRE','GLACCOUNT','0.00',2,'A52380147:131d8fe3efb:-7ffb','SRE','SRE/A52380147:131d8fe3efb:-7ffb','SRE-SRE/D-SERVICE/USER CHARGES'),('A52380147:131d8fe3efb:-7fca','account:account','1.0',1992,NULL,'654-1','POLICE CLEARANCE FEES','SRE','GLACCOUNT','0.00',2,'A52380147:131d8fe3efb:-7ffb','SRE','SRE/A52380147:131d8fe3efb:-7ffb','SRE-SRE/D-SERVICE/USER CHARGES'),('A52380147:131d8fe3efb:-7fcc','account:account','1.0',1992,NULL,'659','FINES AND PENALTIES - PERMIT AND LICENSES','SRE','GLACCOUNT','0.00',2,'A52380147:131d8fe3efb:-7ffc','SRE','SRE/A52380147:131d8fe3efb:-7ffc','SRE-SRE/C-REGULATORY FEES (PERMIT AND LICENSES)'),('A52380147:131d8fe3efb:-7fcd','account:account','1.0',1992,NULL,'685','MARKET AND SLAUGHTERHOUSE FEES','SRE','GLACCOUNT','0.00',2,'A52380147:131d8fe3efb:-7ffc','SRE','SRE/A52380147:131d8fe3efb:-7ffc','SRE-SRE/C-REGULATORY FEES (PERMIT AND LICENSES)'),('A52380147:131d8fe3efb:-7fce','account:account','1.0',1992,NULL,'653-2','CIVIL REGISTRATION FEES','SRE','GLACCOUNT','0.00',2,'A52380147:131d8fe3efb:-7ffc','SRE','SRE/A52380147:131d8fe3efb:-7ffc','SRE-SRE/C-REGULATORY FEES (PERMIT AND LICENSES)'),('A52380147:131d8fe3efb:-7fcf','account:account','1.0',1992,NULL,'653-1','CATTLE ANIMAL REGISTRATION FEES','SRE','GLACCOUNT','0.00',2,'A52380147:131d8fe3efb:-7ffc','SRE','SRE/A52380147:131d8fe3efb:-7ffc','SRE-SRE/C-REGULATORY FEES (PERMIT AND LICENSES)'),('A52380147:131d8fe3efb:-7fd0','account:account','1.0',1992,NULL,'652-09','OTHER PERMIT AND LICENSES','SRE','GLACCOUNT','0.00',2,'A52380147:131d8fe3efb:-7ffc','SRE','SRE/A52380147:131d8fe3efb:-7ffc','SRE-SRE/C-REGULATORY FEES (PERMIT AND LICENSES)'),('A52380147:131d8fe3efb:-7fd1','account:account','1.0',1992,NULL,'651-08','OCCUPATIONAL FEES','SRE','GLACCOUNT','0.00',2,'A52380147:131d8fe3efb:-7ffc','SRE','SRE/A52380147:131d8fe3efb:-7ffc','SRE-SRE/C-REGULATORY FEES (PERMIT AND LICENSES)'),('A52380147:131d8fe3efb:-7fd2','account:account','1.0',1992,NULL,'651-07','TRICYCLE OPERATORS PERMIT FEES','SRE','GLACCOUNT','0.00',2,'A52380147:131d8fe3efb:-7ffc','SRE','SRE/A52380147:131d8fe3efb:-7ffc','SRE-SRE/C-REGULATORY FEES (PERMIT AND LICENSES)'),('A52380147:131d8fe3efb:-7fd3','account:account','1.0',1992,NULL,'651-06','ZONAL/LOCATIONAL PERMIT FEES','SRE','GLACCOUNT','0.00',2,'A52380147:131d8fe3efb:-7ffc','SRE','SRE/A52380147:131d8fe3efb:-7ffc','SRE-SRE/C-REGULATORY FEES (PERMIT AND LICENSES)'),('A52380147:131d8fe3efb:-7fd4','account:account','1.0',1992,NULL,'651-05','BUILDING PERMIT FEES','SRE','GLACCOUNT','0.00',2,'A52380147:131d8fe3efb:-7ffc','SRE','SRE/A52380147:131d8fe3efb:-7ffc','SRE-SRE/C-REGULATORY FEES (PERMIT AND LICENSES)'),('A52380147:131d8fe3efb:-7fd5','account:account','1.0',1992,NULL,'651-04','BUSINESS PERMIT FEES','SRE','GLACCOUNT','0.00',2,'A52380147:131d8fe3efb:-7ffc','SRE','SRE/A52380147:131d8fe3efb:-7ffc','SRE-SRE/C-REGULATORY FEES (PERMIT AND LICENSES)'),('A52380147:131d8fe3efb:-7fd6','account:account','1.0',1992,NULL,'651-03','FRANCHISING AND LICENSING FEES','SRE','GLACCOUNT','0.00',2,'A52380147:131d8fe3efb:-7ffc','SRE','SRE/A52380147:131d8fe3efb:-7ffc','SRE-SRE/C-REGULATORY FEES (PERMIT AND LICENSES)'),('A52380147:131d8fe3efb:-7fd7','account:account','1.0',1992,NULL,'651-02','FISHERY RENTAL AND PRIVILEDGE FEES','SRE','GLACCOUNT','0.00',2,'A52380147:131d8fe3efb:-7ffc','SRE','SRE/A52380147:131d8fe3efb:-7ffc','SRE-SRE/C-REGULATORY FEES (PERMIT AND LICENSES)'),('A52380147:131d8fe3efb:-7fd9','account:account','1.0',1992,NULL,'651-01','FEES ON WEIGHTS AND MEASURES','SRE','GLACCOUNT','0.00',2,'A52380147:131d8fe3efb:-7ffc','SRE','SRE/A52380147:131d8fe3efb:-7ffc','SRE-SRE/C-REGULATORY FEES (PERMIT AND LICENSES)'),('A52380147:131d8fe3efb:-7fdb','account:account','1.0',1992,NULL,'639-8','FINES AND PENALTIES - OTHER TAXES','SRE','GLACCOUNT','0.00',2,'A52380147:131d8fe3efb:-7ffd','SRE','SRE/A52380147:131d8fe3efb:-7ffd','SRE-SRE/B-OTHER TAXES'),('A52380147:131d8fe3efb:-7fdc','account:account','1.0',1992,NULL,'638','OTHER TAXES','SRE','GLACCOUNT','0.00',2,'A52380147:131d8fe3efb:-7ffd','SRE','SRE/A52380147:131d8fe3efb:-7ffd','SRE-SRE/B-OTHER TAXES'),('A52380147:131d8fe3efb:-7fdd','account:account','1.0',1992,NULL,'606','PROPERTY TRANSFER TAX','SRE','GLACCOUNT','0.00',2,'A52380147:131d8fe3efb:-7ffd','SRE','SRE/A52380147:131d8fe3efb:-7ffd','SRE-SRE/B-OTHER TAXES'),('A52380147:131d8fe3efb:-7fde','account:account','1.0',1992,NULL,'623','PROFESSIONAL TAX','SRE','GLACCOUNT','0.00',2,'A52380147:131d8fe3efb:-7ffd','SRE','SRE/A52380147:131d8fe3efb:-7ffd','SRE-SRE/B-OTHER TAXES'),('A52380147:131d8fe3efb:-7fdf','account:account','1.0',1992,NULL,'624-2','COMMUNITY TAX INDIVIDUAL','SRE','GLACCOUNT','0.00',2,'A52380147:131d8fe3efb:-7ffd','SRE','SRE/A52380147:131d8fe3efb:-7ffd','SRE-SRE/B-OTHER TAXES'),('A52380147:131d8fe3efb:-7fe2','account:account','1.0',1992,NULL,'639-7','FINES AND PENALTIES - BUSINESS TAX','SRE','GLACCOUNT','0.00',2,'A52380147:131d8fe3efb:-7ffe','SRE','SRE/A52380147:131d8fe3efb:-7ffe','SRE-SRE/A-TAX ON BUSINESS'),('A52380147:131d8fe3efb:-7fe3','account:account','1.0',1992,NULL,'619-1','TAX ON GRAVEL AND SAND AND OTHER QUARRY RESOURCES (NET SHARE OF THE PROVINCE AND BARANGAY)','SRE','GLACCOUNT','0.00',2,'A52380147:131d8fe3efb:-7ffe','SRE','SRE/A52380147:131d8fe3efb:-7ffe','SRE-SRE/A-TAX ON BUSINESS'),('A52380147:131d8fe3efb:-7fe4','account:account','1.0',1992,NULL,'619','TAX ON GRAVEL AND SAND AND OTHER QUARRY RESOURCES (NET SHARE OF THE MUNICIPALITY)','SRE','GLACCOUNT','0.00',2,'A52380147:131d8fe3efb:-7ffe','SRE','SRE/A52380147:131d8fe3efb:-7ffe','SRE-SRE/A-TAX ON BUSINESS'),('A52380147:131d8fe3efb:-7fe5','account:account','1.0',1992,NULL,'652','MOTOR VEHICLE USERS TAX (DELIVERY TRUCKS AND VANS)','SRE','GLACCOUNT','0.00',2,'A52380147:131d8fe3efb:-7ffe','SRE','SRE/A52380147:131d8fe3efb:-7ffe','SRE-SRE/A-TAX ON BUSINESS'),('A52380147:131d8fe3efb:-7fe6','account:account','1.0',1992,NULL,'614','FRANCHISE TAX','SRE','GLACCOUNT','0.00',2,'A52380147:131d8fe3efb:-7ffe','SRE','SRE/A52380147:131d8fe3efb:-7ffe','SRE-SRE/A-TAX ON BUSINESS'),('A52380147:131d8fe3efb:-7fe7','account:account','1.0',1992,NULL,'610-10','OTHER BUSINESS','SRE','GLACCOUNT','0.00',2,'A52380147:131d8fe3efb:-7ffe','SRE','SRE/A52380147:131d8fe3efb:-7ffe','SRE-SRE/A-TAX ON BUSINESS'),('A52380147:131d8fe3efb:-7fe8','account:account','1.0',1992,NULL,'610-09','PRINTING AND PUBLICATION TAX','SRE','GLACCOUNT','0.00',2,'A52380147:131d8fe3efb:-7ffe','SRE','SRE/A52380147:131d8fe3efb:-7ffe','SRE-SRE/A-TAX ON BUSINESS'),('A52380147:131d8fe3efb:-7fe9','account:account','1.0',1992,NULL,'610-08','AMUSEMENT PLACE','SRE','GLACCOUNT','0.00',2,'A52380147:131d8fe3efb:-7ffe','SRE','SRE/A52380147:131d8fe3efb:-7ffe','SRE-SRE/A-TAX ON BUSINESS'),('A52380147:131d8fe3efb:-7fea','account:account','1.0',1992,NULL,'610-07','PEDDLERS','SRE','GLACCOUNT','0.00',2,'A52380147:131d8fe3efb:-7ffe','SRE','SRE/A52380147:131d8fe3efb:-7ffe','SRE-SRE/A-TAX ON BUSINESS'),('A52380147:131d8fe3efb:-7feb','account:account','1.0',1992,NULL,'610-06','BANK AND OTHER FINANCIAL INSTITUTIONS','SRE','GLACCOUNT','0.00',2,'A52380147:131d8fe3efb:-7ffe','SRE','SRE/A52380147:131d8fe3efb:-7ffe','SRE-SRE/A-TAX ON BUSINESS'),('A52380147:131d8fe3efb:-7fec','account:account','1.0',1992,NULL,'610-05','CONTRACTORS AND OTHER INDEPENDENT CONTRACTORS','SRE','GLACCOUNT','0.00',2,'A52380147:131d8fe3efb:-7ffe','SRE','SRE/A52380147:131d8fe3efb:-7ffe','SRE-SRE/A-TAX ON BUSINESS'),('A52380147:131d8fe3efb:-7fed','account:account','1.0',1992,NULL,'610-04','RETAILERS','SRE','GLACCOUNT','0.00',2,'A52380147:131d8fe3efb:-7ffe','SRE','SRE/A52380147:131d8fe3efb:-7ffe','SRE-SRE/A-TAX ON BUSINESS'),('A52380147:131d8fe3efb:-7fee','account:account','1.0',1992,NULL,'610-03','EXPORTER OR MANUFACTURERS, DEALERS OR RETAILERS OF ESSENTIAL COMMODITIES','SRE','GLACCOUNT','0.00',2,'A52380147:131d8fe3efb:-7ffe','SRE','SRE/A52380147:131d8fe3efb:-7ffe','SRE-SRE/A-TAX ON BUSINESS'),('A52380147:131d8fe3efb:-7fef','account:account','1.0',1992,NULL,'610-02','WHOLESALERS, DISTRIBUTORS ETC.','SRE','GLACCOUNT','0.00',2,'A52380147:131d8fe3efb:-7ffe','SRE','SRE/A52380147:131d8fe3efb:-7ffe','SRE-SRE/A-TAX ON BUSINESS'),('A52380147:131d8fe3efb:-7ff0','account:account','1.0',1992,NULL,'610-01','MANUFACTURERS, ASSEMBLERS ETC.','SRE','GLACCOUNT','0.00',2,'A52380147:131d8fe3efb:-7ffe','SRE','SRE/A52380147:131d8fe3efb:-7ffe','SRE-SRE/A-TAX ON BUSINESS'),('A52380147:131d8fe3efb:-7ff1','account:account','1.0',1992,NULL,'617-1','AMUSEMENT TAX (NET SHARE OF THE PROVINCE)','SRE','GLACCOUNT','0.00',2,'A52380147:131d8fe3efb:-7ffe','SRE','SRE/A52380147:131d8fe3efb:-7ffe','SRE-SRE/A-TAX ON BUSINESS'),('A52380147:131d8fe3efb:-7ff2','account:account','1.0',1992,NULL,'617','AMUSEMENT TAX (NET SHARE OF THE MUNICIPALITY','SRE','GLACCOUNT','0.00',2,'A52380147:131d8fe3efb:-7ffe','SRE','SRE/A52380147:131d8fe3efb:-7ffe','SRE-SRE/A-TAX ON BUSINESS'),('A52380147:131d8fe3efb:-7ff4','account:account','1.0',1992,NULL,'K','LOANS AND BORROWINGS','SRE','CATEGORY','0.00',1,'SRE','SRE','SRE','SRE-SRE'),('A52380147:131d8fe3efb:-7ff5','account:account','1.0',1992,NULL,'J','CAPITAL INVESTMENT RECEIPTS','SRE','CATEGORY','0.00',1,'SRE','SRE','SRE','SRE-SRE'),('A52380147:131d8fe3efb:-7ff6','account:account','1.0',1992,NULL,'I','INTER LOCAL TRANSFER','SRE','CATEGORY','0.00',1,'SRE','SRE','SRE','SRE-SRE'),('A52380147:131d8fe3efb:-7ff7','account:account','1.0',1992,NULL,'H','EXTRAORDINARY RECEIPTS/GRANTS/DONATIONS','SRE','CATEGORY','0.00',1,'SRE','SRE','SRE','SRE-SRE'),('A52380147:131d8fe3efb:-7ff8','account:account','1.0',1992,NULL,'G','SHARES FROM NATIONAL TAX COLLECTION','SRE','CATEGORY','0.00',1,'SRE','SRE','SRE','SRE-SRE'),('A52380147:131d8fe3efb:-7ff9','account:account','1.0',1992,NULL,'F','OTHER RECEIPTS/INCOME','SRE','CATEGORY','0.00',1,'SRE','SRE','SRE','SRE-SRE'),('A52380147:131d8fe3efb:-7ffa','account:account','1.0',1992,NULL,'E','ECONOMIC ENTERPRISE','SRE','CATEGORY','0.00',1,'SRE','SRE','SRE','SRE-SRE'),('A52380147:131d8fe3efb:-7ffb','account:account','1.0',1992,NULL,'D','SERVICE/USER CHARGES','SRE','CATEGORY','0.00',1,'SRE','SRE','SRE','SRE-SRE'),('A52380147:131d8fe3efb:-7ffc','account:account','1.0',1992,NULL,'C','REGULATORY FEES (PERMIT AND LICENSES)','SRE','CATEGORY','0.00',1,'SRE','SRE','SRE','SRE-SRE'),('A52380147:131d8fe3efb:-7ffd','account:account','1.0',1992,NULL,'B','OTHER TAXES','SRE','CATEGORY','0.00',1,'SRE','SRE','SRE','SRE-SRE'),('A52380147:131d8fe3efb:-7ffe','account:account','1.0',1992,NULL,'A','TAX ON BUSINESS','SRE','CATEGORY','0.00',1,'SRE','SRE','SRE','SRE-SRE'),('A70cde089:135c686480c:-7ff9','account:account','1.0',1992,0,'123','DUE FROM OFFICERS AND EMPLOYEES','NGAS','GLACCOUNT','0.00',2,'A70cde089:135c686480c:-7ffb','NGAS','NGAS/A70cde089:135c686480c:-7ffb','NGAS-NGAS/Z-NON INCOME'),('A70cde089:135c686480c:-7ffa','account:account','1.0',1992,0,'138','DUE TO LGU','NGAS','GLACCOUNT','0.00',2,'A70cde089:135c686480c:-7ffb','NGAS','NGAS/A70cde089:135c686480c:-7ffb','NGAS-NGAS/Z-NON INCOME'),('A70cde089:135c686480c:-7ffb','account:account','1.0',1992,0,'Z','NON INCOME','NGAS','CATEGORY','0.00',1,'NGAS','NGAS','NGAS','NGAS-NGAS'),('NGAS','account:account','1.0',1992,0,'NGAS','NGAS','NGAS','CHART',NULL,0,NULL,NULL,NULL,NULL),('SRE','account:account','1.0',1992,NULL,'SRE','SRE','SRE','CHART',NULL,0,NULL,NULL,NULL,NULL);

/*Table structure for table `active_session` */

DROP TABLE IF EXISTS `active_session`;

CREATE TABLE `active_session` (
  `sessionid` varchar(50) NOT NULL,
  `timein` datetime default NULL,
  `uid` varchar(50) default NULL,
  `expirydate` datetime default NULL,
  PRIMARY KEY  (`sessionid`)
) ENGINE=InnoDB DEFAULT CHARSET=latin1;

/*Data for the table `active_session` */

/*Table structure for table `af` */

DROP TABLE IF EXISTS `af`;

CREATE TABLE `af` (
  `objid` varchar(50) NOT NULL,
  `schemaname` varchar(50) NOT NULL,
  `schemaversion` varchar(10) NOT NULL,
  `docstate` varchar(10) NOT NULL,
  `description` varchar(50) NOT NULL,
  `aftype` varchar(10) NOT NULL,
  `unit` varchar(10) NOT NULL,
  `pcsperunit` int(11) NOT NULL,
  `denomination` decimal(10,2) default NULL,
  `serieslength` int(11) default NULL,
  PRIMARY KEY  (`objid`)
) ENGINE=InnoDB DEFAULT CHARSET=latin1;

/*Data for the table `af` */

insert  into `af`(`objid`,`schemaname`,`schemaversion`,`docstate`,`description`,`aftype`,`unit`,`pcsperunit`,`denomination`,`serieslength`) values ('0016','af:serial','1.0','APPROVED','CTC - INDIVIDUAL','serial','stub',50,NULL,8),('0017','af:serial','1.0','APPROVED','CTC-CORPORATION','serial','stub',50,NULL,8),('51','af:serial','1.0','APPROVED','GENERAL COLLECTION','serial','stub',50,NULL,7),('52','af:serial','1.0','APPROVED','LARGE CATTLE TRANSFER','serial','stub',50,NULL,7),('53','af:serial','1.0','APPROVED','LARGE CATTLE OWNERSHIP','serial','stub',50,NULL,7),('54','af:serial','1.0','APPROVED','MARRIAGE LICENSE AND FEE','serial','stub',50,NULL,7),('56','af:serial','1.0','APPROVED','REAL PROPERTY TAX','serial','stub',50,NULL,7),('57','af:serial','1.0','APPROVED','SLAUGHTER PERMIT','serial','stub',50,NULL,7),('58','af:serial','1.0','APPROVED','BURIAL PERMIT FEE','serial','stub',50,NULL,7),('CT1','af:nonserial','1.0','APPROVED','CASH TICKET @ 1.00','nonserial','pad',1000,'1.00',NULL),('CT2','af:nonserial','1.0','APPROVED','CASH TICKET @ 2.00','nonserial','pad',20,'2.00',NULL),('CT5','af:nonserial','1.0','APPROVED','CASH TICKET @ 5.00','nonserial','pad',2000,'5.00',NULL);

/*Table structure for table `afcontrol` */

DROP TABLE IF EXISTS `afcontrol`;

CREATE TABLE `afcontrol` (
  `objid` varchar(50) NOT NULL,
  `schemaname` varchar(50) NOT NULL,
  `schemaversion` varchar(5) NOT NULL,
  `docstate` varchar(30) NOT NULL,
  `active` int(11) NOT NULL,
  `mode` varchar(25) NOT NULL,
  `afinventorycreditid` varchar(50) NOT NULL,
  `dtissued` date NOT NULL,
  `collectorid` varchar(50) NOT NULL,
  `collectorname` varchar(75) NOT NULL,
  `collectortitle` varchar(50) NOT NULL,
  `stubno` varchar(20) NOT NULL,
  `aftype` varchar(25) NOT NULL,
  `afid` varchar(50) NOT NULL,
  `qtyreceived` int(11) NOT NULL,
  `startseries` int(11) default NULL,
  `endseries` int(11) default NULL,
  `currentseries` int(11) default NULL,
  `beginseries` int(11) default NULL,
  `beginqty` int(11) default NULL,
  `qtyissued` int(11) default NULL,
  `issuedfrom` int(11) default NULL,
  `issuedto` int(11) default NULL,
  `balance` int(11) default NULL,
  `prefix` varchar(10) default NULL,
  `suffix` varchar(10) default NULL,
  `serieslength` int(11) default NULL,
  `receiptformat` varchar(50) default NULL,
  `cancelledseries` text,
  `txndate` date default NULL,
  PRIMARY KEY  (`objid`),
  KEY `ix_afcontrol_collectorid` (`collectorid`),
  KEY `ix_afcontrol_collectorname` (`collectorname`),
  KEY `ix_afcontrol_afid` (`afid`),
  KEY `ix_afcontrol_colid_afid` (`collectorid`,`afid`),
  KEY `ix_afcontrol_colafstatemode` (`collectorid`,`afid`,`docstate`,`mode`)
) ENGINE=InnoDB DEFAULT CHARSET=latin1;

/*Data for the table `afcontrol` */

insert  into `afcontrol`(`objid`,`schemaname`,`schemaversion`,`docstate`,`active`,`mode`,`afinventorycreditid`,`dtissued`,`collectorid`,`collectorname`,`collectortitle`,`stubno`,`aftype`,`afid`,`qtyreceived`,`startseries`,`endseries`,`currentseries`,`beginseries`,`beginqty`,`qtyissued`,`issuedfrom`,`issuedto`,`balance`,`prefix`,`suffix`,`serieslength`,`receiptformat`,`cancelledseries`,`txndate`) values ('AF-4715d2ab:1362e02a1a7:-7ff5','afcontrol:afcontrol','1.0','APPROVED',0,'ONLINE','AC-77eb9ad:1362de475cb:-7fdf','2012-03-20','PERSNL-12f70615:1362b0b3421:-7ffa','VERGARA, JAYROME ','LOCAL REVENUE COLLECTION OFFICER - I','123','serial','51',50,10000001,10000050,10000001,10000001,50,0,0,0,50,'SC','W',7,NULL,NULL,'2012-03-20'),('AF-55ce799d:1362f190a42:-7fce','afcontrol:afcontrol','1.0','APPROVED',1,'OFFLINE','AC-77eb9ad:1362de475cb:-7f54','2012-03-20','PERSNL-12f70615:1362b0b3421:-7ffa','VERGARA, JAYROME ','LRCO - I','3000','nonserial','CT1',2000,0,0,0,0,2000,0,0,0,2000,NULL,NULL,NULL,NULL,NULL,'2012-03-20'),('AF-55ce799d:1362f190a42:-7fd6','afcontrol:afcontrol','1.0','APPROVED',1,'OFFLINE','AC-77eb9ad:1362de475cb:-7f73','2012-03-20','PERSNL-12f70615:1362b0b3421:-7ffa','VERGARA, JAYROME ','LRCO - I','2000','nonserial','CT2',100,0,0,0,0,50,0,0,0,50,NULL,NULL,NULL,NULL,NULL,'2012-03-20'),('AF-55ce799d:1362f190a42:-7fe5','afcontrol:afcontrol','1.0','CLOSED',1,'OFFLINE','AC-77eb9ad:1362de475cb:-7f89','2012-03-20','PERSNL-12f70615:1362b0b3421:-7ffa','VERGARA, JAYROME ','LRCO - I','1000','nonserial','CT2',100,0,0,0,0,0,0,0,0,0,NULL,NULL,NULL,NULL,NULL,'2012-03-20'),('AF-55ce799d:1362f190a42:-7fec','afcontrol:afcontrol','1.0','CLOSED',1,'OFFLINE','AC-77eb9ad:1362de475cb:-7f91','2012-03-20','PERSNL-12f70615:1362b0b3421:-7ffa','VERGARA, JAYROME ','LRCO - I','1000','nonserial','CT2',100,0,0,0,0,0,0,0,0,0,NULL,NULL,NULL,NULL,NULL,'2012-03-20'),('AF-55ce799d:1362f190a42:-7ff8','afcontrol:afcontrol','1.0','APPROVED',1,'ONLINE','AC-77eb9ad:1362de475cb:-7fa5','2012-03-20','PERSNL-12f70615:1362b0b3421:-7ffa','VERGARA, JAYROME ','LRCO - I','12345','serial','52',50,10000001,10000050,10000002,10000002,49,0,0,0,49,'GP','W',7,NULL,NULL,'2012-03-20'),('AF1835841f:1363d674171:-7ffa','afcontrol:afcontrol','1.0','APPROVED',1,'CAPTURE','AC-787d141c:1363d5b6fa2:-7ffa','2012-03-22','PERSNL-12f70615:1362b0b3421:-7ffa','VERGARA, JAYROME ','LRCO - I','1111111','serial','51',50,1,50,5,5,46,0,0,0,46,NULL,NULL,7,NULL,NULL,'2012-03-23'),('AF575f2a45:1362fc5cb9a:-7ffd','afcontrol:afcontrol','1.0','APPROVED',0,'ONLINE','AC-77eb9ad:1362de475cb:-7f24','2012-03-20','PERSNL-12f70615:1362b0b3421:-7ffa','VERGARA, JAYROME ','LRCO - I','5000','serial','51',50,201,250,201,201,50,0,0,0,50,'GP','W',7,NULL,NULL,'2012-03-20'),('AF6a877cc1:1365208616f:-7dd7','afcontrol:afcontrol','1.0','APPROVED',1,'ONLINE','AC-5dfc4b9f:13651f0a0de:-7fd4','2012-03-27','PERSNL-12f70615:1362b0b3421:-7ffa','VERGARA, JAYROME ','LRCO - I','22222','serial','56',50,1001,1050,1007,1007,44,0,0,0,44,NULL,NULL,7,NULL,NULL,'2012-03-27'),('AF7383e27:1362b22f380:-7ffe','afcontrol:afcontrol','1.0','APPROVED',1,'ONLINE','AC-12f70615:1362b0b3421:-7ff6','2012-03-19','PERSNL-12f70615:1362b0b3421:-7ffa','VERGARA, JAYROME ','LOCAL REVENUE COLLECTION OFFICER - I','1234','serial','51',50,1000001,1000050,1000009,1000009,42,0,0,0,42,'GP','W',7,NULL,NULL,'2012-03-19'),('AF7b0b31e9:13675dac338:-7ffa','afcontrol:afcontrol','1.0','APPROVED',1,'ONLINE','AC-6f0a7806:13675d837fb:-7ff9','2012-04-03','PERSNL-12f70615:1362b0b3421:-7ffa','VERGARA, JAYROME ','LRCO - I','36','serial','0016',50,101,150,105,105,46,0,0,0,46,NULL,NULL,8,NULL,NULL,'2012-04-03'),('AFC-18094b30:136a9665945:-7fe6','afcontrol:afcontrol','1.0','APPROVED',1,'ONLINE','AFIC-18094b30:136a9665945:-7fe7','2012-04-13','PERSNL-12f70615:1362b0b3421:-7ffa','JAYROME VERGARA','LRCO - I','222222-1','serial','0017',50,3000001,3000050,3000003,3000003,48,0,0,0,48,'CTCC','',8,NULL,'[]',NULL),('AFC-7ab16a27:136de149d9c:-7fef','afcontrol:afcontrol','1.0','APPROVED',1,'ONLINE','AFIC-7ab16a27:136de149d9c:-7ff0','2012-04-23','PERSNL2e03615d:136b8c85690:-7ffb','WINDHEL PALEN','RCCO - 01','12345-3','serial','51',50,5000101,5000150,5000104,5000104,47,0,0,0,47,'W','G',7,NULL,'[]',NULL),('AFC67f5cacc:136a0623237:-7fd1','afcontrol:afcontrol','1.0','APPROVED',0,'ONLINE','AFIC67f5cacc:136a0623237:-7fd2','2012-04-11','PERSNL-77eb9ad:1362de475cb:-7f2e','JERSON MAGLASANG','LRCO - II','12345-2','serial','51',50,5000051,5000100,5000051,0,0,0,0,0,50,'W','G',7,NULL,'[]',NULL),('AFC67f5cacc:136a0623237:-7fd3','afcontrol:afcontrol','1.0','APPROVED',1,'ONLINE','AFIC67f5cacc:136a0623237:-7fd4','2012-04-11','PERSNL-77eb9ad:1362de475cb:-7f2e','JERSON MAGLASANG','LRCO - II','12345-1','serial','51',50,5000001,5000050,5000001,0,0,0,0,0,50,'W','G',7,NULL,'[]',NULL);

/*Table structure for table `afcontroltransfer` */

DROP TABLE IF EXISTS `afcontroltransfer`;

CREATE TABLE `afcontroltransfer` (
  `objid` varchar(50) NOT NULL,
  `docstate` varchar(30) NOT NULL,
  `txndate` date NOT NULL,
  `afcontrolid` varchar(50) NOT NULL,
  `transferafcontrolid` varchar(50) NOT NULL,
  `collectorid` varchar(50) NOT NULL,
  `transfercollectorid` varchar(50) NOT NULL,
  PRIMARY KEY  (`objid`)
) ENGINE=InnoDB DEFAULT CHARSET=latin1;

/*Data for the table `afcontroltransfer` */

/*Table structure for table `afinventory` */

DROP TABLE IF EXISTS `afinventory`;

CREATE TABLE `afinventory` (
  `objid` varchar(50) NOT NULL,
  `schemaname` varchar(25) NOT NULL,
  `schemaversion` varchar(10) NOT NULL,
  `docstate` varchar(35) NOT NULL,
  `irafid` varchar(50) NOT NULL,
  `irafno` varchar(50) NOT NULL,
  `iraftype` varchar(25) NOT NULL,
  `afid` varchar(50) NOT NULL,
  `aftype` varchar(10) NOT NULL,
  `afunit` varchar(20) NOT NULL,
  `stubfrom` int(11) NOT NULL,
  `stubto` int(11) NOT NULL,
  `qtyonhand` int(11) NOT NULL,
  `qtyissued` int(11) NOT NULL,
  `prefix` varchar(10) default NULL,
  `suffix` varchar(10) default NULL,
  `startseries` int(11) NOT NULL,
  `endseries` int(11) NOT NULL,
  `issuedfrom` int(11) default NULL,
  `issuedto` int(11) default NULL,
  `dtposted` timestamp NULL default NULL,
  `aflength` int(11) default NULL,
  `currentstub` int(11) default NULL,
  `stubprefix` varchar(50) default NULL,
  `startserialno` varchar(50) default NULL,
  PRIMARY KEY  (`objid`)
) ENGINE=InnoDB DEFAULT CHARSET=latin1 CHECKSUM=1 DELAY_KEY_WRITE=1 ROW_FORMAT=DYNAMIC;

/*Data for the table `afinventory` */

insert  into `afinventory`(`objid`,`schemaname`,`schemaversion`,`docstate`,`irafid`,`irafno`,`iraftype`,`afid`,`aftype`,`afunit`,`stubfrom`,`stubto`,`qtyonhand`,`qtyissued`,`prefix`,`suffix`,`startseries`,`endseries`,`issuedfrom`,`issuedto`,`dtposted`,`aflength`,`currentstub`,`stubprefix`,`startserialno`) values ('AFI-18094b30:136a9665945:-7fea','afinventory:afinventory','1.0','OPEN','IRAF-18094b30:136a9665945:-7feb','222222','LGU','0017','serial','stub',1,5,4,1,'CTCC','',3000001,3000250,3000001,3000050,'2012-04-13 10:24:48',8,2,'222222','CTCC-03000001'),('AFI67f5cacc:136a0623237:-7fd8','afinventory:afinventory','1.0','OPEN','IRAF67f5cacc:136a0623237:-7fd9','12345','LGU','51','serial','stub',1,5,2,3,'W','G',5000001,5000250,5000001,5000150,'2012-04-11 16:28:34',7,4,'12345','W-5000001-W'),('AI-12f70615:1362b0b3421:-7ff7','afinventory','1.0','CLOSED','-','51-1234','LGU','51','serial','stub',1,1,1,1,'GP','W',1000001,1000050,1000001,1000050,'2012-03-19 21:26:57',7,1,'GP','1000001'),('AI-5dfc4b9f:13651f0a0de:-7fd5','afinventory','1.0','CLOSED','-','56-22222','LGU','56','serial','stub',1,1,1,1,NULL,NULL,1001,1050,1001,1050,'2012-03-27 12:00:35',7,1,NULL,'1001'),('AI-6f0a7806:13675d837fb:-7ffa','afinventory','1.0','CLOSED','-','0016-36','LGU','0016','serial','stub',1,1,1,1,NULL,NULL,101,150,101,150,'2012-04-03 09:42:18',8,1,NULL,'101'),('AI-77eb9ad:1362de475cb:-7f25','afinventory','1.0','CLOSED','-','51-5000','LGU','51','serial','stub',1,1,1,1,'GP','W',201,250,201,250,'2012-03-20 19:03:31',7,1,'GP','201'),('AI-77eb9ad:1362de475cb:-7f55','afinventory','1.0','CLOSED','-','CT1-3000','LGU','CT1','nonserial','stub',1,1,1,1,NULL,NULL,0,0,0,0,'2012-03-20 17:41:25',NULL,1,NULL,'0'),('AI-77eb9ad:1362de475cb:-7f74','afinventory','1.0','CLOSED','-','CT2-2000','LGU','CT2','nonserial','stub',1,1,1,1,NULL,NULL,0,0,0,0,'2012-03-20 17:06:56',NULL,1,NULL,'0'),('AI-77eb9ad:1362de475cb:-7f83','afinventory','1.0','CLOSED','-','CT2-1000','LGU','CT2','nonserial','stub',1,1,1,1,NULL,NULL,0,0,0,0,'2012-03-20 16:48:16',NULL,1,NULL,'0'),('AI-77eb9ad:1362de475cb:-7f8a','afinventory','1.0','CLOSED','-','CT2-1000','LGU','CT2','nonserial','stub',1,1,1,1,NULL,NULL,0,0,0,0,'2012-03-20 16:41:05',NULL,1,NULL,'0'),('AI-77eb9ad:1362de475cb:-7f92','afinventory','1.0','CLOSED','-','CT2-1000','LGU','CT2','nonserial','stub',1,1,1,1,NULL,NULL,0,0,0,0,'2012-03-20 16:39:37',NULL,1,NULL,'0'),('AI-77eb9ad:1362de475cb:-7fa6','afinventory','1.0','CLOSED','-','52-12345','LGU','52','serial','stub',1,1,1,1,'GP','W',10000001,10000050,10000001,10000050,'2012-03-20 16:16:06',7,1,'GP','10000001'),('AI-77eb9ad:1362de475cb:-7fe0','afinventory','1.0','CLOSED','-','51-123','LGU','51','serial','stub',1,1,1,1,'SC','W',10000001,10000050,10000001,10000050,'2012-03-20 13:17:52',7,1,'SC','10000001'),('AI-787d141c:1363d5b6fa2:-7ffb','afinventory','1.0','CLOSED','-','51-1111111','LGU','51','serial','stub',1,1,1,1,NULL,NULL,1,50,1,50,'2012-03-23 11:45:22',7,1,NULL,'1');

/*Table structure for table `afinventorycredit` */

DROP TABLE IF EXISTS `afinventorycredit`;

CREATE TABLE `afinventorycredit` (
  `objid` varchar(50) NOT NULL,
  `schemaname` varchar(50) NOT NULL,
  `schemaversion` varchar(10) NOT NULL,
  `docstate` varchar(25) NOT NULL,
  `afinventoryid` varchar(50) NOT NULL,
  `irafid` varchar(50) NOT NULL,
  `iraftype` varchar(25) NOT NULL,
  `afid` varchar(50) NOT NULL,
  `aftype` varchar(15) NOT NULL,
  `afunit` varchar(15) NOT NULL,
  `prefix` varchar(20) default NULL,
  `suffix` varchar(20) default NULL,
  `startseries` int(11) default NULL,
  `endseries` int(11) default NULL,
  `stubfrom` int(11) default NULL,
  `stubto` int(11) default NULL,
  `qtyissued` int(11) default NULL,
  `irafno` varchar(50) default NULL,
  `stubno` varchar(50) default NULL,
  `balance` int(11) default NULL,
  `aflength` int(11) default NULL,
  PRIMARY KEY  (`objid`)
) ENGINE=InnoDB DEFAULT CHARSET=latin1 CHECKSUM=1 DELAY_KEY_WRITE=1 ROW_FORMAT=DYNAMIC;

/*Data for the table `afinventorycredit` */

insert  into `afinventorycredit`(`objid`,`schemaname`,`schemaversion`,`docstate`,`afinventoryid`,`irafid`,`iraftype`,`afid`,`aftype`,`afunit`,`prefix`,`suffix`,`startseries`,`endseries`,`stubfrom`,`stubto`,`qtyissued`,`irafno`,`stubno`,`balance`,`aflength`) values ('AC-12f70615:1362b0b3421:-7ff6','afinventorycredit','1.0','OPEN','AI-12f70615:1362b0b3421:-7ff7','-','COLLECTOR','51','serial','stub','GP','W',1000001,1000050,NULL,NULL,NULL,'51-1234','1234',NULL,7),('AC-5dfc4b9f:13651f0a0de:-7fd4','afinventorycredit','1.0','OPEN','AI-5dfc4b9f:13651f0a0de:-7fd5','-','COLLECTOR','56','serial','stub',NULL,NULL,1001,1050,NULL,NULL,NULL,'56-22222','22222',NULL,7),('AC-6f0a7806:13675d837fb:-7ff9','afinventorycredit','1.0','OPEN','AI-6f0a7806:13675d837fb:-7ffa','-','COLLECTOR','0016','serial','stub',NULL,NULL,101,150,NULL,NULL,4,'0016-36','36',46,8),('AC-77eb9ad:1362de475cb:-7f24','afinventorycredit','1.0','OPEN','AI-77eb9ad:1362de475cb:-7f25','-','COLLECTOR','51','serial','stub','GP','W',201,250,NULL,NULL,NULL,'51-5000','5000',NULL,7),('AC-77eb9ad:1362de475cb:-7f54','afinventorycredit','1.0','OPEN','AI-77eb9ad:1362de475cb:-7f55','-','COLLECTOR','CT1','nonserial','stub',NULL,NULL,0,0,NULL,NULL,NULL,'CT1-3000','3000',NULL,NULL),('AC-77eb9ad:1362de475cb:-7f73','afinventorycredit','1.0','OPEN','AI-77eb9ad:1362de475cb:-7f74','-','COLLECTOR','CT2','nonserial','stub',NULL,NULL,0,0,NULL,NULL,NULL,'CT2-2000','2000',NULL,NULL),('AC-77eb9ad:1362de475cb:-7f82','afinventorycredit','1.0','OPEN','AI-77eb9ad:1362de475cb:-7f83','-','COLLECTOR','CT2','nonserial','stub',NULL,NULL,0,0,NULL,NULL,0,'CT2-1000','1000',1000,NULL),('AC-77eb9ad:1362de475cb:-7f89','afinventorycredit','1.0','OPEN','AI-77eb9ad:1362de475cb:-7f8a','-','COLLECTOR','CT2','nonserial','stub',NULL,NULL,0,0,NULL,NULL,200,'CT2-1000','1000',-100,NULL),('AC-77eb9ad:1362de475cb:-7f91','afinventorycredit','1.0','OPEN','AI-77eb9ad:1362de475cb:-7f92','-','COLLECTOR','CT2','nonserial','stub',NULL,NULL,0,0,NULL,NULL,200,'CT2-1000','1000',-100,NULL),('AC-77eb9ad:1362de475cb:-7fa5','afinventorycredit','1.0','OPEN','AI-77eb9ad:1362de475cb:-7fa6','-','COLLECTOR','52','serial','stub','GP','W',10000001,10000050,NULL,NULL,NULL,'52-12345','12345',NULL,7),('AC-77eb9ad:1362de475cb:-7fdf','afinventorycredit','1.0','OPEN','AI-77eb9ad:1362de475cb:-7fe0','-','COLLECTOR','51','serial','stub','SC','W',10000001,10000050,NULL,NULL,NULL,'51-123','123',NULL,7),('AC-787d141c:1363d5b6fa2:-7ffa','afinventorycredit','1.0','OPEN','AI-787d141c:1363d5b6fa2:-7ffb','-','COLLECTOR','51','serial','stub',NULL,NULL,1,50,NULL,NULL,NULL,'51-1111111','1111111',NULL,7),('AC77418285:1361e9efa56:-7ff6','afinventorycredit','1.0','OPEN','AI77418285:1361e9efa56:-7ff7','-','COLLECTOR','51','serial','stub','GP','W',100001,100050,NULL,NULL,1,'51-1234','1234',49,7),('AFIC-18094b30:136a9665945:-7fe7','afinventorycredit:afinventorycredit','1.0','OPEN','AFI-18094b30:136a9665945:-7fea','IRAF-18094b30:136a9665945:-7ff0','COLLECTOR','0017','serial','stub','CTCC','',3000001,3000050,NULL,NULL,2,'IRAF-C0000052012','222222-1',48,8),('AFIC-7ab16a27:136de149d9c:-7ff0','afinventorycredit:afinventorycredit','1.0','OPEN','AFI67f5cacc:136a0623237:-7fd8','IRAF-7ab16a27:136de149d9c:-7ff1','COLLECTOR','51','serial','stub','W','G',5000101,5000150,NULL,NULL,3,'IRAF-C0000062012','12345-3',47,7),('AFIC67f5cacc:136a0623237:-7fd2','afinventorycredit:afinventorycredit','1.0','OPEN','AFI67f5cacc:136a0623237:-7fd8','IRAF67f5cacc:136a0623237:-7fd5','COLLECTOR','51','serial','stub','W','G',5000051,5000100,NULL,NULL,0,'IRAF-C0000042012','12345-2',50,7),('AFIC67f5cacc:136a0623237:-7fd4','afinventorycredit:afinventorycredit','1.0','OPEN','AFI67f5cacc:136a0623237:-7fd8','IRAF67f5cacc:136a0623237:-7fd5','COLLECTOR','51','serial','stub','W','G',5000001,5000050,NULL,NULL,0,'IRAF-C0000042012','12345-1',50,7);

/*Table structure for table `bank` */

DROP TABLE IF EXISTS `bank`;

CREATE TABLE `bank` (
  `objid` varchar(50) NOT NULL,
  `schemaname` varchar(50) NOT NULL,
  `schemaversion` varchar(50) NOT NULL,
  `bankcode` varchar(50) NOT NULL,
  `bankname` varchar(50) NOT NULL,
  `branchname` varchar(50) NOT NULL,
  `address` varchar(100) default NULL,
  `manager` varchar(50) default NULL,
  PRIMARY KEY  (`objid`)
) ENGINE=MyISAM DEFAULT CHARSET=latin1;

/*Data for the table `bank` */

insert  into `bank`(`objid`,`schemaname`,`schemaversion`,`bankcode`,`bankname`,`branchname`,`address`,`manager`) values ('B-77eb9ad:1362de475cb:-7ff8','banki:bank','1.0','LBP','LAND BANK OF THE PHILIPPINES','CEBU CITY',NULL,NULL);

/*Table structure for table `bankaccount` */

DROP TABLE IF EXISTS `bankaccount`;

CREATE TABLE `bankaccount` (
  `objid` varchar(50) NOT NULL,
  `schemaname` varchar(50) NOT NULL,
  `schemaversion` varchar(50) NOT NULL,
  `docstate` varchar(50) NOT NULL,
  `accttype` varchar(50) NOT NULL,
  `acctno` varchar(50) NOT NULL,
  `fund` varchar(50) NOT NULL,
  `bankid` varchar(50) NOT NULL,
  `bankcode` varchar(50) NOT NULL,
  `bankname` varchar(50) NOT NULL,
  `branchname` varchar(50) NOT NULL,
  `fundid` varchar(50) NOT NULL,
  `bankacctname` varchar(50) NOT NULL,
  `currency` varchar(50) NOT NULL,
  `cashreport` varchar(50) default NULL,
  `cashbreakdownreport` varchar(50) default NULL,
  `checkreport` varchar(50) default NULL,
  PRIMARY KEY  (`objid`)
) ENGINE=MyISAM DEFAULT CHARSET=latin1;

/*Data for the table `bankaccount` */

insert  into `bankaccount`(`objid`,`schemaname`,`schemaversion`,`docstate`,`accttype`,`acctno`,`fund`,`bankid`,`bankcode`,`bankname`,`branchname`,`fundid`,`bankacctname`,`currency`,`cashreport`,`cashbreakdownreport`,`checkreport`) values ('B-77eb9ad:1362de475cb:-7ff7','bankaccount:bankaccount','1.0','APPROVED','CHECKING','LBP-10001','GENERAL','B-77eb9ad:1362de475cb:-7ff8','LBP','LAND BANK OF THE PHILIPPINES','CEBU CITY','GENERAL','PROVINCE OF BOHOL','PHP',NULL,NULL,NULL),('B-77eb9ad:1362de475cb:-7fe5','bankaccount:bankaccount','1.0','APPROVED','CHECKING','LBP-10002','SEF','B-77eb9ad:1362de475cb:-7ff8','LBP','LAND BANK OF THE PHILIPPINES','CEBU CITY','SEF','PROVINCE OF BOHOL','PHP',NULL,NULL,NULL),('B-77eb9ad:1362de475cb:-7fe4','bankaccount:bankaccount','1.0','APPROVED','CHECKING','LBP-10003','TRUST','B-77eb9ad:1362de475cb:-7ff8','LBP','LAND BANK OF THE PHILIPPINES','CEBU CITY','TRUST','PROVINCE OF BOHOL','PHP',NULL,NULL,NULL);

/*Table structure for table `batchcapture` */

DROP TABLE IF EXISTS `batchcapture`;

CREATE TABLE `batchcapture` (
  `objid` varchar(50) NOT NULL,
  `schemaname` varchar(25) NOT NULL,
  `schemaversion` varchar(5) NOT NULL,
  `docstate` varchar(25) NOT NULL,
  `afid` varchar(5) NOT NULL,
  `startseries` int(11) NOT NULL,
  `series` int(11) NOT NULL,
  `collector` text NOT NULL,
  `afcontrol` text NOT NULL,
  `collectiontype` text NOT NULL,
  `defaulttxndate` date NOT NULL,
  `items` text NOT NULL,
  `extended` text,
  `encodedbyid` varchar(50) NOT NULL,
  `encodedby` varchar(100) NOT NULL,
  `amount` decimal(12,2) NOT NULL,
  `collectorid` varchar(50) NOT NULL,
  `collectorname` varchar(100) NOT NULL,
  `opener` varchar(50) default NULL,
  PRIMARY KEY  (`objid`),
  KEY `ix_batchcapture_state` (`docstate`),
  KEY `ix_batchcapture_colname` (`collectorname`),
  KEY `ix_batchcapture_encodedby` (`encodedby`)
) ENGINE=InnoDB DEFAULT CHARSET=latin1;

/*Data for the table `batchcapture` */

insert  into `batchcapture`(`objid`,`schemaname`,`schemaversion`,`docstate`,`afid`,`startseries`,`series`,`collector`,`afcontrol`,`collectiontype`,`defaulttxndate`,`items`,`extended`,`encodedbyid`,`encodedby`,`amount`,`collectorid`,`collectorname`,`opener`) values ('B-787d141c:1363d5b6fa2:-7fdd','batchcapture','1.0','POSTED','51',3,5,'[lastname:\"VERGARA\",formalname:\"JAYROME VERGARA\",middlename:null,firstname:\"JAYROME\",name:\"VERGARA, JAYROME \",jobtitle:\"LRCO - I\",objid:\"PERSNL-12f70615:1362b0b3421:-7ffa\"]','[collectortitle:\"LRCO - I\",issuedfrom:1,afid:\"51\",startseries:1,issuedto:2,afinventorycreditid:\"AC-787d141c:1363d5b6fa2:-7ffa\",collectorname:\"VERGARA, JAYROME \",dtissued:\"2012-03-22\",balance:48,suffix:null,receiptformat:null,prefix:null,active:0,collectorid:\"PERSNL-12f70615:1362b0b3421:-7ffa\",beginseries:1,endseries:50,mode:\"CAPTURE\",currentseries:3,cancelledseries:null,schemaversion:\"1.0\",docstate:\"APPROVED\",qtyreceived:50,qtyissued:2,stubno:\"1111111\",serieslength:7,aftype:\"serial\",schemaname:\"afcontrol:afcontrol\",txndate:\"2012-03-23\",beginqty:50,objid:\"AF1835841f:1363d674171:-7ffa\"]','[payorrequired:0,schemaname:\"collectiontype:collectiontype\",afid:\"51\",name:\"GENERAL COLLECTION\",schemaversion:\"1.0\",objid:\"C1a4bc292:12fb40a39d4:-7ffb\",appcode:\"general_collection\"]','2012-03-23','[[txndate:\"2012-03-23\",paidbyaddress:\"BOHOL\",series:3,voided:false,serialno:\"0000003\",items:[[account:[amounttype:null,acctno:null,fundname:\"GENERAL\",fundid:\"GENERAL\",acctcode:null,accttitle:\"MARKET COLLECTION\",objid:\"IA-77eb9ad:1362de475cb:-7f42\",defaultvalue:0.00],amount:20.00],[account:[amounttype:\"FIX\",acctno:null,fundname:\"GENERAL\",fundid:\"GENERAL\",acctcode:null,accttitle:\"MARRIAGE LICENSE FORM\",objid:\"IA57e27d97:135e1abe297:-7fa4\",defaultvalue:2.00],amount:30.00]],paidby:\"MIKOY\",amount:50.00],[txndate:\"2012-03-23\",paidbyaddress:\"BOHOL\",series:4,voided:false,serialno:\"0000004\",items:[[account:[amounttype:null,acctno:null,fundname:\"GENERAL\",fundid:\"GENERAL\",acctcode:null,accttitle:\"MARKET COLLECTION\",objid:\"IA-77eb9ad:1362de475cb:-7f42\",defaultvalue:0.00],amount:30.00]],paidby:\"REX\",amount:30.00]]','[:]','PERSNL-12f70615:1362b0b3421:-7ffa','VERGARA, JAYROME','80.00','PERSNL-12f70615:1362b0b3421:-7ffa','VERGARA, JAYROME ','batchcapturemulti'),('B-787d141c:1363d5b6fa2:-7ff2','batchcapture','1.0','POSTED','51',1,3,'[lastname:\"VERGARA\",formalname:\"JAYROME VERGARA\",middlename:null,firstname:\"JAYROME\",name:\"VERGARA, JAYROME \",jobtitle:\"LRCO - I\",objid:\"PERSNL-12f70615:1362b0b3421:-7ffa\"]','[collectortitle:\"LRCO - I\",issuedfrom:0,afid:\"51\",startseries:1,issuedto:null,afinventorycreditid:\"AC-787d141c:1363d5b6fa2:-7ffa\",collectorname:\"VERGARA, JAYROME \",dtissued:\"2012-03-22\",balance:50,suffix:null,receiptformat:null,prefix:null,active:0,collectorid:\"PERSNL-12f70615:1362b0b3421:-7ffa\",beginseries:1,endseries:50,mode:\"CAPTURE\",currentseries:1,cancelledseries:null,schemaversion:\"1.0\",docstate:\"APPROVED\",qtyreceived:50,qtyissued:0,stubno:\"1111111\",serieslength:7,aftype:\"serial\",schemaname:\"afcontrol:afcontrol\",txndate:\"2012-03-23\",beginqty:50,objid:\"AF1835841f:1363d674171:-7ffa\"]','[payorrequired:0,schemaname:\"collectiontype:collectiontype\",afid:\"51\",name:\"GENERAL COLLECTION\",schemaversion:\"1.0\",objid:\"C1a4bc292:12fb40a39d4:-7ffb\",appcode:\"general_collection\"]','2012-03-22','[[txndate:\"2012-03-22\",paidbyaddress:\"BOHOL\",series:1,voided:false,serialno:\"0000001\",paidby:\"VERGARA JAYROME\",account:[amounttype:null,acctno:null,fundname:\"GENERAL\",fundid:\"GENERAL\",acctcode:null,accttitle:\"MARKET COLLECTION\",objid:\"IA-77eb9ad:1362de475cb:-7f42\",defaultvalue:0.00],amount:20.00],[txndate:\"2012-03-22\",paidbyaddress:\"BOHOL\",series:2,voided:false,serialno:\"0000002\",paidby:\"OBERES MIKOY\",account:[amounttype:null,acctno:null,fundname:\"GENERAL\",fundid:\"GENERAL\",acctcode:null,accttitle:\"MARKET COLLECTION\",objid:\"IA-77eb9ad:1362de475cb:-7f42\",defaultvalue:0.00],amount:20.00]]','[encodedbytitle:\"LRCO - I\"]','PERSNL-12f70615:1362b0b3421:-7ffa','VERGARA, JAYROME','40.00','PERSNL-12f70615:1362b0b3421:-7ffa','VERGARA, JAYROME ','batchcapture');

/*Table structure for table `bldgadditionalitem` */

DROP TABLE IF EXISTS `bldgadditionalitem`;

CREATE TABLE `bldgadditionalitem` (
  `objid` varchar(50) NOT NULL,
  `bldgrysettingid` varchar(50) NOT NULL,
  `code` varchar(10) NOT NULL,
  `name` varchar(100) NOT NULL,
  `unit` varchar(25) NOT NULL,
  `expr` varchar(100) NOT NULL,
  `previd` varchar(50) default NULL,
  PRIMARY KEY  (`objid`)
) ENGINE=MyISAM DEFAULT CHARSET=latin1;

/*Data for the table `bldgadditionalitem` */

insert  into `bldgadditionalitem`(`objid`,`bldgrysettingid`,`code`,`name`,`unit`,`expr`,`previd`) values ('BI52647b4a:13642a8c8a1:-2327','BRY52647b4a:13642a8c8a1:-2c74','CA','CANOPY','TCM','UNIT_VALUE * 500',NULL),('BI52647b4a:13642a8c8a1:-2326','BRY52647b4a:13642a8c8a1:-2c74','DP','DOOR (PLYWOOD)','SQM','UNIT_VALUE * 800',NULL),('BI52647b4a:13642a8c8a1:-2324','BRY52647b4a:13642a8c8a1:-2c74','DB','DECORATIVE BLOCKS','PCS','NO_OF_UNITS * 75',NULL);

/*Table structure for table `bldgassesslevel` */

DROP TABLE IF EXISTS `bldgassesslevel`;

CREATE TABLE `bldgassesslevel` (
  `objid` varchar(50) NOT NULL,
  `bldgrysettingid` varchar(50) NOT NULL,
  `code` varchar(10) NOT NULL,
  `name` varchar(50) NOT NULL,
  `fixrate` int(11) NOT NULL,
  `rate` decimal(10,2) NOT NULL,
  `previd` varchar(50) default NULL,
  `ranges` text,
  PRIMARY KEY  (`objid`)
) ENGINE=MyISAM DEFAULT CHARSET=latin1;

/*Data for the table `bldgassesslevel` */

insert  into `bldgassesslevel`(`objid`,`bldgrysettingid`,`code`,`name`,`fixrate`,`rate`,`previd`,`ranges`) values ('AL-62eb6464:13642754aed:-7fa2','BRY52647b4a:13642a8c8a1:-2c74','GOV','GOVERNMENT',0,'0.00',NULL,'[]'),('AL-62eb6464:13642754aed:-7fa1','BRY52647b4a:13642a8c8a1:-2c74','REL','RELIGIOUS',0,'0.00',NULL,'[]'),('AL-62eb6464:13642754aed:-7fa0','BRY52647b4a:13642a8c8a1:-2c74','RES','RESIDENTIAL',0,'0.00',NULL,'[[mvfrom:0.0,mvto:30000.00,rate:15.00],[mvfrom:30000.00,mvto:100000.00,rate:20.00],[mvfrom:100000.00,mvto:500000.00,rate:30.00],[mvfrom:500000.00,mvto:999999999999.00,rate:80.00]]'),('AL-62eb6464:13642754aed:-7f9f','BRY52647b4a:13642a8c8a1:-2c74','AGR','AGRICULTURAL',0,'0.00',NULL,'[[mvfrom:0.0,mvto:300000.00,rate:17.00],[mvfrom:300000.00,mvto:500000.00,rate:21.00],[mvfrom:500000.00,mvto:750000.00,rate:25.00],[mvfrom:750000.00,mvto:1000000.00,rate:30.00],[mvfrom:1000000.00,mvto:999999999999.00,rate:50.00]]');

/*Table structure for table `bldgkindbucc` */

DROP TABLE IF EXISTS `bldgkindbucc`;

CREATE TABLE `bldgkindbucc` (
  `objid` varchar(50) NOT NULL,
  `bldgrysettingid` varchar(50) NOT NULL,
  `bldgtypeid` varchar(50) NOT NULL,
  `bldgkindid` varchar(50) NOT NULL,
  `bldgkindcode` varchar(10) NOT NULL,
  `bldgkindname` varchar(100) NOT NULL,
  `basevaluetype` varchar(25) NOT NULL,
  `basevalue` decimal(10,2) NOT NULL,
  `minbasevalue` decimal(10,2) NOT NULL,
  `maxbasevalue` decimal(10,2) NOT NULL,
  `gapvalue` int(11) NOT NULL,
  `minarea` decimal(10,2) NOT NULL,
  `maxarea` decimal(10,2) NOT NULL,
  `bldgclass` varchar(20) default NULL,
  `previd` varchar(50) default NULL,
  `extended` text,
  PRIMARY KEY  (`objid`)
) ENGINE=MyISAM DEFAULT CHARSET=latin1;

/*Data for the table `bldgkindbucc` */

insert  into `bldgkindbucc`(`objid`,`bldgrysettingid`,`bldgtypeid`,`bldgkindid`,`bldgkindcode`,`bldgkindname`,`basevaluetype`,`basevalue`,`minbasevalue`,`maxbasevalue`,`gapvalue`,`minarea`,`maxarea`,`bldgclass`,`previd`,`extended`) values ('BU52647b4a:13642a8c8a1:-2449','BRY52647b4a:13642a8c8a1:-2c74','BT52647b4a:13642a8c8a1:-26d5','KBLDG-62eb6464:13642754aed:-7ff1','IA-1S','ONE FAMILY DWELLING','fix','3300.00','0.00','0.00',0,'0.00','0.00',NULL,NULL,'[bldgkind:[bldgcode:\"IA-1S\",objid:\"KBLDG-62eb6464:13642754aed:-7ff1\",bldgkind:\"ONE FAMILY DWELLING\"]]'),('BU52647b4a:13642a8c8a1:-2417','BRY52647b4a:13642a8c8a1:-2c74','BT52647b4a:13642a8c8a1:-26d5','KBLDG-62eb6464:13642754aed:-7ff0','IA-2S','TWO FAMILY DWELLING','fix','3750.00','0.00','0.00',0,'0.00','0.00',NULL,NULL,'[bldgkind:[bldgcode:\"IA-2S\",objid:\"KBLDG-62eb6464:13642754aed:-7ff0\",bldgkind:\"TWO FAMILY DWELLING\"]]');

/*Table structure for table `bldgrysetting` */

DROP TABLE IF EXISTS `bldgrysetting`;

CREATE TABLE `bldgrysetting` (
  `objid` varchar(50) NOT NULL,
  `schemaname` varchar(50) NOT NULL,
  `schemaversion` varchar(5) NOT NULL,
  `ry` int(11) NOT NULL,
  `predominant` int(11) NOT NULL,
  `depreciatecoreanditemseparately` int(11) NOT NULL,
  `computedepreciationbasedonschedule` int(11) NOT NULL,
  `previd` varchar(50) default NULL,
  `straightdepreciation` int(11) default NULL,
  `calcbldgagebasedondtoccupied` int(11) NOT NULL,
  PRIMARY KEY  (`objid`)
) ENGINE=MyISAM DEFAULT CHARSET=latin1;

/*Data for the table `bldgrysetting` */

insert  into `bldgrysetting`(`objid`,`schemaname`,`schemaversion`,`ry`,`predominant`,`depreciatecoreanditemseparately`,`computedepreciationbasedonschedule`,`previd`,`straightdepreciation`,`calcbldgagebasedondtoccupied`) values ('BRY52647b4a:13642a8c8a1:-2c74','bldgrysetting','1.0',2010,0,0,0,NULL,1,0);

/*Table structure for table `bldgtype` */

DROP TABLE IF EXISTS `bldgtype`;

CREATE TABLE `bldgtype` (
  `objid` varchar(50) NOT NULL,
  `bldgrysettingid` varchar(50) NOT NULL,
  `code` varchar(10) NOT NULL,
  `name` varchar(50) NOT NULL,
  `basevaluetype` varchar(10) NOT NULL,
  `residualrate` decimal(10,2) NOT NULL,
  `multistoreyadjustments` text,
  `depreciations` text,
  `previd` varchar(50) default NULL,
  PRIMARY KEY  (`objid`)
) ENGINE=MyISAM DEFAULT CHARSET=latin1;

/*Data for the table `bldgtype` */

insert  into `bldgtype`(`objid`,`bldgrysettingid`,`code`,`name`,`basevaluetype`,`residualrate`,`multistoreyadjustments`,`depreciations`,`previd`) values ('BT52647b4a:13642a8c8a1:-26d5','BRY52647b4a:13642a8c8a1:-2c74','IA','REINFORCED CONCRETE','fix','0.00','[[floorno:1,rate:78.50],[floorno:2,rate:72.33],[floorno:3,rate:70.50],[floorno:4,rate:70.80],[floorno:5,rate:72.50]]','[[ageto:1,rate:1.50,agefrom:1],[ageto:2,rate:2.8,agefrom:2]]',NULL),('BT-61115de5:13649793e30:-3fe0','BRY52647b4a:13642a8c8a1:-2c74','IB','TEST TYPE','gap','0.00','[]','[]',NULL),('BT-61115de5:13649793e30:-3e23','BRY52647b4a:13642a8c8a1:-2c74','IC','TEST TYPE C','fix','0.00','[]','[]',NULL);

/*Table structure for table `bpappinfolisting` */

DROP TABLE IF EXISTS `bpappinfolisting`;

CREATE TABLE `bpappinfolisting` (
  `objid` varchar(100) NOT NULL,
  `applicationid` varchar(50) default NULL,
  `lobid` varchar(50) default NULL,
  `lobname` varchar(100) default NULL,
  `varid` varchar(50) default NULL,
  `varname` varchar(100) default NULL,
  `vartype` varchar(100) default NULL,
  `value` varchar(100) default NULL,
  `arrayvalues` text,
  `requiredbeforeprint` tinyint(1) default NULL,
  PRIMARY KEY  (`objid`)
) ENGINE=InnoDB DEFAULT CHARSET=latin1;

/*Data for the table `bpappinfolisting` */

insert  into `bpappinfolisting`(`objid`,`applicationid`,`lobid`,`lobname`,`varid`,`varname`,`vartype`,`value`,`arrayvalues`,`requiredbeforeprint`) values ('BP-12f70615:1362b0b3421:-7fe9:L-12f70615:1362b0b3421:-7feb:V3b52a903:1362da0716c:-7ffb','BP-12f70615:1362b0b3421:-7fe9','L-12f70615:1362b0b3421:-7feb','SARI2X STORE','V3b52a903:1362da0716c:-7ffb','CAPITAL','decimal','100000.00','\0sr\0java.util.ArrayListxa\0I\0sizexp\0\0\0\0w\0\0\0\nx',0),('BP-180db72b:136df9875d1:-7ff8:L-12f70615:1362b0b3421:-7feb:V3b52a903:1362da0716c:-7ffb','BP-180db72b:136df9875d1:-7ff8','L-12f70615:1362b0b3421:-7feb','SARI2X STORE','V3b52a903:1362da0716c:-7ffb','CAPITAL','decimal','100000.00','\0sr\0java.util.ArrayListxa\0I\0sizexp\0\0\0\0w\0\0\0\nx',0),('BP-180db72b:136df9875d1:-7ff8:L45c5662b:13633239641:-7ff6:V3b52a903:1362da0716c:-7ffb','BP-180db72b:136df9875d1:-7ff8','L45c5662b:13633239641:-7ff6','ICE CREAM MAKER','V3b52a903:1362da0716c:-7ffb','CAPITAL','decimal','100000.00','\0sr\0java.util.ArrayListxa\0I\0sizexp\0\0\0\0w\0\0\0\nx',0),('BP-5b932d89:1363d121758:-7ffc:L-12f70615:1362b0b3421:-7feb:V-12f70615:1362b0b3421:-7fe8','BP-5b932d89:1363d121758:-7ffc','L-12f70615:1362b0b3421:-7feb','SARI2X STORE','V-12f70615:1362b0b3421:-7fe8','GROSS','decimal','100000.00','\0sr\0java.util.ArrayListxa\0I\0sizexp\0\0\0\0w\0\0\0\nx',0),('BP-5b932d89:1363d121758:-7ffc:L45c5662b:13633239641:-7ff8:V-12f70615:1362b0b3421:-7fe8','BP-5b932d89:1363d121758:-7ffc','L45c5662b:13633239641:-7ff8','RICE RETAILER','V-12f70615:1362b0b3421:-7fe8','GROSS','decimal','100000.00','\0sr\0java.util.ArrayListxa\0I\0sizexp\0\0\0\0w\0\0\0\nx',0),('BP-787d141c:1363d5b6fa2:-7fb8:L45c5662b:13633239641:-7ff8:V3b52a903:1362da0716c:-7ffb','BP-787d141c:1363d5b6fa2:-7fb8','L45c5662b:13633239641:-7ff8','RICE RETAILER','V3b52a903:1362da0716c:-7ffb','CAPITAL','decimal','30000.00','\0sr\0java.util.ArrayListxa\0I\0sizexp\0\0\0\0w\0\0\0\nx',0),('BP2a8c8a24:1363832b9dd:-7fb7:L-12f70615:1362b0b3421:-7feb:V-12f70615:1362b0b3421:-7fe8','BP2a8c8a24:1363832b9dd:-7fb7','L-12f70615:1362b0b3421:-7feb','SARI2X STORE','V-12f70615:1362b0b3421:-7fe8','GROSS','decimal','40000.00','\0sr\0java.util.ArrayListxa\0I\0sizexp\0\0\0\0w\0\0\0\nx',0),('BP2a8c8a24:1363832b9dd:-7fb7:L45c5662b:13633239641:-7ff8:V-12f70615:1362b0b3421:-7fe8','BP2a8c8a24:1363832b9dd:-7fb7','L45c5662b:13633239641:-7ff8','RICE RETAILER','V-12f70615:1362b0b3421:-7fe8','GROSS','decimal','30000.00','\0sr\0java.util.ArrayListxa\0I\0sizexp\0\0\0\0w\0\0\0\nx',0),('BP2a8c8a24:1363832b9dd:-7fc0:L-12f70615:1362b0b3421:-7feb:V-12f70615:1362b0b3421:-7fe8','BP2a8c8a24:1363832b9dd:-7fc0','L-12f70615:1362b0b3421:-7feb','SARI2X STORE','V-12f70615:1362b0b3421:-7fe8','GROSS','decimal','50000.00','\0sr\0java.util.ArrayListxa\0I\0sizexp\0\0\0\0w\0\0\0\nx',0),('BP2a8c8a24:1363832b9dd:-7fe1:L-12f70615:1362b0b3421:-7feb:V-12f70615:1362b0b3421:-7fe8','BP2a8c8a24:1363832b9dd:-7fe1','L-12f70615:1362b0b3421:-7feb','SARI2X STORE','V-12f70615:1362b0b3421:-7fe8','GROSS','decimal','100000.00','\0sr\0java.util.ArrayListxa\0I\0sizexp\0\0\0\0w\0\0\0\nx',0),('BP2a8c8a24:1363832b9dd:-7fe8:L45c5662b:13633239641:-7fb1:V45c5662b:13633239641:-7ff2','BP2a8c8a24:1363832b9dd:-7fe8','L45c5662b:13633239641:-7fb1','BILLIARD','V45c5662b:13633239641:-7ff2','NO_OF_TABLES','integer','5','\0sr\0java.util.ArrayListxa\0I\0sizexp\0\0\0\0w\0\0\0\nx',0),('BP2a8c8a24:1363832b9dd:-7ff8:L-12f70615:1362b0b3421:-7feb:V3b52a903:1362da0716c:-7ffb','BP2a8c8a24:1363832b9dd:-7ff8','L-12f70615:1362b0b3421:-7feb','SARI2X STORE','V3b52a903:1362da0716c:-7ffb','CAPITAL','decimal','50000.00','\0sr\0java.util.ArrayListxa\0I\0sizexp\0\0\0\0w\0\0\0\nx',0),('BP3284830e:136dfa7dffc:-7ff6:L-12f70615:1362b0b3421:-7feb:V3b52a903:1362da0716c:-7ffb','BP3284830e:136dfa7dffc:-7ff6','L-12f70615:1362b0b3421:-7feb','SARI2X STORE','V3b52a903:1362da0716c:-7ffb','CAPITAL','decimal','60000','\0sr\0java.util.ArrayListxa\0I\0sizexp\0\0\0\0w\0\0\0\nx',0),('BP4eb9968d:13639066586:-7fc3:L45c5662b:13633239641:-7ff8:V-12f70615:1362b0b3421:-7fe8','BP4eb9968d:13639066586:-7fc3','L45c5662b:13633239641:-7ff8','RICE RETAILER','V-12f70615:1362b0b3421:-7fe8','GROSS','decimal','500000.00','\0sr\0java.util.ArrayListxa\0I\0sizexp\0\0\0\0w\0\0\0\nx',0),('BP4eb9968d:13639066586:-7fcc:L-12f70615:1362b0b3421:-7feb:V-12f70615:1362b0b3421:-7fe8','BP4eb9968d:13639066586:-7fcc','L-12f70615:1362b0b3421:-7feb','SARI2X STORE','V-12f70615:1362b0b3421:-7fe8','GROSS','decimal','500000.00','\0sr\0java.util.ArrayListxa\0I\0sizexp\0\0\0\0w\0\0\0\nx',0),('BP4eb9968d:13639066586:-7ff2:L-12f70615:1362b0b3421:-7feb:V-12f70615:1362b0b3421:-7fe8','BP4eb9968d:13639066586:-7ff2','L-12f70615:1362b0b3421:-7feb','SARI2X STORE','V-12f70615:1362b0b3421:-7fe8','GROSS','decimal','40000.00','\0sr\0java.util.ArrayListxa\0I\0sizexp\0\0\0\0w\0\0\0\nx',0),('BP4eb9968d:13639066586:-7ff2:L45c5662b:13633239641:-7ff8:V-12f70615:1362b0b3421:-7fe8','BP4eb9968d:13639066586:-7ff2','L45c5662b:13633239641:-7ff8','RICE RETAILER','V-12f70615:1362b0b3421:-7fe8','GROSS','decimal','80000.00','\0sr\0java.util.ArrayListxa\0I\0sizexp\0\0\0\0w\0\0\0\nx',0),('BP64a5485:1363ae89640:-7fd1:L-12f70615:1362b0b3421:-7feb:V-12f70615:1362b0b3421:-7fe8','BP64a5485:1363ae89640:-7fd1','L-12f70615:1362b0b3421:-7feb','SARI2X STORE','V-12f70615:1362b0b3421:-7fe8','GROSS','decimal','30000.00','\0sr\0java.util.ArrayListxa\0I\0sizexp\0\0\0\0w\0\0\0\nx',0),('BP64a5485:1363ae89640:-7fd1:L45c5662b:13633239641:-7ff8:V-12f70615:1362b0b3421:-7fe8','BP64a5485:1363ae89640:-7fd1','L45c5662b:13633239641:-7ff8','RICE RETAILER','V-12f70615:1362b0b3421:-7fe8','GROSS','decimal','50000.00','\0sr\0java.util.ArrayListxa\0I\0sizexp\0\0\0\0w\0\0\0\nx',0);

/*Table structure for table `bpapplication` */

DROP TABLE IF EXISTS `bpapplication`;

CREATE TABLE `bpapplication` (
  `objid` varchar(50) NOT NULL,
  `schemaname` varchar(50) NOT NULL,
  `schemaversion` varchar(50) NOT NULL,
  `docstate` varchar(15) NOT NULL,
  `businessid` varchar(50) default NULL,
  `info` text,
  `txnmode` varchar(15) NOT NULL,
  `txntype` varchar(15) NOT NULL,
  `taxpayerid` varchar(50) NOT NULL,
  `tradename` varchar(500) NOT NULL,
  `businessaddress` varchar(500) NOT NULL,
  `txndate` date NOT NULL,
  `txnno` varchar(200) NOT NULL,
  `iyear` int(11) NOT NULL,
  `parentid` varchar(50) default NULL,
  `extended` text,
  `barcode` varchar(100) default NULL,
  `lobs` text,
  `appinfos` text,
  `taxfees` text,
  `receivables` text,
  `credits` text,
  `assessments` text,
  PRIMARY KEY  (`objid`),
  KEY `ix_bpapplication_docstate` (`docstate`),
  KEY `ix_bpapplication_businesid` (`businessid`),
  KEY `ix_bpapplication_businesid_docstate` (`businessid`,`docstate`),
  KEY `ix_bpapplication_txnno` (`txnno`),
  KEY `ix_bpapplication_tradename` (`tradename`),
  KEY `ix_bpapplication_barcode` (`barcode`)
) ENGINE=InnoDB DEFAULT CHARSET=latin1;

/*Data for the table `bpapplication` */

insert  into `bpapplication`(`objid`,`schemaname`,`schemaversion`,`docstate`,`businessid`,`info`,`txnmode`,`txntype`,`taxpayerid`,`tradename`,`businessaddress`,`txndate`,`txnno`,`iyear`,`parentid`,`extended`,`barcode`,`lobs`,`appinfos`,`taxfees`,`receivables`,`credits`,`assessments`) values ('BP-12f70615:1362b0b3421:-7fe9','bpapplication:bpapplication','1.0','PERMIT_PENDING','BUS-77eb9ad:1362de475cb:-7f39','[taxpayername:\"VERGARA, JAYROME\",taxpayeraddress:\"CEBU CITY\",contactno:null,taxpayerid:\"E-12f70615:1362b0b3421:-7fed\",organization:\"SINGLE PROPRIETORSHIP\",officetype:\"MAIN\",tradename:\"JAYROME STORE\",businessaddress:\"CEBU CITY\",barangay:[barangayid:\"100-01-0001\",barangayname:\"BRGY 1\"],applicationsignatories:[],assessmentsignatories:[],requirements:[]]','ONLINE','NEW','E-12f70615:1362b0b3421:-7fed','JAYROME STORE','CEBU CITY','2012-03-19','20120000001',2012,NULL,'[payments:[[refno:\"GP-1000005-W\",refid:\"RCT-77eb9ad:1362de475cb:-7f35\",reftype:\"ONLINE\",refdate:\"2012-03-20\",qtr:4,year:2012,lastyearpaid:null,lastqtrpaid:0,amount:50.00,head:null]],lastmodified:1332237611000]','0115120120000001','[[lobid:\"L-12f70615:1362b0b3421:-7feb\",name:\"SARI2X STORE\",assessmenttype:\"NEW\",classificationid:\"LC68fbd6ca:135e5876658:-7fc7\",iyear:2012]]','[[value:100000.00,required:true,datatype:\"decimal\",requiredbeforeprint:false,category:\"SARI2X STORE\",requiredperlob:true,caption:\"CAPITAL\",arrayvalues:[],lobid:\"L-12f70615:1362b0b3421:-7feb\",varid:\"V3b52a903:1362da0716c:-7ffb\",varname:\"CAPITAL\",items:[],vartype:\"decimal\",varcaption:\"CAPITAL\",lobname:\"SARI2X STORE\",objid:\"V3b52a903:1362da0716c:-7ffb\",rulename:\"INFO_CAPITAL\"]]','[[appid:\"BP-12f70615:1362b0b3421:-7fe9\",lobid:\"L-12f70615:1362b0b3421:-7feb\",lobname:\"SARI2X STORE\",acctid:\"IA3b52a903:1362da0716c:-7ff6\",accttitle:\"BUSINESS TAX ON RETAILER\",systype:\"BUSINESS_TAX\",rulename:\"BT_NEW_RETAILER\",assessedvalue:50.000000,amountdue:50.000000]]','[[objid:\"BPRC-77eb9ad:1362de475cb:-7f38\",businessid:\"BUS-77eb9ad:1362de475cb:-7f39\",applicationid:\"BP-12f70615:1362b0b3421:-7fe9\",applicationtype:null,appno:\"20120000001\",iyear:2012,iqtr:1,lobid:\"L-12f70615:1362b0b3421:-7feb\",lobname:\"SARI2X STORE\",acctid:\"IA3b52a903:1362da0716c:-7ff6\",acctno:null,accttitle:\"BUSINESS TAX ON RETAILER\",surcharge:0.00,interest:0.00,discount:0.00,amount:50.00,amtpaid:50.00]]','[[objid:\"BPRCR-77eb9ad:1362de475cb:-7f31\",bpreceivableid:\"BPRC-77eb9ad:1362de475cb:-7f38\",refid:\"RCT-77eb9ad:1362de475cb:-7f35\",reftype:\"ONLINE\",refno:\"GP-1000005-W\",refdate:\"2012-03-20\",amount:50.00,surcharge:0.00,interest:0.00,discount:0.00,totalamount:50.00]]',NULL),('BP-143ca2da:136b9fd5ad5:-7ff9','bpapplication:bpapplication','1.0','FOR_REVIEW',NULL,'[taxpayeraddress:\"CEBU CITY\",contactno:null,taxpayerid:\"E-12f70615:1362b0b3421:-7fed\",barangay:[barangayname:\"BRGY 1\",barangayid:\"100-01-0001\"],officetype:\"MAIN\",taxpayername:\"VERGARA, JAYROME\",businessaddress:\"CEBU CITY\",tradename:\"THE OTHER STORE\",organization:\"SINGLE PROPRIETORSHIP\",applicationsignatories:[],assessmentsignatories:[],requirements:[]]','ONLINE','NEW','E-12f70615:1362b0b3421:-7fed','THE OTHER STORE','CEBU CITY','2012-04-16','20120000015',2012,NULL,'[_step_:3]','0115120120000015','[[lobid:\"L-12f70615:1362b0b3421:-7feb\",assessmenttype:\"NEW\",iyear:2012,name:\"SARI2X STORE\",classificationid:\"LC68fbd6ca:135e5876658:-7fe3\"],[lobid:\"L45c5662b:13633239641:-7fb1\",assessmenttype:\"NEW\",iyear:2012,name:\"BILLIARD\",classificationid:\"LC68fbd6ca:135e5876658:-7fc7\"]]','[[value:200000,required:true,category:\"BILLIARD\",datatype:\"decimal\",requiredbeforeprint:false,requiredperlob:true,caption:\"CAPITAL\",arrayvalues:[],lobid:\"L45c5662b:13633239641:-7fb1\",printtopermit:null,varid:\"V3b52a903:1362da0716c:-7ffb\",items:[],varname:\"CAPITAL\",vartype:\"decimal\",varcaption:\"CAPITAL\",lobname:\"BILLIARD\",objid:\"V3b52a903:1362da0716c:-7ffb\",rulename:\"ASK_CAPITAL\"],[value:100000,required:true,category:\"SARI2X STORE\",datatype:\"decimal\",requiredbeforeprint:false,requiredperlob:true,caption:\"CAPITAL\",arrayvalues:[],lobid:\"L-12f70615:1362b0b3421:-7feb\",printtopermit:null,varid:\"V3b52a903:1362da0716c:-7ffb\",items:[],varname:\"CAPITAL\",vartype:\"decimal\",varcaption:\"CAPITAL\",lobname:\"SARI2X STORE\",objid:\"V3b52a903:1362da0716c:-7ffb\",rulename:\"ASK_CAPITAL\"]]','[[appid:\"BP-143ca2da:136b9fd5ad5:-7ff9\",lobid:\"L45c5662b:13633239641:-7fb1\",lobname:\"BILLIARD\",acctid:\"IA3b52a903:1362da0716c:-7ff6\",accttitle:\"BUSINESS TAX ON RETAILER\",systype:\"BUSINESS_TAX\",rulename:\"BT_NEW\",assessedvalue:1500.0000,amountdue:1500.0000],[appid:\"BP-143ca2da:136b9fd5ad5:-7ff9\",lobid:\"L-12f70615:1362b0b3421:-7feb\",lobname:\"SARI2X STORE\",acctid:\"IA3b52a903:1362da0716c:-7ff6\",accttitle:\"BUSINESS TAX ON RETAILER\",systype:\"BUSINESS_TAX\",rulename:\"BT_NEW\",assessedvalue:750.0000,amountdue:750.0000]]','[]','[]',NULL),('BP-180db72b:136df9875d1:-7ff8','bpapplication:bpapplication','1.0','ACTIVE','BUS3284830e:136dfa7dffc:-7ffd','[taxpayername:\"VERGARA, ROJEAN\",taxpayeraddress:\"CEBU CITY\",contactno:null,taxpayerid:\"E-180db72b:136df9875d1:-7ffa\",organization:\"SINGLE PROPRIETORSHIP\",officetype:\"MAIN\",tradename:\"RJ SARI2X STORE\",businessaddress:\"CEBU CITY\",barangay:[barangayid:\"100-01-0001\",barangayname:\"BRGY 1\"],applicationsignatories:[],assessmentsignatories:[],requirements:[]]','ONLINE','NEW','E-180db72b:136df9875d1:-7ffa','RJ SARI2X STORE','CEBU CITY','2012-04-23','20120000017',2012,NULL,'[payments:[[refno:\"W-5000102-G\",refid:\"RCT3284830e:136dfa7dffc:-7ff3\",reftype:\"ONLINE\",refdate:\"2012-04-23\",qtr:4,year:2012,lastyearpaid:null,lastqtrpaid:0,amount:1500.00,head:null]],lastmodified:1335192773000]','0115120120000017','[[lobid:\"L-12f70615:1362b0b3421:-7feb\",name:\"SARI2X STORE\",assessmenttype:\"NEW\",classificationid:\"LC68fbd6ca:135e5876658:-7fe3\",iyear:2012],[lobid:\"L45c5662b:13633239641:-7ff6\",name:\"ICE CREAM MAKER\",assessmenttype:\"NEW\",classificationid:\"LC68fbd6ca:135e5876658:-7fe1\",iyear:2012]]','[[required:true,requiredbeforeprint:false,requiredperlob:true,arrayvalues:[],lobid:\"L45c5662b:13633239641:-7ff6\",printtopermit:null,varid:\"V3b52a903:1362da0716c:-7ffb\",varname:\"CAPITAL\",vartype:\"decimal\",varcaption:\"CAPITAL\",lobname:\"ICE CREAM MAKER\",objid:\"V3b52a903:1362da0716c:-7ffb\",rulename:\"ASK_CAPITAL\",datatype:\"decimal\",category:\"ICE CREAM MAKER\",caption:\"CAPITAL\",items:[],value:100000.00],[required:true,requiredbeforeprint:false,requiredperlob:true,arrayvalues:[],lobid:\"L-12f70615:1362b0b3421:-7feb\",printtopermit:null,varid:\"V3b52a903:1362da0716c:-7ffb\",varname:\"CAPITAL\",vartype:\"decimal\",varcaption:\"CAPITAL\",lobname:\"SARI2X STORE\",objid:\"V3b52a903:1362da0716c:-7ffb\",rulename:\"ASK_CAPITAL\",datatype:\"decimal\",category:\"SARI2X STORE\",caption:\"CAPITAL\",items:[],value:100000.00]]','[[appid:\"BP-180db72b:136df9875d1:-7ff8\",lobid:\"L45c5662b:13633239641:-7ff6\",lobname:\"ICE CREAM MAKER\",acctid:\"IA3b52a903:1362da0716c:-7ff6\",accttitle:\"BUSINESS TAX ON RETAILER\",systype:\"BUSINESS_TAX\",rulename:\"BT_NEW\",assessedvalue:750.000000,amountdue:750.000000],[appid:\"BP-180db72b:136df9875d1:-7ff8\",lobid:\"L-12f70615:1362b0b3421:-7feb\",lobname:\"SARI2X STORE\",acctid:\"IA3b52a903:1362da0716c:-7ff6\",accttitle:\"BUSINESS TAX ON RETAILER\",systype:\"BUSINESS_TAX\",rulename:\"BT_NEW\",assessedvalue:750.000000,amountdue:750.000000]]','[[objid:\"BPRC3284830e:136dfa7dffc:-7ffc\",businessid:\"BUS3284830e:136dfa7dffc:-7ffd\",applicationid:\"BP-180db72b:136df9875d1:-7ff8\",applicationtype:null,appno:\"20120000017\",iyear:2012,iqtr:2,lobid:\"L45c5662b:13633239641:-7ff6\",lobname:\"ICE CREAM MAKER\",acctid:\"IA3b52a903:1362da0716c:-7ff6\",acctno:null,accttitle:\"BUSINESS TAX ON RETAILER\",surcharge:0.00,interest:0.00,discount:0.00,amount:750.00,amtpaid:750.00],[objid:\"BPRC3284830e:136dfa7dffc:-7ffb\",businessid:\"BUS3284830e:136dfa7dffc:-7ffd\",applicationid:\"BP-180db72b:136df9875d1:-7ff8\",applicationtype:null,appno:\"20120000017\",iyear:2012,iqtr:2,lobid:\"L-12f70615:1362b0b3421:-7feb\",lobname:\"SARI2X STORE\",acctid:\"IA3b52a903:1362da0716c:-7ff6\",acctno:null,accttitle:\"BUSINESS TAX ON RETAILER\",surcharge:0.00,interest:0.00,discount:0.00,amount:750.00,amtpaid:750.00]]','[[objid:\"BPRCR3284830e:136dfa7dffc:-7fee\",bpreceivableid:\"BPRC3284830e:136dfa7dffc:-7ffc\",refid:\"RCT3284830e:136dfa7dffc:-7ff3\",reftype:\"ONLINE\",refno:\"W-5000102-G\",refdate:\"2012-04-23\",amount:750.00,surcharge:0.00,interest:0.00,discount:0.00,totalamount:750.00],[objid:\"BPRCR3284830e:136dfa7dffc:-7fed\",bpreceivableid:\"BPRC3284830e:136dfa7dffc:-7ffb\",refid:\"RCT3284830e:136dfa7dffc:-7ff3\",reftype:\"ONLINE\",refno:\"W-5000102-G\",refdate:\"2012-04-23\",amount:750.00,surcharge:0.00,interest:0.00,discount:0.00,totalamount:750.00]]',NULL),('BP-5b932d89:1363d121758:-7ffc','bpapplication:bpapplication','1.0','EXPIRED','BUS-5b932d89:1363d121758:-7ffb','[taxpayername:\"VERGARA, JAYROME\",taxpayeraddress:\"CEBU CITY\",contactno:null,taxpayerid:\"E-12f70615:1362b0b3421:-7fed\",organization:\"SINGLE PROPRIETORSHIP\",officetype:\"MAIN\",tradename:\"TINDAHAN NI JAY\",businessaddress:\"CEBU CITY\",barangay:[barangayid:\"100-01-0001\",barangayname:\"BRGY 1\"],applicationsignatories:[],assessmentsignatories:[],requirements:[]]','CAPTURE','RENEW','E-12f70615:1362b0b3421:-7fed','TINDAHAN NI JAY','CEBU CITY','2011-03-23','20120000012',2011,NULL,'[payments:[[refno:\"12345\",refid:null,reftype:\"OFFLINE\",refdate:\"2011-03-01\",qtr:4,year:null,lastyearpaid:null,lastqtrpaid:4,amount:3000.00,head:null]],lastmodified:1332464855000]','0115120120000012','[[lobid:\"L45c5662b:13633239641:-7ff8\",name:\"RICE RETAILER\",assessmenttype:\"RENEW\",classificationid:\"LC68fbd6ca:135e5876658:-7fe3\",iyear:2011],[lobid:\"L-12f70615:1362b0b3421:-7feb\",name:\"SARI2X STORE\",assessmenttype:\"RENEW\",classificationid:\"LC68fbd6ca:135e5876658:-7fe3\",iyear:2011]]','[[lobid:\"L45c5662b:13633239641:-7ff8\",required:true,varid:\"V-12f70615:1362b0b3421:-7fe8\",varname:\"GROSS\",vartype:\"decimal\",requiredbeforeprint:false,requiredperlob:true,varcaption:\"GROSS\",lobname:\"RICE RETAILER\",objid:\"V-12f70615:1362b0b3421:-7fe8\",arrayvalues:[],rulename:\"ASK_GROSS\",datatype:\"decimal\",category:\"RICE RETAILER\",caption:\"GROSS\",items:[],value:100000.00],[lobid:\"L-12f70615:1362b0b3421:-7feb\",required:true,varid:\"V-12f70615:1362b0b3421:-7fe8\",varname:\"GROSS\",vartype:\"decimal\",requiredbeforeprint:false,requiredperlob:true,varcaption:\"GROSS\",lobname:\"SARI2X STORE\",objid:\"V-12f70615:1362b0b3421:-7fe8\",arrayvalues:[],rulename:\"ASK_GROSS\",datatype:\"decimal\",category:\"SARI2X STORE\",caption:\"GROSS\",items:[],value:100000.00]]','[[appid:\"BP-5b932d89:1363d121758:-7ffc\",lobid:\"L45c5662b:13633239641:-7ff8\",lobname:\"RICE RETAILER\",acctid:\"IA3b52a903:1362da0716c:-7ff6\",accttitle:\"BUSINESS TAX ON RETAILER\",systype:\"BUSINESS_TAX\",rulename:\"BT_RETAILER_RENEW\",assessedvalue:2000.0000,amountdue:1000.00],[appid:\"BP-5b932d89:1363d121758:-7ffc\",lobid:\"L-12f70615:1362b0b3421:-7feb\",lobname:\"SARI2X STORE\",acctid:\"IA3b52a903:1362da0716c:-7ff6\",accttitle:\"BUSINESS TAX ON RETAILER\",systype:\"BUSINESS_TAX\",rulename:\"BT_RETAILER_RENEW\",assessedvalue:2000.0000,amountdue:2000.0000]]','[[objid:\"BPRC-5b932d89:1363d121758:-7ffa\",businessid:\"BUS-5b932d89:1363d121758:-7ffb\",applicationid:\"BP-5b932d89:1363d121758:-7ffc\",applicationtype:null,appno:\"20120000012\",iyear:2011,iqtr:1,lobid:\"L45c5662b:13633239641:-7ff8\",lobname:\"RICE RETAILER\",acctid:\"IA3b52a903:1362da0716c:-7ff6\",acctno:null,accttitle:\"BUSINESS TAX ON RETAILER\",surcharge:0.00,interest:0.00,discount:0.00,amount:250.00,amtpaid:250.00],[objid:\"BPRC-5b932d89:1363d121758:-7ff9\",businessid:\"BUS-5b932d89:1363d121758:-7ffb\",applicationid:\"BP-5b932d89:1363d121758:-7ffc\",applicationtype:null,appno:\"20120000012\",iyear:2011,iqtr:2,lobid:\"L45c5662b:13633239641:-7ff8\",lobname:\"RICE RETAILER\",acctid:\"IA3b52a903:1362da0716c:-7ff6\",acctno:null,accttitle:\"BUSINESS TAX ON RETAILER\",surcharge:0.00,interest:0.00,discount:0.00,amount:250.00,amtpaid:250.00],[objid:\"BPRC-5b932d89:1363d121758:-7ff8\",businessid:\"BUS-5b932d89:1363d121758:-7ffb\",applicationid:\"BP-5b932d89:1363d121758:-7ffc\",applicationtype:null,appno:\"20120000012\",iyear:2011,iqtr:3,lobid:\"L45c5662b:13633239641:-7ff8\",lobname:\"RICE RETAILER\",acctid:\"IA3b52a903:1362da0716c:-7ff6\",acctno:null,accttitle:\"BUSINESS TAX ON RETAILER\",surcharge:0.00,interest:0.00,discount:0.00,amount:250.00,amtpaid:250.00],[objid:\"BPRC-5b932d89:1363d121758:-7ff7\",businessid:\"BUS-5b932d89:1363d121758:-7ffb\",applicationid:\"BP-5b932d89:1363d121758:-7ffc\",applicationtype:null,appno:\"20120000012\",iyear:2011,iqtr:4,lobid:\"L45c5662b:13633239641:-7ff8\",lobname:\"RICE RETAILER\",acctid:\"IA3b52a903:1362da0716c:-7ff6\",acctno:null,accttitle:\"BUSINESS TAX ON RETAILER\",surcharge:0.00,interest:0.00,discount:0.00,amount:250.00,amtpaid:250.00],[objid:\"BPRC-5b932d89:1363d121758:-7ff6\",businessid:\"BUS-5b932d89:1363d121758:-7ffb\",applicationid:\"BP-5b932d89:1363d121758:-7ffc\",applicationtype:null,appno:\"20120000012\",iyear:2011,iqtr:1,lobid:\"L-12f70615:1362b0b3421:-7feb\",lobname:\"SARI2X STORE\",acctid:\"IA3b52a903:1362da0716c:-7ff6\",acctno:null,accttitle:\"BUSINESS TAX ON RETAILER\",surcharge:0.00,interest:0.00,discount:0.00,amount:500.00,amtpaid:500.00],[objid:\"BPRC-5b932d89:1363d121758:-7ff5\",businessid:\"BUS-5b932d89:1363d121758:-7ffb\",applicationid:\"BP-5b932d89:1363d121758:-7ffc\",applicationtype:null,appno:\"20120000012\",iyear:2011,iqtr:2,lobid:\"L-12f70615:1362b0b3421:-7feb\",lobname:\"SARI2X STORE\",acctid:\"IA3b52a903:1362da0716c:-7ff6\",acctno:null,accttitle:\"BUSINESS TAX ON RETAILER\",surcharge:0.00,interest:0.00,discount:0.00,amount:500.00,amtpaid:500.00],[objid:\"BPRC-5b932d89:1363d121758:-7ff4\",businessid:\"BUS-5b932d89:1363d121758:-7ffb\",applicationid:\"BP-5b932d89:1363d121758:-7ffc\",applicationtype:null,appno:\"20120000012\",iyear:2011,iqtr:3,lobid:\"L-12f70615:1362b0b3421:-7feb\",lobname:\"SARI2X STORE\",acctid:\"IA3b52a903:1362da0716c:-7ff6\",acctno:null,accttitle:\"BUSINESS TAX ON RETAILER\",surcharge:0.00,interest:0.00,discount:0.00,amount:500.00,amtpaid:500.00],[objid:\"BPRC-5b932d89:1363d121758:-7ff3\",businessid:\"BUS-5b932d89:1363d121758:-7ffb\",applicationid:\"BP-5b932d89:1363d121758:-7ffc\",applicationtype:null,appno:\"20120000012\",iyear:2011,iqtr:4,lobid:\"L-12f70615:1362b0b3421:-7feb\",lobname:\"SARI2X STORE\",acctid:\"IA3b52a903:1362da0716c:-7ff6\",acctno:null,accttitle:\"BUSINESS TAX ON RETAILER\",surcharge:0.00,interest:0.00,discount:0.00,amount:500.00,amtpaid:500.00]]','[[objid:\"BPRCR-5b932d89:1363d121758:-7ff0\",bpreceivableid:\"BPRC-5b932d89:1363d121758:-7ffa\",refid:null,reftype:\"OFFLINE\",refno:\"12345\",refdate:\"2011-03-01\",amount:250.00,surcharge:0.00,interest:0.00,discount:0.00,totalamount:250.00],[objid:\"BPRCR-5b932d89:1363d121758:-7fef\",bpreceivableid:\"BPRC-5b932d89:1363d121758:-7ff9\",refid:null,reftype:\"OFFLINE\",refno:\"12345\",refdate:\"2011-03-01\",amount:250.00,surcharge:0.00,interest:0.00,discount:0.00,totalamount:250.00],[objid:\"BPRCR-5b932d89:1363d121758:-7fee\",bpreceivableid:\"BPRC-5b932d89:1363d121758:-7ff8\",refid:null,reftype:\"OFFLINE\",refno:\"12345\",refdate:\"2011-03-01\",amount:250.00,surcharge:0.00,interest:0.00,discount:0.00,totalamount:250.00],[objid:\"BPRCR-5b932d89:1363d121758:-7fed\",bpreceivableid:\"BPRC-5b932d89:1363d121758:-7ff7\",refid:null,reftype:\"OFFLINE\",refno:\"12345\",refdate:\"2011-03-01\",amount:250.00,surcharge:0.00,interest:0.00,discount:0.00,totalamount:250.00],[objid:\"BPRCR-5b932d89:1363d121758:-7fec\",bpreceivableid:\"BPRC-5b932d89:1363d121758:-7ff6\",refid:null,reftype:\"OFFLINE\",refno:\"12345\",refdate:\"2011-03-01\",amount:500.00,surcharge:0.00,interest:0.00,discount:0.00,totalamount:500.00],[objid:\"BPRCR-5b932d89:1363d121758:-7feb\",bpreceivableid:\"BPRC-5b932d89:1363d121758:-7ff5\",refid:null,reftype:\"OFFLINE\",refno:\"12345\",refdate:\"2011-03-01\",amount:500.00,surcharge:0.00,interest:0.00,discount:0.00,totalamount:500.00],[objid:\"BPRCR-5b932d89:1363d121758:-7fea\",bpreceivableid:\"BPRC-5b932d89:1363d121758:-7ff4\",refid:null,reftype:\"OFFLINE\",refno:\"12345\",refdate:\"2011-03-01\",amount:500.00,surcharge:0.00,interest:0.00,discount:0.00,totalamount:500.00],[objid:\"BPRCR-5b932d89:1363d121758:-7fe9\",bpreceivableid:\"BPRC-5b932d89:1363d121758:-7ff3\",refid:null,reftype:\"OFFLINE\",refno:\"12345\",refdate:\"2011-03-01\",amount:500.00,surcharge:0.00,interest:0.00,discount:0.00,totalamount:500.00]]',NULL),('BP-67039395:136b9d6e2fe:-7ff2','bpapplication:bpapplication','1.0','FOR_APPROVAL',NULL,'[taxpayeraddress:\"CEBU CITY\",contactno:null,taxpayerid:\"E-12f70615:1362b0b3421:-7fed\",officetype:\"MAIN\",barangay:[barangayname:\"BRGY 1\",barangayid:\"100-01-0001\"],applicationsignatories:[],requirements:[],taxpayername:\"VERGARA, JAYROME\",assessmentsignatories:[],organization:\"SINGLE PROPRIETORSHIP\",tradename:\"JAYROME\'S INTERNET CAFE\",businessaddress:\"CEBU CITY\"]','ONLINE','NEW','E-12f70615:1362b0b3421:-7fed','JAYROME\'S INTERNET CAFE','CEBU CITY','2012-04-16','20120000014',2012,NULL,'[_step_:3]','0115120120000014','[[lobid:\"L-67039395:136b9d6e2fe:-7ff5\",assessmenttype:\"NEW\",name:\"INTERNET SHOP\",iyear:2012,classificationid:\"LC68fbd6ca:135e5876658:-7fdf\"]]','[[value:200000,required:true,category:\"INTERNET SHOP\",datatype:\"decimal\",requiredbeforeprint:false,requiredperlob:true,caption:\"CAPITAL\",arrayvalues:[],lobid:\"L-67039395:136b9d6e2fe:-7ff5\",printtopermit:null,varid:\"V3b52a903:1362da0716c:-7ffb\",items:[],varname:\"CAPITAL\",vartype:\"decimal\",varcaption:\"CAPITAL\",lobname:\"INTERNET SHOP\",objid:\"V3b52a903:1362da0716c:-7ffb\",rulename:\"ASK_CAPITAL\"]]','[[systype:\"BUSINESS_TAX\",lobid:\"L-67039395:136b9d6e2fe:-7ff5\",amountdue:1500,assessedvalue:1500,acctid:\"IA3b52a903:1362da0716c:-7ff6\",lobname:\"INTERNET SHOP\",accttitle:\"BUSINESS TAX ON RETAILER\",appid:\"BP-67039395:136b9d6e2fe:-7ff2\",rulename:\"BT_NEW\"]]','[]','[]',NULL),('BP-787d141c:1363d5b6fa2:-7fb8','bpapplication:bpapplication','1.0','APPROVED','BUS-787d141c:1363d5b6fa2:-7fb7','[taxpayername:\"VERGARA, JAYROME\",taxpayeraddress:\"CEBU CITY\",contactno:null,taxpayerid:\"E-12f70615:1362b0b3421:-7fed\",organization:\"SINGLE PROPRIETORSHIP\",officetype:\"MAIN\",tradename:\"JAYROME STORE\",businessaddress:\"CEBU CITY\",barangay:[barangayid:\"100-01-0001\",barangayname:\"BRGY 1\"],applicationsignatories:[],assessmentsignatories:[],requirements:[]]','ONLINE','NEW','E-12f70615:1362b0b3421:-7fed','JAYROME STORE','CEBU CITY','2012-03-23','20120000013',2012,NULL,'[:]','0115120120000013','[[lobid:\"L45c5662b:13633239641:-7ff8\",name:\"RICE RETAILER\",assessmenttype:\"NEW\",classificationid:\"LC68fbd6ca:135e5876658:-7fe3\",iyear:2012]]','[[lobid:\"L45c5662b:13633239641:-7ff8\",required:true,varid:\"V3b52a903:1362da0716c:-7ffb\",varname:\"CAPITAL\",vartype:\"decimal\",requiredbeforeprint:false,requiredperlob:true,varcaption:\"CAPITAL\",lobname:\"RICE RETAILER\",objid:\"V3b52a903:1362da0716c:-7ffb\",arrayvalues:[],rulename:\"ASK_CAPITAL\",datatype:\"decimal\",category:\"RICE RETAILER\",caption:\"CAPITAL\",items:[],value:30000.00]]','[[appid:\"BP-787d141c:1363d5b6fa2:-7fb8\",lobid:\"L45c5662b:13633239641:-7ff8\",lobname:\"RICE RETAILER\",acctid:\"IA3b52a903:1362da0716c:-7ff6\",accttitle:\"BUSINESS TAX ON RETAILER\",systype:\"BUSINESS_TAX\",rulename:\"BT_RETAILER_NEW\",assessedvalue:30.000000,amountdue:15.00],[appid:\"BP-787d141c:1363d5b6fa2:-7fb8\",lobid:\"L45c5662b:13633239641:-7ff8\",lobname:\"RICE RETAILER\",acctid:\"IA-674651c6:135f4ea60bf:-7d43\",accttitle:\"MAYORS PERMIT FEE FOR ELECTRICAL INSTALLATION\",systype:null,rulename:\"MP_ALL\",assessedvalue:100,amountdue:100]]','[[objid:\"BPRC-787d141c:1363d5b6fa2:-7fb6\",businessid:\"BUS-787d141c:1363d5b6fa2:-7fb7\",applicationid:\"BP-787d141c:1363d5b6fa2:-7fb8\",applicationtype:null,appno:\"20120000013\",iyear:2012,iqtr:1,lobid:\"L45c5662b:13633239641:-7ff8\",lobname:\"RICE RETAILER\",acctid:\"IA3b52a903:1362da0716c:-7ff6\",acctno:null,accttitle:\"BUSINESS TAX ON RETAILER\",surcharge:0.0,interest:0.0,discount:0.0,amount:15.00,amtpaid:0.0],[objid:\"BPRC-787d141c:1363d5b6fa2:-7fb5\",businessid:\"BUS-787d141c:1363d5b6fa2:-7fb7\",applicationid:\"BP-787d141c:1363d5b6fa2:-7fb8\",applicationtype:null,appno:\"20120000013\",iyear:2012,iqtr:1,lobid:\"L45c5662b:13633239641:-7ff8\",lobname:\"RICE RETAILER\",acctid:\"IA-674651c6:135f4ea60bf:-7d43\",acctno:null,accttitle:\"MAYORS PERMIT FEE FOR ELECTRICAL INSTALLATION\",surcharge:0.0,interest:0.0,discount:0.0,amount:100.00,amtpaid:0.0]]','[]',NULL),('BP2a8c8a24:1363832b9dd:-7fb7','bpapplication:bpapplication','1.0','APPROVED','BUS2a8c8a24:1363832b9dd:-7fb6','[taxpayername:\"FLORES, WORGIE\",taxpayeraddress:\"CEBU CITY\",contactno:null,taxpayerid:\"E2a8c8a24:1363832b9dd:-7fb9\",organization:\"SINGLE PROPRIETORSHIP\",officetype:\"MAIN\",tradename:\"WORGIE SARI-SARI STORE\",businessaddress:\"CEBU CITY\",barangay:[barangayid:\"100-01-0001\",barangayname:\"BRGY 1\"],applicationsignatories:[],assessmentsignatories:[],requirements:[]]','CAPTURE','RENEW','E2a8c8a24:1363832b9dd:-7fb9','WORGIE SARI-SARI STORE','CEBU CITY','2012-03-22','20120000007',2012,NULL,'[:]','0115120120000007','[[lobid:\"L-12f70615:1362b0b3421:-7feb\",name:\"SARI2X STORE\",assessmenttype:\"RENEW\",classificationid:\"LC68fbd6ca:135e5876658:-7fe3\",iyear:2012],[lobid:\"L45c5662b:13633239641:-7ff8\",name:\"RICE RETAILER\",assessmenttype:\"RENEW\",classificationid:\"LC68fbd6ca:135e5876658:-7fe3\",iyear:2012]]','[[lobid:\"L45c5662b:13633239641:-7ff8\",required:true,varid:\"V-12f70615:1362b0b3421:-7fe8\",varname:\"GROSS\",vartype:\"decimal\",requiredbeforeprint:false,requiredperlob:true,varcaption:\"GROSS\",lobname:\"RICE RETAILER\",objid:\"V-12f70615:1362b0b3421:-7fe8\",arrayvalues:[],rulename:\"ASK_GROSS\",datatype:\"decimal\",category:\"RICE RETAILER\",caption:\"GROSS\",items:[],value:30000.00],[lobid:\"L-12f70615:1362b0b3421:-7feb\",required:true,varid:\"V-12f70615:1362b0b3421:-7fe8\",varname:\"GROSS\",vartype:\"decimal\",requiredbeforeprint:false,requiredperlob:true,varcaption:\"GROSS\",lobname:\"SARI2X STORE\",objid:\"V-12f70615:1362b0b3421:-7fe8\",arrayvalues:[],rulename:\"ASK_GROSS\",datatype:\"decimal\",category:\"SARI2X STORE\",caption:\"GROSS\",items:[],value:40000.00]]','[[appid:\"BP2a8c8a24:1363832b9dd:-7fb7\",lobid:\"L45c5662b:13633239641:-7ff8\",lobname:\"RICE RETAILER\",acctid:\"IA3b52a903:1362da0716c:-7ff6\",accttitle:\"BUSINESS TAX ON RETAILER\",systype:\"BUSINESS_TAX\",rulename:\"BT_RETAILER_RENEW\",assessedvalue:600.0000,amountdue:300.00],[appid:\"BP2a8c8a24:1363832b9dd:-7fb7\",lobid:\"L-12f70615:1362b0b3421:-7feb\",lobname:\"SARI2X STORE\",acctid:\"IA3b52a903:1362da0716c:-7ff6\",accttitle:\"BUSINESS TAX ON RETAILER\",systype:\"BUSINESS_TAX\",rulename:\"BT_RETAILER_RENEW\",assessedvalue:800.0000,amountdue:800.0000]]','[[objid:\"BPRC2a8c8a24:1363832b9dd:-7fb5\",businessid:\"BUS2a8c8a24:1363832b9dd:-7fb6\",applicationid:\"BP2a8c8a24:1363832b9dd:-7fb7\",applicationtype:null,appno:\"20120000007\",iyear:2012,iqtr:1,lobid:\"L45c5662b:13633239641:-7ff8\",lobname:\"RICE RETAILER\",acctid:\"IA3b52a903:1362da0716c:-7ff6\",acctno:null,accttitle:\"BUSINESS TAX ON RETAILER\",surcharge:0.0,interest:0.0,discount:0.0,amount:75.00,amtpaid:0.0],[objid:\"BPRC2a8c8a24:1363832b9dd:-7fb4\",businessid:\"BUS2a8c8a24:1363832b9dd:-7fb6\",applicationid:\"BP2a8c8a24:1363832b9dd:-7fb7\",applicationtype:null,appno:\"20120000007\",iyear:2012,iqtr:2,lobid:\"L45c5662b:13633239641:-7ff8\",lobname:\"RICE RETAILER\",acctid:\"IA3b52a903:1362da0716c:-7ff6\",acctno:null,accttitle:\"BUSINESS TAX ON RETAILER\",surcharge:0.0,interest:0.0,discount:0.0,amount:75.00,amtpaid:0.0],[objid:\"BPRC2a8c8a24:1363832b9dd:-7fb3\",businessid:\"BUS2a8c8a24:1363832b9dd:-7fb6\",applicationid:\"BP2a8c8a24:1363832b9dd:-7fb7\",applicationtype:null,appno:\"20120000007\",iyear:2012,iqtr:3,lobid:\"L45c5662b:13633239641:-7ff8\",lobname:\"RICE RETAILER\",acctid:\"IA3b52a903:1362da0716c:-7ff6\",acctno:null,accttitle:\"BUSINESS TAX ON RETAILER\",surcharge:0.0,interest:0.0,discount:0.0,amount:75.00,amtpaid:0.0],[objid:\"BPRC2a8c8a24:1363832b9dd:-7fb2\",businessid:\"BUS2a8c8a24:1363832b9dd:-7fb6\",applicationid:\"BP2a8c8a24:1363832b9dd:-7fb7\",applicationtype:null,appno:\"20120000007\",iyear:2012,iqtr:4,lobid:\"L45c5662b:13633239641:-7ff8\",lobname:\"RICE RETAILER\",acctid:\"IA3b52a903:1362da0716c:-7ff6\",acctno:null,accttitle:\"BUSINESS TAX ON RETAILER\",surcharge:0.0,interest:0.0,discount:0.0,amount:75.00,amtpaid:0.0],[objid:\"BPRC2a8c8a24:1363832b9dd:-7fb1\",businessid:\"BUS2a8c8a24:1363832b9dd:-7fb6\",applicationid:\"BP2a8c8a24:1363832b9dd:-7fb7\",applicationtype:null,appno:\"20120000007\",iyear:2012,iqtr:1,lobid:\"L-12f70615:1362b0b3421:-7feb\",lobname:\"SARI2X STORE\",acctid:\"IA3b52a903:1362da0716c:-7ff6\",acctno:null,accttitle:\"BUSINESS TAX ON RETAILER\",surcharge:0.0,interest:0.0,discount:0.0,amount:200.00,amtpaid:0.0],[objid:\"BPRC2a8c8a24:1363832b9dd:-7fb0\",businessid:\"BUS2a8c8a24:1363832b9dd:-7fb6\",applicationid:\"BP2a8c8a24:1363832b9dd:-7fb7\",applicationtype:null,appno:\"20120000007\",iyear:2012,iqtr:2,lobid:\"L-12f70615:1362b0b3421:-7feb\",lobname:\"SARI2X STORE\",acctid:\"IA3b52a903:1362da0716c:-7ff6\",acctno:null,accttitle:\"BUSINESS TAX ON RETAILER\",surcharge:0.0,interest:0.0,discount:0.0,amount:200.00,amtpaid:0.0],[objid:\"BPRC2a8c8a24:1363832b9dd:-7faf\",businessid:\"BUS2a8c8a24:1363832b9dd:-7fb6\",applicationid:\"BP2a8c8a24:1363832b9dd:-7fb7\",applicationtype:null,appno:\"20120000007\",iyear:2012,iqtr:3,lobid:\"L-12f70615:1362b0b3421:-7feb\",lobname:\"SARI2X STORE\",acctid:\"IA3b52a903:1362da0716c:-7ff6\",acctno:null,accttitle:\"BUSINESS TAX ON RETAILER\",surcharge:0.0,interest:0.0,discount:0.0,amount:200.00,amtpaid:0.0],[objid:\"BPRC2a8c8a24:1363832b9dd:-7fae\",businessid:\"BUS2a8c8a24:1363832b9dd:-7fb6\",applicationid:\"BP2a8c8a24:1363832b9dd:-7fb7\",applicationtype:null,appno:\"20120000007\",iyear:2012,iqtr:4,lobid:\"L-12f70615:1362b0b3421:-7feb\",lobname:\"SARI2X STORE\",acctid:\"IA3b52a903:1362da0716c:-7ff6\",acctno:null,accttitle:\"BUSINESS TAX ON RETAILER\",surcharge:0.0,interest:0.0,discount:0.0,amount:200.00,amtpaid:0.0]]','[]',NULL),('BP2a8c8a24:1363832b9dd:-7fc0','bpapplication:bpapplication','1.0','APPROVED','BUS2a8c8a24:1363832b9dd:-7fbf','[taxpayername:\"ESCARIO, REX\",taxpayeraddress:\"CEBU CITY\",contactno:null,taxpayerid:\"E2a8c8a24:1363832b9dd:-7fea\",organization:\"SINGLE PROPRIETORSHIP\",officetype:\"MAIN\",tradename:\"MY SARI2X STORE\",businessaddress:\"CEBU CITY\",barangay:[barangayid:\"100-01-0001\",barangayname:\"BRGY 1\"],applicationsignatories:[],assessmentsignatories:[],requirements:[]]','CAPTURE','RENEW','E2a8c8a24:1363832b9dd:-7fea','MY SARI2X STORE','CEBU CITY','2012-01-10','20120000006',2012,NULL,'[:]','0115120120000006','[[lobid:\"L-12f70615:1362b0b3421:-7feb\",name:\"SARI2X STORE\",assessmenttype:\"RENEW\",classificationid:\"LC68fbd6ca:135e5876658:-7fe3\",iyear:2012]]','[[lobid:\"L-12f70615:1362b0b3421:-7feb\",required:true,varid:\"V-12f70615:1362b0b3421:-7fe8\",varname:\"GROSS\",vartype:\"decimal\",requiredbeforeprint:false,requiredperlob:true,varcaption:\"GROSS\",lobname:\"SARI2X STORE\",objid:\"V-12f70615:1362b0b3421:-7fe8\",arrayvalues:[],rulename:\"ASK_GROSS\",datatype:\"decimal\",category:\"SARI2X STORE\",caption:\"GROSS\",items:[],value:50000.00]]','[[appid:\"BP2a8c8a24:1363832b9dd:-7fc0\",lobid:\"L-12f70615:1362b0b3421:-7feb\",lobname:\"SARI2X STORE\",acctid:\"IA3b52a903:1362da0716c:-7ff6\",accttitle:\"BUSINESS TAX ON RETAILER\",systype:\"BUSINESS_TAX\",rulename:\"BT_RETAILER_RENEW\",assessedvalue:1000.0000,amountdue:1000.0000]]','[[objid:\"BPRC2a8c8a24:1363832b9dd:-7fbe\",businessid:\"BUS2a8c8a24:1363832b9dd:-7fbf\",applicationid:\"BP2a8c8a24:1363832b9dd:-7fc0\",applicationtype:null,appno:\"20120000006\",iyear:2012,iqtr:1,lobid:\"L-12f70615:1362b0b3421:-7feb\",lobname:\"SARI2X STORE\",acctid:\"IA3b52a903:1362da0716c:-7ff6\",acctno:null,accttitle:\"BUSINESS TAX ON RETAILER\",surcharge:0.0,interest:0.0,discount:0.0,amount:250.00,amtpaid:0.0],[objid:\"BPRC2a8c8a24:1363832b9dd:-7fbd\",businessid:\"BUS2a8c8a24:1363832b9dd:-7fbf\",applicationid:\"BP2a8c8a24:1363832b9dd:-7fc0\",applicationtype:null,appno:\"20120000006\",iyear:2012,iqtr:2,lobid:\"L-12f70615:1362b0b3421:-7feb\",lobname:\"SARI2X STORE\",acctid:\"IA3b52a903:1362da0716c:-7ff6\",acctno:null,accttitle:\"BUSINESS TAX ON RETAILER\",surcharge:0.0,interest:0.0,discount:0.0,amount:250.00,amtpaid:0.0],[objid:\"BPRC2a8c8a24:1363832b9dd:-7fbc\",businessid:\"BUS2a8c8a24:1363832b9dd:-7fbf\",applicationid:\"BP2a8c8a24:1363832b9dd:-7fc0\",applicationtype:null,appno:\"20120000006\",iyear:2012,iqtr:3,lobid:\"L-12f70615:1362b0b3421:-7feb\",lobname:\"SARI2X STORE\",acctid:\"IA3b52a903:1362da0716c:-7ff6\",acctno:null,accttitle:\"BUSINESS TAX ON RETAILER\",surcharge:0.0,interest:0.0,discount:0.0,amount:250.00,amtpaid:0.0],[objid:\"BPRC2a8c8a24:1363832b9dd:-7fbb\",businessid:\"BUS2a8c8a24:1363832b9dd:-7fbf\",applicationid:\"BP2a8c8a24:1363832b9dd:-7fc0\",applicationtype:null,appno:\"20120000006\",iyear:2012,iqtr:4,lobid:\"L-12f70615:1362b0b3421:-7feb\",lobname:\"SARI2X STORE\",acctid:\"IA3b52a903:1362da0716c:-7ff6\",acctno:null,accttitle:\"BUSINESS TAX ON RETAILER\",surcharge:0.0,interest:0.0,discount:0.0,amount:250.00,amtpaid:0.0]]','[]',NULL),('BP2a8c8a24:1363832b9dd:-7fe1','bpapplication:bpapplication','1.0','APPROVED','BUS2a8c8a24:1363832b9dd:-7fe0','[taxpayername:\"ESCARIO, REX\",taxpayeraddress:\"CEBU CITY\",contactno:null,taxpayerid:\"E2a8c8a24:1363832b9dd:-7fea\",organization:\"SINGLE PROPRIETORSHIP\",officetype:\"MAIN\",tradename:\"REX SARI-SARI STORE\",businessaddress:\"CEBU CITY\",barangay:[barangayid:\"100-01-0001\",barangayname:\"BRGY 1\"],applicationsignatories:[],assessmentsignatories:[],requirements:[]]','CAPTURE','RENEW','E2a8c8a24:1363832b9dd:-7fea','REX SARI-SARI STORE','CEBU CITY','2011-03-22','20120000005',2011,NULL,'[:]','0115120120000005','[[lobid:\"L-12f70615:1362b0b3421:-7feb\",name:\"SARI2X STORE\",assessmenttype:\"RENEW\",classificationid:\"LC68fbd6ca:135e5876658:-7fe3\",iyear:2011]]','[[lobid:\"L-12f70615:1362b0b3421:-7feb\",required:true,varid:\"V-12f70615:1362b0b3421:-7fe8\",varname:\"GROSS\",vartype:\"decimal\",requiredbeforeprint:false,requiredperlob:true,varcaption:\"GROSS\",lobname:\"SARI2X STORE\",objid:\"V-12f70615:1362b0b3421:-7fe8\",arrayvalues:[],rulename:\"ASK_GROSS\",datatype:\"decimal\",category:\"SARI2X STORE\",caption:\"GROSS\",items:[],value:100000.00]]','[]','[]','[]',NULL),('BP2a8c8a24:1363832b9dd:-7fe8','bpapplication:bpapplication','1.0','APPROVED','BUS2a8c8a24:1363832b9dd:-7fe7','[taxpayername:\"ESCARIO, REX\",taxpayeraddress:\"CEBU CITY\",contactno:null,taxpayerid:\"E2a8c8a24:1363832b9dd:-7fea\",organization:\"SINGLE PROPRIETORSHIP\",officetype:\"MAIN\",tradename:\"REX BILLIARD\",businessaddress:\"CEBU CITY\",barangay:[barangayid:\"100-01-0001\",barangayname:\"BRGY 1\"],applicationsignatories:[],assessmentsignatories:[],requirements:[]]','CAPTURE','RENEW','E2a8c8a24:1363832b9dd:-7fea','REX BILLIARD','CEBU CITY','2012-03-22','20120000004',2012,NULL,'[:]','0115120120000004','[[lobid:\"L45c5662b:13633239641:-7fb1\",name:\"BILLIARD\",assessmenttype:\"RENEW\",classificationid:\"LC68fbd6ca:135e5876658:-7fc7\",iyear:2012]]','[[lobid:\"L45c5662b:13633239641:-7fb1\",required:true,varid:\"V45c5662b:13633239641:-7ff2\",varname:\"NO_OF_TABLES\",vartype:\"integer\",requiredbeforeprint:false,requiredperlob:true,varcaption:\"NO. OF TABLES\",lobname:\"BILLIARD\",objid:\"V45c5662b:13633239641:-7ff2\",arrayvalues:[],rulename:\"ASK_NO_OF_TABLES\",datatype:\"integer\",category:\"BILLIARD\",caption:\"NO. OF TABLES\",items:[],value:5]]','[[appid:\"BP2a8c8a24:1363832b9dd:-7fe8\",lobid:\"L45c5662b:13633239641:-7fb1\",lobname:\"BILLIARD\",acctid:\"IA3b52a903:1362da0716c:-7ff6\",accttitle:\"BUSINESS TAX ON RETAILER\",systype:\"BUSINESS_TAX\",rulename:\"BT_BILLIARD\",assessedvalue:1000,amountdue:800.00]]','[[objid:\"BPRC2a8c8a24:1363832b9dd:-7fe6\",businessid:\"BUS2a8c8a24:1363832b9dd:-7fe7\",applicationid:\"BP2a8c8a24:1363832b9dd:-7fe8\",applicationtype:null,appno:\"20120000004\",iyear:2012,iqtr:1,lobid:\"L45c5662b:13633239641:-7fb1\",lobname:\"BILLIARD\",acctid:\"IA3b52a903:1362da0716c:-7ff6\",acctno:null,accttitle:\"BUSINESS TAX ON RETAILER\",surcharge:0.0,interest:0.0,discount:0.0,amount:200.00,amtpaid:0.0],[objid:\"BPRC2a8c8a24:1363832b9dd:-7fe5\",businessid:\"BUS2a8c8a24:1363832b9dd:-7fe7\",applicationid:\"BP2a8c8a24:1363832b9dd:-7fe8\",applicationtype:null,appno:\"20120000004\",iyear:2012,iqtr:2,lobid:\"L45c5662b:13633239641:-7fb1\",lobname:\"BILLIARD\",acctid:\"IA3b52a903:1362da0716c:-7ff6\",acctno:null,accttitle:\"BUSINESS TAX ON RETAILER\",surcharge:0.0,interest:0.0,discount:0.0,amount:200.00,amtpaid:0.0],[objid:\"BPRC2a8c8a24:1363832b9dd:-7fe4\",businessid:\"BUS2a8c8a24:1363832b9dd:-7fe7\",applicationid:\"BP2a8c8a24:1363832b9dd:-7fe8\",applicationtype:null,appno:\"20120000004\",iyear:2012,iqtr:3,lobid:\"L45c5662b:13633239641:-7fb1\",lobname:\"BILLIARD\",acctid:\"IA3b52a903:1362da0716c:-7ff6\",acctno:null,accttitle:\"BUSINESS TAX ON RETAILER\",surcharge:0.0,interest:0.0,discount:0.0,amount:200.00,amtpaid:0.0],[objid:\"BPRC2a8c8a24:1363832b9dd:-7fe3\",businessid:\"BUS2a8c8a24:1363832b9dd:-7fe7\",applicationid:\"BP2a8c8a24:1363832b9dd:-7fe8\",applicationtype:null,appno:\"20120000004\",iyear:2012,iqtr:4,lobid:\"L45c5662b:13633239641:-7fb1\",lobname:\"BILLIARD\",acctid:\"IA3b52a903:1362da0716c:-7ff6\",acctno:null,accttitle:\"BUSINESS TAX ON RETAILER\",surcharge:0.0,interest:0.0,discount:0.0,amount:200.00,amtpaid:0.0]]','[]',NULL),('BP2a8c8a24:1363832b9dd:-7ff8','bpapplication:bpapplication','1.0','ACTIVE','BUS2a8c8a24:1363832b9dd:-7ff7','[taxpayername:\"ZAMORA, JESSIE\",taxpayeraddress:\"CEBU CITY\",contactno:\"123-4567\",taxpayerid:\"E2a8c8a24:1363832b9dd:-7ffa\",organization:\"SINGLE PROPRIETORSHIP\",officetype:\"MAIN\",tradename:\"JESSIE SARI-SARI STORE\",businessaddress:\"CEBU CITY\",barangay:[barangayid:\"100-01-0001\",barangayname:\"BRGY 1\"],ctcno:\"CTC-0001\",ctcplaceissued:\"CEBU CITY\",ctcdateissued:\"2012-01-01\",tin:\"12345\",applicationsignatories:[],assessmentsignatories:[],requirements:[]]','ONLINE','NEW','E2a8c8a24:1363832b9dd:-7ffa','JESSIE SARI-SARI STORE','CEBU CITY','2012-03-22','20120000003',2012,NULL,'[payments:[[refno:\"GP-1000006-W\",refid:\"RCT2a8c8a24:1363832b9dd:-7ff3\",reftype:\"ONLINE\",refdate:\"2012-03-22\",qtr:4,year:2012,lastyearpaid:null,lastqtrpaid:0,amount:50.00,head:null]],lastmodified:1332385872000]','0115120120000003','[[lobid:\"L-12f70615:1362b0b3421:-7feb\",name:\"SARI2X STORE\",assessmenttype:\"NEW\",classificationid:\"LC68fbd6ca:135e5876658:-7fe3\",iyear:2012]]','[[lobid:\"L-12f70615:1362b0b3421:-7feb\",required:true,varid:\"V3b52a903:1362da0716c:-7ffb\",varname:\"CAPITAL\",vartype:\"decimal\",requiredbeforeprint:false,requiredperlob:true,varcaption:\"CAPITAL\",lobname:\"SARI2X STORE\",objid:\"V3b52a903:1362da0716c:-7ffb\",arrayvalues:[],rulename:\"ASK_CAPITAL\",datatype:\"decimal\",category:\"SARI2X STORE\",caption:\"CAPITAL\",items:[],value:50000.00]]','[[appid:\"BP2a8c8a24:1363832b9dd:-7ff8\",lobid:\"L-12f70615:1362b0b3421:-7feb\",lobname:\"SARI2X STORE\",acctid:\"IA3b52a903:1362da0716c:-7ff6\",accttitle:\"BUSINESS TAX ON RETAILER\",systype:\"BUSINESS_TAX\",rulename:\"BT_RETAILER_NEW\",assessedvalue:50.000000,amountdue:50.000000]]','[[objid:\"BPRC2a8c8a24:1363832b9dd:-7ff6\",businessid:\"BUS2a8c8a24:1363832b9dd:-7ff7\",applicationid:\"BP2a8c8a24:1363832b9dd:-7ff8\",applicationtype:null,appno:\"20120000003\",iyear:2012,iqtr:1,lobid:\"L-12f70615:1362b0b3421:-7feb\",lobname:\"SARI2X STORE\",acctid:\"IA3b52a903:1362da0716c:-7ff6\",acctno:null,accttitle:\"BUSINESS TAX ON RETAILER\",surcharge:0.00,interest:0.00,discount:0.00,amount:50.00,amtpaid:50.00]]','[[objid:\"BPRCR2a8c8a24:1363832b9dd:-7fef\",bpreceivableid:\"BPRC2a8c8a24:1363832b9dd:-7ff6\",refid:\"RCT2a8c8a24:1363832b9dd:-7ff3\",reftype:\"ONLINE\",refno:\"GP-1000006-W\",refdate:\"2012-03-22\",amount:50.00,surcharge:0.00,interest:0.00,discount:0.00,totalamount:50.00]]',NULL),('BP3284830e:136dfa7dffc:-7ff6','bpapplication:bpapplication','1.0','ACTIVE','BUS3284830e:136dfa7dffc:-7fe7','[taxpayeraddress:\"CEBU CITY\",contactno:null,taxpayerid:\"E-180db72b:136df9875d1:-7ffa\",barangay:[barangayname:\"BRGY 1\",barangayid:\"100-01-0001\"],officetype:\"MAIN\",taxpayername:\"VERGARA, ROJEAN\",businessaddress:\"CEBU CITY\",tradename:\"SARI2X STORE NI MANG RJ\",organization:\"SINGLE PROPRIETORSHIP\",applicationsignatories:[],assessmentsignatories:[],requirements:[]]','ONLINE','NEW','E-180db72b:136df9875d1:-7ffa','SARI2X STORE NI MANG RJ','CEBU CITY','2012-04-23','20120000018',2012,NULL,'[payments:[[refno:\"W-5000103-G\",refid:\"RCT3284830e:136dfa7dffc:-7fe3\",reftype:\"ONLINE\",refdate:\"2012-04-23\",qtr:4,year:2012,lastyearpaid:null,lastqtrpaid:0,amount:450.00,head:null]],_step_:3,lastmodified:1335192897000]','0115120120000018','[[lobid:\"L-12f70615:1362b0b3421:-7feb\",assessmenttype:\"NEW\",iyear:2012,name:\"SARI2X STORE\",classificationid:\"LC68fbd6ca:135e5876658:-7fe3\"]]','[[value:60000,required:true,category:\"SARI2X STORE\",datatype:\"decimal\",requiredbeforeprint:false,requiredperlob:true,caption:\"CAPITAL\",arrayvalues:[],lobid:\"L-12f70615:1362b0b3421:-7feb\",printtopermit:null,varid:\"V3b52a903:1362da0716c:-7ffb\",items:[],varname:\"CAPITAL\",vartype:\"decimal\",varcaption:\"CAPITAL\",lobname:\"SARI2X STORE\",objid:\"V3b52a903:1362da0716c:-7ffb\",rulename:\"ASK_CAPITAL\"]]','[[systype:\"BUSINESS_TAX\",lobid:\"L-12f70615:1362b0b3421:-7feb\",amountdue:450,assessedvalue:450,acctid:\"IA3b52a903:1362da0716c:-7ff6\",lobname:\"SARI2X STORE\",accttitle:\"BUSINESS TAX ON RETAILER\",appid:\"BP3284830e:136dfa7dffc:-7ff6\",rulename:\"BT_NEW\"]]','[[objid:\"BPRC3284830e:136dfa7dffc:-7fe6\",businessid:\"BUS3284830e:136dfa7dffc:-7fe7\",applicationid:\"BP3284830e:136dfa7dffc:-7ff6\",applicationtype:null,appno:\"20120000018\",iyear:2012,iqtr:2,lobid:\"L-12f70615:1362b0b3421:-7feb\",lobname:\"SARI2X STORE\",acctid:\"IA3b52a903:1362da0716c:-7ff6\",acctno:null,accttitle:\"BUSINESS TAX ON RETAILER\",surcharge:0.00,interest:0.00,discount:0.00,amount:450.00,amtpaid:450.00]]','[[objid:\"BPRCR3284830e:136dfa7dffc:-7fdf\",bpreceivableid:\"BPRC3284830e:136dfa7dffc:-7fe6\",refid:\"RCT3284830e:136dfa7dffc:-7fe3\",reftype:\"ONLINE\",refno:\"W-5000103-G\",refdate:\"2012-04-23\",amount:450.00,surcharge:0.00,interest:0.00,discount:0.00,totalamount:450.00]]',NULL),('BP4eb9968d:13639066586:-7fc3','bpapplication:bpapplication','1.0','PERMIT_PENDING','BUS4eb9968d:13639066586:-7fc2','[taxpayername:\"CHIONG, EMERSON\",taxpayeraddress:\"CEBU CITY\",contactno:null,taxpayerid:\"E4eb9968d:13639066586:-7fc5\",organization:\"SINGLE PROPRIETORSHIP\",officetype:\"MAIN\",tradename:\"EMERSON RICE RETAILER\",businessaddress:\"CEBU CITY\",barangay:[barangayid:\"100-01-0001\",barangayname:\"BRGY 1\"],applicationsignatories:[],assessmentsignatories:[],requirements:[]]','CAPTURE','RENEW','E4eb9968d:13639066586:-7fc5','EMERSON RICE RETAILER','CEBU CITY','2012-08-01','20120000010',2012,NULL,'[payments:[[refno:\"GP-1000007-W\",refid:\"RCT4eb9968d:13639066586:-7fbb\",reftype:\"ONLINE\",refdate:\"2012-09-01\",qtr:1,year:2012,lastyearpaid:null,lastqtrpaid:4,amount:3318.75,head:null]],lastmodified:1346483710000]','0115120120000010','[[lobid:\"L45c5662b:13633239641:-7ff8\",name:\"RICE RETAILER\",assessmenttype:\"RENEW\",classificationid:\"LC68fbd6ca:135e5876658:-7fe3\",iyear:2012]]','[[lobid:\"L45c5662b:13633239641:-7ff8\",required:true,varid:\"V-12f70615:1362b0b3421:-7fe8\",varname:\"GROSS\",vartype:\"decimal\",requiredbeforeprint:false,requiredperlob:true,varcaption:\"GROSS\",lobname:\"RICE RETAILER\",objid:\"V-12f70615:1362b0b3421:-7fe8\",arrayvalues:[],rulename:\"ASK_GROSS\",datatype:\"decimal\",category:\"RICE RETAILER\",caption:\"GROSS\",items:[],value:500000.00]]','[[appid:\"BP4eb9968d:13639066586:-7fc3\",lobid:\"L45c5662b:13633239641:-7ff8\",lobname:\"RICE RETAILER\",acctid:\"IA3b52a903:1362da0716c:-7ff6\",accttitle:\"BUSINESS TAX ON RETAILER\",systype:\"BUSINESS_TAX\",rulename:\"BT_RETAILER_RENEW\",assessedvalue:9000.0000,amountdue:9000.0000]]','[[objid:\"BPRC4eb9968d:13639066586:-7fc1\",businessid:\"BUS4eb9968d:13639066586:-7fc2\",applicationid:\"BP4eb9968d:13639066586:-7fc3\",applicationtype:null,appno:\"20120000010\",iyear:2012,iqtr:1,lobid:\"L45c5662b:13633239641:-7ff8\",lobname:\"RICE RETAILER\",acctid:\"IA3b52a903:1362da0716c:-7ff6\",acctno:null,accttitle:\"BUSINESS TAX ON RETAILER\",surcharge:562.50,interest:506.25,discount:0.00,amount:2250.00,amtpaid:2250.00],[objid:\"BPRC4eb9968d:13639066586:-7fc0\",businessid:\"BUS4eb9968d:13639066586:-7fc2\",applicationid:\"BP4eb9968d:13639066586:-7fc3\",applicationtype:null,appno:\"20120000010\",iyear:2012,iqtr:2,lobid:\"L45c5662b:13633239641:-7ff8\",lobname:\"RICE RETAILER\",acctid:\"IA3b52a903:1362da0716c:-7ff6\",acctno:null,accttitle:\"BUSINESS TAX ON RETAILER\",surcharge:0.0,interest:0.0,discount:0.0,amount:2250.00,amtpaid:0.0],[objid:\"BPRC4eb9968d:13639066586:-7fbf\",businessid:\"BUS4eb9968d:13639066586:-7fc2\",applicationid:\"BP4eb9968d:13639066586:-7fc3\",applicationtype:null,appno:\"20120000010\",iyear:2012,iqtr:3,lobid:\"L45c5662b:13633239641:-7ff8\",lobname:\"RICE RETAILER\",acctid:\"IA3b52a903:1362da0716c:-7ff6\",acctno:null,accttitle:\"BUSINESS TAX ON RETAILER\",surcharge:0.0,interest:0.0,discount:0.0,amount:2250.00,amtpaid:0.0],[objid:\"BPRC4eb9968d:13639066586:-7fbe\",businessid:\"BUS4eb9968d:13639066586:-7fc2\",applicationid:\"BP4eb9968d:13639066586:-7fc3\",applicationtype:null,appno:\"20120000010\",iyear:2012,iqtr:4,lobid:\"L45c5662b:13633239641:-7ff8\",lobname:\"RICE RETAILER\",acctid:\"IA3b52a903:1362da0716c:-7ff6\",acctno:null,accttitle:\"BUSINESS TAX ON RETAILER\",surcharge:0.0,interest:0.0,discount:0.0,amount:2250.00,amtpaid:0.0]]','[[objid:\"BPRCR4eb9968d:13639066586:-7fb7\",bpreceivableid:\"BPRC4eb9968d:13639066586:-7fc1\",refid:\"RCT4eb9968d:13639066586:-7fbb\",reftype:\"ONLINE\",refno:\"GP-1000007-W\",refdate:\"2012-09-01\",amount:2250.00,surcharge:562.50,interest:506.25,discount:0.00,totalamount:3318.75]]',NULL),('BP4eb9968d:13639066586:-7fcc','bpapplication:bpapplication','1.0','APPROVED','BUS4eb9968d:13639066586:-7fcb','[taxpayername:\"OBERES, MIKOY\",taxpayeraddress:\"SAN CARLOS CITY\",contactno:null,taxpayerid:\"E-77eb9ad:1362de475cb:-7fa0\",organization:\"SINGLE PROPRIETORSHIP\",officetype:\"MAIN\",tradename:\"MIKOY SARI2X STORE\",businessaddress:\"SAN CARLOS CITY, NEG. OCC.\",barangay:[barangayid:\"100-01-0001\",barangayname:\"BRGY 1\"],applicationsignatories:[],assessmentsignatories:[],requirements:[]]','CAPTURE','RENEW','E-77eb9ad:1362de475cb:-7fa0','MIKOY SARI2X STORE','SAN CARLOS CITY, NEG. OCC.','2012-03-22','20120000009',2012,NULL,'[:]','0115120120000009','[[lobid:\"L-12f70615:1362b0b3421:-7feb\",name:\"SARI2X STORE\",assessmenttype:\"RENEW\",classificationid:\"LC68fbd6ca:135e5876658:-7fe3\",iyear:2012]]','[[lobid:\"L-12f70615:1362b0b3421:-7feb\",required:true,varid:\"V-12f70615:1362b0b3421:-7fe8\",varname:\"GROSS\",vartype:\"decimal\",requiredbeforeprint:false,requiredperlob:true,varcaption:\"GROSS\",lobname:\"SARI2X STORE\",objid:\"V-12f70615:1362b0b3421:-7fe8\",arrayvalues:[],rulename:\"ASK_GROSS\",datatype:\"decimal\",category:\"SARI2X STORE\",caption:\"GROSS\",items:[],value:500000.00]]','[[appid:\"BP4eb9968d:13639066586:-7fcc\",lobid:\"L-12f70615:1362b0b3421:-7feb\",lobname:\"SARI2X STORE\",acctid:\"IA3b52a903:1362da0716c:-7ff6\",accttitle:\"BUSINESS TAX ON RETAILER\",systype:\"BUSINESS_TAX\",rulename:\"BT_RETAILER_RENEW\",assessedvalue:9000.0000,amountdue:9000.0000]]','[[objid:\"BPRC4eb9968d:13639066586:-7fca\",businessid:\"BUS4eb9968d:13639066586:-7fcb\",applicationid:\"BP4eb9968d:13639066586:-7fcc\",applicationtype:null,appno:\"20120000009\",iyear:2012,iqtr:1,lobid:\"L-12f70615:1362b0b3421:-7feb\",lobname:\"SARI2X STORE\",acctid:\"IA3b52a903:1362da0716c:-7ff6\",acctno:null,accttitle:\"BUSINESS TAX ON RETAILER\",surcharge:0.0,interest:0.0,discount:0.0,amount:2250.00,amtpaid:0.0],[objid:\"BPRC4eb9968d:13639066586:-7fc9\",businessid:\"BUS4eb9968d:13639066586:-7fcb\",applicationid:\"BP4eb9968d:13639066586:-7fcc\",applicationtype:null,appno:\"20120000009\",iyear:2012,iqtr:2,lobid:\"L-12f70615:1362b0b3421:-7feb\",lobname:\"SARI2X STORE\",acctid:\"IA3b52a903:1362da0716c:-7ff6\",acctno:null,accttitle:\"BUSINESS TAX ON RETAILER\",surcharge:0.0,interest:0.0,discount:0.0,amount:2250.00,amtpaid:0.0],[objid:\"BPRC4eb9968d:13639066586:-7fc8\",businessid:\"BUS4eb9968d:13639066586:-7fcb\",applicationid:\"BP4eb9968d:13639066586:-7fcc\",applicationtype:null,appno:\"20120000009\",iyear:2012,iqtr:3,lobid:\"L-12f70615:1362b0b3421:-7feb\",lobname:\"SARI2X STORE\",acctid:\"IA3b52a903:1362da0716c:-7ff6\",acctno:null,accttitle:\"BUSINESS TAX ON RETAILER\",surcharge:0.0,interest:0.0,discount:0.0,amount:2250.00,amtpaid:0.0],[objid:\"BPRC4eb9968d:13639066586:-7fc7\",businessid:\"BUS4eb9968d:13639066586:-7fcb\",applicationid:\"BP4eb9968d:13639066586:-7fcc\",applicationtype:null,appno:\"20120000009\",iyear:2012,iqtr:4,lobid:\"L-12f70615:1362b0b3421:-7feb\",lobname:\"SARI2X STORE\",acctid:\"IA3b52a903:1362da0716c:-7ff6\",acctno:null,accttitle:\"BUSINESS TAX ON RETAILER\",surcharge:0.0,interest:0.0,discount:0.0,amount:2250.00,amtpaid:0.0]]','[]',NULL),('BP4eb9968d:13639066586:-7ff2','bpapplication:bpapplication','1.0','APPROVED','BUS4eb9968d:13639066586:-7ff1','[taxpayername:\"LAURON, ROMMEL\",taxpayeraddress:\"CEBU CITY\",contactno:null,taxpayerid:\"E4eb9968d:13639066586:-7ff4\",organization:\"SINGLE PROPRIETORSHIP\",officetype:\"MAIN\",tradename:\"LAURON SARI-SARI STORE\",businessaddress:\"CEBU CITY\",barangay:[barangayid:\"100-01-0001\",barangayname:\"BRGY 1\"],applicationsignatories:[],assessmentsignatories:[],requirements:[]]','CAPTURE','RENEW','E4eb9968d:13639066586:-7ff4','LAURON SARI-SARI STORE','CEBU CITY','2012-03-22','20120000008',2012,NULL,'[:]','0115120120000008','[[lobid:\"L45c5662b:13633239641:-7ff8\",name:\"RICE RETAILER\",assessmenttype:\"RENEW\",classificationid:\"LC68fbd6ca:135e5876658:-7fe3\",iyear:2012],[lobid:\"L-12f70615:1362b0b3421:-7feb\",name:\"SARI2X STORE\",assessmenttype:\"RENEW\",classificationid:\"LC68fbd6ca:135e5876658:-7fe3\",iyear:2012]]','[[lobid:\"L45c5662b:13633239641:-7ff8\",required:true,varid:\"V-12f70615:1362b0b3421:-7fe8\",varname:\"GROSS\",vartype:\"decimal\",requiredbeforeprint:false,requiredperlob:true,varcaption:\"GROSS\",lobname:\"RICE RETAILER\",objid:\"V-12f70615:1362b0b3421:-7fe8\",arrayvalues:[],rulename:\"ASK_GROSS\",datatype:\"decimal\",category:\"RICE RETAILER\",caption:\"GROSS\",items:[],value:80000.00],[lobid:\"L-12f70615:1362b0b3421:-7feb\",required:true,varid:\"V-12f70615:1362b0b3421:-7fe8\",varname:\"GROSS\",vartype:\"decimal\",requiredbeforeprint:false,requiredperlob:true,varcaption:\"GROSS\",lobname:\"SARI2X STORE\",objid:\"V-12f70615:1362b0b3421:-7fe8\",arrayvalues:[],rulename:\"ASK_GROSS\",datatype:\"decimal\",category:\"SARI2X STORE\",caption:\"GROSS\",items:[],value:40000.00]]','[[appid:\"BP4eb9968d:13639066586:-7ff2\",lobid:\"L45c5662b:13633239641:-7ff8\",lobname:\"RICE RETAILER\",acctid:\"IA3b52a903:1362da0716c:-7ff6\",accttitle:\"BUSINESS TAX ON RETAILER\",systype:\"BUSINESS_TAX\",rulename:\"BT_RETAILER_RENEW\",assessedvalue:1600.0000,amountdue:1600.0000],[appid:\"BP4eb9968d:13639066586:-7ff2\",lobid:\"L-12f70615:1362b0b3421:-7feb\",lobname:\"SARI2X STORE\",acctid:\"IA3b52a903:1362da0716c:-7ff6\",accttitle:\"BUSINESS TAX ON RETAILER\",systype:\"BUSINESS_TAX\",rulename:\"BT_RETAILER_RENEW\",assessedvalue:800.0000,amountdue:800.0000]]','[[objid:\"BPRC4eb9968d:13639066586:-7ff0\",businessid:\"BUS4eb9968d:13639066586:-7ff1\",applicationid:\"BP4eb9968d:13639066586:-7ff2\",applicationtype:null,appno:\"20120000008\",iyear:2012,iqtr:1,lobid:\"L45c5662b:13633239641:-7ff8\",lobname:\"RICE RETAILER\",acctid:\"IA3b52a903:1362da0716c:-7ff6\",acctno:null,accttitle:\"BUSINESS TAX ON RETAILER\",surcharge:0.0,interest:0.0,discount:0.0,amount:400.00,amtpaid:0.0],[objid:\"BPRC4eb9968d:13639066586:-7fef\",businessid:\"BUS4eb9968d:13639066586:-7ff1\",applicationid:\"BP4eb9968d:13639066586:-7ff2\",applicationtype:null,appno:\"20120000008\",iyear:2012,iqtr:2,lobid:\"L45c5662b:13633239641:-7ff8\",lobname:\"RICE RETAILER\",acctid:\"IA3b52a903:1362da0716c:-7ff6\",acctno:null,accttitle:\"BUSINESS TAX ON RETAILER\",surcharge:0.0,interest:0.0,discount:0.0,amount:400.00,amtpaid:0.0],[objid:\"BPRC4eb9968d:13639066586:-7fee\",businessid:\"BUS4eb9968d:13639066586:-7ff1\",applicationid:\"BP4eb9968d:13639066586:-7ff2\",applicationtype:null,appno:\"20120000008\",iyear:2012,iqtr:3,lobid:\"L45c5662b:13633239641:-7ff8\",lobname:\"RICE RETAILER\",acctid:\"IA3b52a903:1362da0716c:-7ff6\",acctno:null,accttitle:\"BUSINESS TAX ON RETAILER\",surcharge:0.0,interest:0.0,discount:0.0,amount:400.00,amtpaid:0.0],[objid:\"BPRC4eb9968d:13639066586:-7fed\",businessid:\"BUS4eb9968d:13639066586:-7ff1\",applicationid:\"BP4eb9968d:13639066586:-7ff2\",applicationtype:null,appno:\"20120000008\",iyear:2012,iqtr:4,lobid:\"L45c5662b:13633239641:-7ff8\",lobname:\"RICE RETAILER\",acctid:\"IA3b52a903:1362da0716c:-7ff6\",acctno:null,accttitle:\"BUSINESS TAX ON RETAILER\",surcharge:0.0,interest:0.0,discount:0.0,amount:400.00,amtpaid:0.0],[objid:\"BPRC4eb9968d:13639066586:-7fec\",businessid:\"BUS4eb9968d:13639066586:-7ff1\",applicationid:\"BP4eb9968d:13639066586:-7ff2\",applicationtype:null,appno:\"20120000008\",iyear:2012,iqtr:1,lobid:\"L-12f70615:1362b0b3421:-7feb\",lobname:\"SARI2X STORE\",acctid:\"IA3b52a903:1362da0716c:-7ff6\",acctno:null,accttitle:\"BUSINESS TAX ON RETAILER\",surcharge:0.0,interest:0.0,discount:0.0,amount:200.00,amtpaid:0.0],[objid:\"BPRC4eb9968d:13639066586:-7feb\",businessid:\"BUS4eb9968d:13639066586:-7ff1\",applicationid:\"BP4eb9968d:13639066586:-7ff2\",applicationtype:null,appno:\"20120000008\",iyear:2012,iqtr:2,lobid:\"L-12f70615:1362b0b3421:-7feb\",lobname:\"SARI2X STORE\",acctid:\"IA3b52a903:1362da0716c:-7ff6\",acctno:null,accttitle:\"BUSINESS TAX ON RETAILER\",surcharge:0.0,interest:0.0,discount:0.0,amount:200.00,amtpaid:0.0],[objid:\"BPRC4eb9968d:13639066586:-7fea\",businessid:\"BUS4eb9968d:13639066586:-7ff1\",applicationid:\"BP4eb9968d:13639066586:-7ff2\",applicationtype:null,appno:\"20120000008\",iyear:2012,iqtr:3,lobid:\"L-12f70615:1362b0b3421:-7feb\",lobname:\"SARI2X STORE\",acctid:\"IA3b52a903:1362da0716c:-7ff6\",acctno:null,accttitle:\"BUSINESS TAX ON RETAILER\",surcharge:0.0,interest:0.0,discount:0.0,amount:200.00,amtpaid:0.0],[objid:\"BPRC4eb9968d:13639066586:-7fe9\",businessid:\"BUS4eb9968d:13639066586:-7ff1\",applicationid:\"BP4eb9968d:13639066586:-7ff2\",applicationtype:null,appno:\"20120000008\",iyear:2012,iqtr:4,lobid:\"L-12f70615:1362b0b3421:-7feb\",lobname:\"SARI2X STORE\",acctid:\"IA3b52a903:1362da0716c:-7ff6\",acctno:null,accttitle:\"BUSINESS TAX ON RETAILER\",surcharge:0.0,interest:0.0,discount:0.0,amount:200.00,amtpaid:0.0]]','[]',NULL),('BP64a5485:1363ae89640:-7fd1','bpapplication:bpapplication','1.0','APPROVED','BUS64a5485:1363ae89640:-7fd0','[taxpayername:\"OBERES, MIKOY\",taxpayeraddress:\"SAN CARLOS CITY\",contactno:null,taxpayerid:\"E-77eb9ad:1362de475cb:-7fa0\",organization:\"SINGLE PROPRIETORSHIP\",officetype:\"MAIN\",tradename:\"OBERES MINI MART\",businessaddress:\"CEBU CITY\",barangay:[barangayid:\"100-01-0001\",barangayname:\"BRGY 1\"],applicationsignatories:[],assessmentsignatories:[],requirements:[]]','CAPTURE','RENEW','E-77eb9ad:1362de475cb:-7fa0','OBERES MINI MART','CEBU CITY','2011-01-22','20120000011',2011,NULL,'[:]','0115120120000011','[[lobid:\"L-12f70615:1362b0b3421:-7feb\",name:\"SARI2X STORE\",assessmenttype:\"RENEW\",classificationid:\"LC68fbd6ca:135e5876658:-7fe3\",iyear:2011],[lobid:\"L45c5662b:13633239641:-7ff8\",name:\"RICE RETAILER\",assessmenttype:\"RENEW\",classificationid:\"LC68fbd6ca:135e5876658:-7fe3\",iyear:2011]]','[[lobid:\"L45c5662b:13633239641:-7ff8\",required:true,varid:\"V-12f70615:1362b0b3421:-7fe8\",varname:\"GROSS\",vartype:\"decimal\",requiredbeforeprint:false,requiredperlob:true,varcaption:\"GROSS\",lobname:\"RICE RETAILER\",objid:\"V-12f70615:1362b0b3421:-7fe8\",arrayvalues:[],rulename:\"ASK_GROSS\",datatype:\"decimal\",category:\"RICE RETAILER\",caption:\"GROSS\",items:[],value:50000.00],[lobid:\"L-12f70615:1362b0b3421:-7feb\",required:true,varid:\"V-12f70615:1362b0b3421:-7fe8\",varname:\"GROSS\",vartype:\"decimal\",requiredbeforeprint:false,requiredperlob:true,varcaption:\"GROSS\",lobname:\"SARI2X STORE\",objid:\"V-12f70615:1362b0b3421:-7fe8\",arrayvalues:[],rulename:\"ASK_GROSS\",datatype:\"decimal\",category:\"SARI2X STORE\",caption:\"GROSS\",items:[],value:30000.00]]','[[appid:\"BP64a5485:1363ae89640:-7fd1\",lobid:\"L45c5662b:13633239641:-7ff8\",lobname:\"RICE RETAILER\",acctid:\"IA3b52a903:1362da0716c:-7ff6\",accttitle:\"BUSINESS TAX ON RETAILER\",systype:\"BUSINESS_TAX\",rulename:\"BT_RETAILER_RENEW\",assessedvalue:1000.0000,amountdue:500.00],[appid:\"BP64a5485:1363ae89640:-7fd1\",lobid:\"L-12f70615:1362b0b3421:-7feb\",lobname:\"SARI2X STORE\",acctid:\"IA3b52a903:1362da0716c:-7ff6\",accttitle:\"BUSINESS TAX ON RETAILER\",systype:\"BUSINESS_TAX\",rulename:\"BT_RETAILER_RENEW\",assessedvalue:600.0000,amountdue:600.0000]]','[[objid:\"BPRC64a5485:1363ae89640:-7fcf\",businessid:\"BUS64a5485:1363ae89640:-7fd0\",applicationid:\"BP64a5485:1363ae89640:-7fd1\",applicationtype:null,appno:\"20120000011\",iyear:2011,iqtr:1,lobid:\"L45c5662b:13633239641:-7ff8\",lobname:\"RICE RETAILER\",acctid:\"IA3b52a903:1362da0716c:-7ff6\",acctno:null,accttitle:\"BUSINESS TAX ON RETAILER\",surcharge:0.0,interest:0.0,discount:0.0,amount:125.00,amtpaid:0.0],[objid:\"BPRC64a5485:1363ae89640:-7fce\",businessid:\"BUS64a5485:1363ae89640:-7fd0\",applicationid:\"BP64a5485:1363ae89640:-7fd1\",applicationtype:null,appno:\"20120000011\",iyear:2011,iqtr:2,lobid:\"L45c5662b:13633239641:-7ff8\",lobname:\"RICE RETAILER\",acctid:\"IA3b52a903:1362da0716c:-7ff6\",acctno:null,accttitle:\"BUSINESS TAX ON RETAILER\",surcharge:0.0,interest:0.0,discount:0.0,amount:125.00,amtpaid:0.0],[objid:\"BPRC64a5485:1363ae89640:-7fcd\",businessid:\"BUS64a5485:1363ae89640:-7fd0\",applicationid:\"BP64a5485:1363ae89640:-7fd1\",applicationtype:null,appno:\"20120000011\",iyear:2011,iqtr:3,lobid:\"L45c5662b:13633239641:-7ff8\",lobname:\"RICE RETAILER\",acctid:\"IA3b52a903:1362da0716c:-7ff6\",acctno:null,accttitle:\"BUSINESS TAX ON RETAILER\",surcharge:0.0,interest:0.0,discount:0.0,amount:125.00,amtpaid:0.0],[objid:\"BPRC64a5485:1363ae89640:-7fcc\",businessid:\"BUS64a5485:1363ae89640:-7fd0\",applicationid:\"BP64a5485:1363ae89640:-7fd1\",applicationtype:null,appno:\"20120000011\",iyear:2011,iqtr:4,lobid:\"L45c5662b:13633239641:-7ff8\",lobname:\"RICE RETAILER\",acctid:\"IA3b52a903:1362da0716c:-7ff6\",acctno:null,accttitle:\"BUSINESS TAX ON RETAILER\",surcharge:0.0,interest:0.0,discount:0.0,amount:125.00,amtpaid:0.0],[objid:\"BPRC64a5485:1363ae89640:-7fcb\",businessid:\"BUS64a5485:1363ae89640:-7fd0\",applicationid:\"BP64a5485:1363ae89640:-7fd1\",applicationtype:null,appno:\"20120000011\",iyear:2011,iqtr:1,lobid:\"L-12f70615:1362b0b3421:-7feb\",lobname:\"SARI2X STORE\",acctid:\"IA3b52a903:1362da0716c:-7ff6\",acctno:null,accttitle:\"BUSINESS TAX ON RETAILER\",surcharge:0.0,interest:0.0,discount:0.0,amount:150.00,amtpaid:0.0],[objid:\"BPRC64a5485:1363ae89640:-7fca\",businessid:\"BUS64a5485:1363ae89640:-7fd0\",applicationid:\"BP64a5485:1363ae89640:-7fd1\",applicationtype:null,appno:\"20120000011\",iyear:2011,iqtr:2,lobid:\"L-12f70615:1362b0b3421:-7feb\",lobname:\"SARI2X STORE\",acctid:\"IA3b52a903:1362da0716c:-7ff6\",acctno:null,accttitle:\"BUSINESS TAX ON RETAILER\",surcharge:0.0,interest:0.0,discount:0.0,amount:150.00,amtpaid:0.0],[objid:\"BPRC64a5485:1363ae89640:-7fc9\",businessid:\"BUS64a5485:1363ae89640:-7fd0\",applicationid:\"BP64a5485:1363ae89640:-7fd1\",applicationtype:null,appno:\"20120000011\",iyear:2011,iqtr:3,lobid:\"L-12f70615:1362b0b3421:-7feb\",lobname:\"SARI2X STORE\",acctid:\"IA3b52a903:1362da0716c:-7ff6\",acctno:null,accttitle:\"BUSINESS TAX ON RETAILER\",surcharge:0.0,interest:0.0,discount:0.0,amount:150.00,amtpaid:0.0],[objid:\"BPRC64a5485:1363ae89640:-7fc8\",businessid:\"BUS64a5485:1363ae89640:-7fd0\",applicationid:\"BP64a5485:1363ae89640:-7fd1\",applicationtype:null,appno:\"20120000011\",iyear:2011,iqtr:4,lobid:\"L-12f70615:1362b0b3421:-7feb\",lobname:\"SARI2X STORE\",acctid:\"IA3b52a903:1362da0716c:-7ff6\",acctno:null,accttitle:\"BUSINESS TAX ON RETAILER\",surcharge:0.0,interest:0.0,discount:0.0,amount:150.00,amtpaid:0.0]]','[]',NULL),('BP701a3287:136bf2306f1:-7fec','bpapplication:bpapplication','1.0','DRAFT',NULL,'[taxpayeraddress:\"CEBU CITY\",contactno:null,taxpayerid:\"E-12f70615:1362b0b3421:-7fed\",barangay:[barangayname:\"BRGY 1\",barangayid:\"100-01-0001\"],officetype:\"MAIN\",taxpayername:\"VERGARA, JAYROME\",businessaddress:\"CEBU CITY\",tradename:\"VERGARA TRADING\",organization:\"SINGLE PROPRIETORSHIP\",applicationsignatories:[],assessmentsignatories:[],requirements:[]]','ONLINE','NEW','E-12f70615:1362b0b3421:-7fed','VERGARA TRADING','CEBU CITY','2012-04-17','20120000016',2012,NULL,'[_step_:2]','0115120120000016','[[lobid:\"L-12f70615:1362b0b3421:-7feb\",assessmenttype:\"NEW\",iyear:2012,name:\"SARI2X STORE\",classificationid:\"LC68fbd6ca:135e5876658:-7fe3\"],[lobid:\"L-67039395:136b9d6e2fe:-7ff5\",assessmenttype:\"NEW\",iyear:2012,name:\"INTERNET SHOP\",classificationid:\"LC68fbd6ca:135e5876658:-7fdf\"],[lobid:\"L45c5662b:13633239641:-7ff8\",assessmenttype:\"NEW\",iyear:2012,name:\"RICE RETAILER\",classificationid:\"LC68fbd6ca:135e5876658:-7fe3\"],[lobid:\"L45c5662b:13633239641:-7fa3\",assessmenttype:\"NEW\",iyear:2012,name:\"MAHJONG\",classificationid:\"LC68fbd6ca:135e5876658:-7fc7\"]]','[]','[]','[]','[]',NULL);

/*Table structure for table `bpapplication_list` */

DROP TABLE IF EXISTS `bpapplication_list`;

CREATE TABLE `bpapplication_list` (
  `objid` varchar(50) NOT NULL,
  `txnno` varchar(100) NOT NULL,
  `tradename` varchar(500) NOT NULL,
  `businessaddress` varchar(500) NOT NULL,
  `taxpayername` varchar(500) NOT NULL,
  `taxpayeraddress` varchar(500) NOT NULL,
  `txntype` varchar(50) NOT NULL,
  `txnmode` varchar(50) NOT NULL,
  `txndate` date NOT NULL,
  `iyear` bigint(20) NOT NULL,
  PRIMARY KEY  (`objid`)
) ENGINE=InnoDB DEFAULT CHARSET=latin1;

/*Data for the table `bpapplication_list` */

/*Table structure for table `bpapplicationlisting` */

DROP TABLE IF EXISTS `bpapplicationlisting`;

CREATE TABLE `bpapplicationlisting` (
  `objid` varchar(50) NOT NULL,
  `txnno` varchar(100) default NULL,
  `txntype` varchar(50) default NULL,
  `txnmode` varchar(50) default NULL,
  `barcode` varchar(100) default NULL,
  `docstate` varchar(100) default NULL,
  `taxpayerid` varchar(50) default NULL,
  `taxpayername` varchar(500) default NULL,
  `taxpayeraddress` varchar(500) default NULL,
  `tradename` varchar(500) default NULL,
  `businessaddress` varchar(500) default NULL,
  `tin` varchar(100) default NULL,
  `bin` varchar(100) default NULL,
  `pin` varchar(100) default NULL,
  `officetype` varchar(100) default NULL,
  `organization` varchar(100) default NULL,
  `ctcno` varchar(100) default NULL,
  `ctcplaceissued` varchar(100) default NULL,
  `ctcdateissued` varchar(100) default NULL,
  `administratorname` varchar(500) default NULL,
  `administratoraddress` varchar(500) default NULL,
  `iyear` int(11) default NULL,
  `businessid` varchar(50) default NULL,
  `parentid` varchar(50) default NULL,
  `barangayid` varchar(50) default NULL,
  `barangayname` varchar(50) default NULL,
  `txndate` date default NULL,
  `fullypaid` int(11) default '0',
  PRIMARY KEY  (`objid`),
  KEY `ix_bpapplicationlisting_businessid` (`businessid`),
  KEY `ix_bpapplicationlisting_tradename` (`tradename`),
  KEY `ix_bpapplicationlisting_docstate` (`docstate`),
  KEY `ix_bpapplicationlisting_txnno` (`txnno`),
  KEY `ix_bpapplicationlisting_businesid_docstate` (`businessid`,`docstate`),
  KEY `ix_bpapplicationlisting_tradenamedocstate` (`tradename`,`docstate`),
  KEY `ix_bpapplicationlisting_taxpayernamedocstate` (`taxpayername`,`docstate`),
  KEY `ix_bpapplicationlisting_bindocstate` (`bin`,`docstate`),
  KEY `ix_bpapplicationlisting_txnnodocstate` (`txnno`,`docstate`),
  KEY `ix_bpapplicationlisting_barcode` (`barcode`),
  KEY `ix_bpapplicationlisting_sym` (`docstate`,`iyear`,`txnmode`)
) ENGINE=InnoDB DEFAULT CHARSET=latin1;

/*Data for the table `bpapplicationlisting` */

insert  into `bpapplicationlisting`(`objid`,`txnno`,`txntype`,`txnmode`,`barcode`,`docstate`,`taxpayerid`,`taxpayername`,`taxpayeraddress`,`tradename`,`businessaddress`,`tin`,`bin`,`pin`,`officetype`,`organization`,`ctcno`,`ctcplaceissued`,`ctcdateissued`,`administratorname`,`administratoraddress`,`iyear`,`businessid`,`parentid`,`barangayid`,`barangayname`,`txndate`,`fullypaid`) values ('BP-12f70615:1362b0b3421:-7fe9','20120000001','NEW','ONLINE','0115120120000001','PERMIT_PENDING','E-12f70615:1362b0b3421:-7fed','VERGARA, JAYROME','CEBU CITY','JAYROME STORE','CEBU CITY',NULL,NULL,NULL,'MAIN','SINGLE PROPRIETORSHIP',NULL,NULL,NULL,NULL,NULL,2012,'BUS-77eb9ad:1362de475cb:-7f39',NULL,'100-01-0001','BRGY 1','2012-03-19',1),('BP-180db72b:136df9875d1:-7ff8','20120000017','NEW','ONLINE','0115120120000017','ACTIVE','E-180db72b:136df9875d1:-7ffa','VERGARA, ROJEAN','CEBU CITY','RJ SARI2X STORE','CEBU CITY',NULL,NULL,NULL,'MAIN','SINGLE PROPRIETORSHIP',NULL,NULL,NULL,NULL,NULL,2012,'BUS3284830e:136dfa7dffc:-7ffd',NULL,'100-01-0001','BRGY 1','2012-04-23',1),('BP-5b932d89:1363d121758:-7ffc','20120000012','RENEW','CAPTURE','0115120120000012','EXPIRED','E-12f70615:1362b0b3421:-7fed','VERGARA, JAYROME','CEBU CITY','TINDAHAN NI JAY','CEBU CITY',NULL,NULL,NULL,'MAIN','SINGLE PROPRIETORSHIP',NULL,NULL,NULL,NULL,NULL,2011,'BUS-5b932d89:1363d121758:-7ffb',NULL,'100-01-0001','BRGY 1','2011-03-23',0),('BP-787d141c:1363d5b6fa2:-7fb8','20120000013','NEW','ONLINE','0115120120000013','APPROVED','E-12f70615:1362b0b3421:-7fed','VERGARA, JAYROME','CEBU CITY','JAYROME STORE','CEBU CITY',NULL,NULL,NULL,'MAIN','SINGLE PROPRIETORSHIP',NULL,NULL,NULL,NULL,NULL,2012,'BUS-787d141c:1363d5b6fa2:-7fb7',NULL,'100-01-0001','BRGY 1','2012-03-23',0),('BP2a8c8a24:1363832b9dd:-7fb7','20120000007','RENEW','CAPTURE','0115120120000007','APPROVED','E2a8c8a24:1363832b9dd:-7fb9','FLORES, WORGIE','CEBU CITY','WORGIE SARI-SARI STORE','CEBU CITY',NULL,NULL,NULL,'MAIN','SINGLE PROPRIETORSHIP',NULL,NULL,NULL,NULL,NULL,2012,'BUS2a8c8a24:1363832b9dd:-7fb6',NULL,'100-01-0001','BRGY 1','2012-03-22',0),('BP2a8c8a24:1363832b9dd:-7fc0','20120000006','RENEW','CAPTURE','0115120120000006','APPROVED','E2a8c8a24:1363832b9dd:-7fea','ESCARIO, REX','CEBU CITY','MY SARI2X STORE','CEBU CITY',NULL,NULL,NULL,'MAIN','SINGLE PROPRIETORSHIP',NULL,NULL,NULL,NULL,NULL,2012,'BUS2a8c8a24:1363832b9dd:-7fbf',NULL,'100-01-0001','BRGY 1','2012-01-10',0),('BP2a8c8a24:1363832b9dd:-7fe1','20120000005','RENEW','CAPTURE','0115120120000005','APPROVED','E2a8c8a24:1363832b9dd:-7fea','ESCARIO, REX','CEBU CITY','REX SARI-SARI STORE','CEBU CITY',NULL,NULL,NULL,'MAIN','SINGLE PROPRIETORSHIP',NULL,NULL,NULL,NULL,NULL,2011,'BUS2a8c8a24:1363832b9dd:-7fe0',NULL,'100-01-0001','BRGY 1','2011-03-22',0),('BP2a8c8a24:1363832b9dd:-7fe8','20120000004','RENEW','CAPTURE','0115120120000004','APPROVED','E2a8c8a24:1363832b9dd:-7fea','ESCARIO, REX','CEBU CITY','REX BILLIARD','CEBU CITY',NULL,NULL,NULL,'MAIN','SINGLE PROPRIETORSHIP',NULL,NULL,NULL,NULL,NULL,2012,'BUS2a8c8a24:1363832b9dd:-7fe7',NULL,'100-01-0001','BRGY 1','2012-03-22',0),('BP2a8c8a24:1363832b9dd:-7ff8','20120000003','NEW','ONLINE','0115120120000003','ACTIVE','E2a8c8a24:1363832b9dd:-7ffa','ZAMORA, JESSIE','CEBU CITY','JESSIE SARI-SARI STORE','CEBU CITY','12345',NULL,NULL,'MAIN','SINGLE PROPRIETORSHIP','CTC-0001','CEBU CITY','2012-01-01',NULL,NULL,2012,'BUS2a8c8a24:1363832b9dd:-7ff7',NULL,'100-01-0001','BRGY 1','2012-03-22',1),('BP3284830e:136dfa7dffc:-7ff6','20120000018','NEW','ONLINE','0115120120000018','ACTIVE','E-180db72b:136df9875d1:-7ffa','VERGARA, ROJEAN','CEBU CITY','SARI2X STORE NI MANG RJ','CEBU CITY',NULL,NULL,NULL,'MAIN','SINGLE PROPRIETORSHIP',NULL,NULL,NULL,NULL,NULL,2012,'BUS3284830e:136dfa7dffc:-7fe7',NULL,'100-01-0001','BRGY 1','2012-04-23',1),('BP4eb9968d:13639066586:-7fc3','20120000010','RENEW','CAPTURE','0115120120000010','PERMIT_PENDING','E4eb9968d:13639066586:-7fc5','CHIONG, EMERSON','CEBU CITY','EMERSON RICE RETAILER','CEBU CITY',NULL,NULL,NULL,'MAIN','SINGLE PROPRIETORSHIP',NULL,NULL,NULL,NULL,NULL,2012,'BUS4eb9968d:13639066586:-7fc2',NULL,'100-01-0001','BRGY 1','2012-08-01',0),('BP4eb9968d:13639066586:-7fcc','20120000009','RENEW','CAPTURE','0115120120000009','APPROVED','E-77eb9ad:1362de475cb:-7fa0','OBERES, MIKOY','SAN CARLOS CITY','MIKOY SARI2X STORE','SAN CARLOS CITY, NEG. OCC.',NULL,NULL,NULL,'MAIN','SINGLE PROPRIETORSHIP',NULL,NULL,NULL,NULL,NULL,2012,'BUS4eb9968d:13639066586:-7fcb',NULL,'100-01-0001','BRGY 1','2012-03-22',0),('BP4eb9968d:13639066586:-7ff2','20120000008','RENEW','CAPTURE','0115120120000008','APPROVED','E4eb9968d:13639066586:-7ff4','LAURON, ROMMEL','CEBU CITY','LAURON SARI-SARI STORE','CEBU CITY',NULL,NULL,NULL,'MAIN','SINGLE PROPRIETORSHIP',NULL,NULL,NULL,NULL,NULL,2012,'BUS4eb9968d:13639066586:-7ff1',NULL,'100-01-0001','BRGY 1','2012-03-22',0),('BP64a5485:1363ae89640:-7fd1','20120000011','RENEW','CAPTURE','0115120120000011','APPROVED','E-77eb9ad:1362de475cb:-7fa0','OBERES, MIKOY','SAN CARLOS CITY','OBERES MINI MART','CEBU CITY',NULL,NULL,NULL,'MAIN','SINGLE PROPRIETORSHIP',NULL,NULL,NULL,NULL,NULL,2011,'BUS64a5485:1363ae89640:-7fd0',NULL,'100-01-0001','BRGY 1','2011-01-22',0);

/*Table structure for table `bploblisting` */

DROP TABLE IF EXISTS `bploblisting`;

CREATE TABLE `bploblisting` (
  `objid` varchar(100) NOT NULL,
  `applicationid` varchar(50) default NULL,
  `lobid` varchar(50) default NULL,
  `classificationid` varchar(50) default NULL,
  `name` varchar(100) default NULL,
  `iyear` int(11) default NULL,
  `assessmenttype` varchar(100) default NULL,
  PRIMARY KEY  (`objid`),
  KEY `ix_bploblisting_appid` (`applicationid`)
) ENGINE=InnoDB DEFAULT CHARSET=latin1;

/*Data for the table `bploblisting` */

insert  into `bploblisting`(`objid`,`applicationid`,`lobid`,`classificationid`,`name`,`iyear`,`assessmenttype`) values ('BP-12f70615:1362b0b3421:-7fe9:L-12f70615:1362b0b3421:-7feb','BP-12f70615:1362b0b3421:-7fe9','L-12f70615:1362b0b3421:-7feb','LC68fbd6ca:135e5876658:-7fc7',NULL,2012,'NEW'),('BP-180db72b:136df9875d1:-7ff8:L-12f70615:1362b0b3421:-7feb','BP-180db72b:136df9875d1:-7ff8','L-12f70615:1362b0b3421:-7feb','LC68fbd6ca:135e5876658:-7fe3',NULL,2012,'NEW'),('BP-180db72b:136df9875d1:-7ff8:L45c5662b:13633239641:-7ff6','BP-180db72b:136df9875d1:-7ff8','L45c5662b:13633239641:-7ff6','LC68fbd6ca:135e5876658:-7fe1',NULL,2012,'NEW'),('BP-5b932d89:1363d121758:-7ffc:L-12f70615:1362b0b3421:-7feb','BP-5b932d89:1363d121758:-7ffc','L-12f70615:1362b0b3421:-7feb','LC68fbd6ca:135e5876658:-7fe3',NULL,2011,'RENEW'),('BP-5b932d89:1363d121758:-7ffc:L45c5662b:13633239641:-7ff8','BP-5b932d89:1363d121758:-7ffc','L45c5662b:13633239641:-7ff8','LC68fbd6ca:135e5876658:-7fe3',NULL,2011,'RENEW'),('BP-787d141c:1363d5b6fa2:-7fb8:L45c5662b:13633239641:-7ff8','BP-787d141c:1363d5b6fa2:-7fb8','L45c5662b:13633239641:-7ff8','LC68fbd6ca:135e5876658:-7fe3',NULL,2012,'NEW'),('BP2a8c8a24:1363832b9dd:-7fb7:L-12f70615:1362b0b3421:-7feb','BP2a8c8a24:1363832b9dd:-7fb7','L-12f70615:1362b0b3421:-7feb','LC68fbd6ca:135e5876658:-7fe3',NULL,2012,'RENEW'),('BP2a8c8a24:1363832b9dd:-7fb7:L45c5662b:13633239641:-7ff8','BP2a8c8a24:1363832b9dd:-7fb7','L45c5662b:13633239641:-7ff8','LC68fbd6ca:135e5876658:-7fe3',NULL,2012,'RENEW'),('BP2a8c8a24:1363832b9dd:-7fc0:L-12f70615:1362b0b3421:-7feb','BP2a8c8a24:1363832b9dd:-7fc0','L-12f70615:1362b0b3421:-7feb','LC68fbd6ca:135e5876658:-7fe3',NULL,2012,'RENEW'),('BP2a8c8a24:1363832b9dd:-7fe1:L-12f70615:1362b0b3421:-7feb','BP2a8c8a24:1363832b9dd:-7fe1','L-12f70615:1362b0b3421:-7feb','LC68fbd6ca:135e5876658:-7fe3',NULL,2011,'RENEW'),('BP2a8c8a24:1363832b9dd:-7fe8:L45c5662b:13633239641:-7fb1','BP2a8c8a24:1363832b9dd:-7fe8','L45c5662b:13633239641:-7fb1','LC68fbd6ca:135e5876658:-7fc7',NULL,2012,'RENEW'),('BP2a8c8a24:1363832b9dd:-7ff8:L-12f70615:1362b0b3421:-7feb','BP2a8c8a24:1363832b9dd:-7ff8','L-12f70615:1362b0b3421:-7feb','LC68fbd6ca:135e5876658:-7fe3',NULL,2012,'NEW'),('BP3284830e:136dfa7dffc:-7ff6:L-12f70615:1362b0b3421:-7feb','BP3284830e:136dfa7dffc:-7ff6','L-12f70615:1362b0b3421:-7feb','LC68fbd6ca:135e5876658:-7fe3',NULL,2012,'NEW'),('BP4eb9968d:13639066586:-7fc3:L45c5662b:13633239641:-7ff8','BP4eb9968d:13639066586:-7fc3','L45c5662b:13633239641:-7ff8','LC68fbd6ca:135e5876658:-7fe3',NULL,2012,'RENEW'),('BP4eb9968d:13639066586:-7fcc:L-12f70615:1362b0b3421:-7feb','BP4eb9968d:13639066586:-7fcc','L-12f70615:1362b0b3421:-7feb','LC68fbd6ca:135e5876658:-7fe3',NULL,2012,'RENEW'),('BP4eb9968d:13639066586:-7ff2:L-12f70615:1362b0b3421:-7feb','BP4eb9968d:13639066586:-7ff2','L-12f70615:1362b0b3421:-7feb','LC68fbd6ca:135e5876658:-7fe3',NULL,2012,'RENEW'),('BP4eb9968d:13639066586:-7ff2:L45c5662b:13633239641:-7ff8','BP4eb9968d:13639066586:-7ff2','L45c5662b:13633239641:-7ff8','LC68fbd6ca:135e5876658:-7fe3',NULL,2012,'RENEW'),('BP64a5485:1363ae89640:-7fd1:L-12f70615:1362b0b3421:-7feb','BP64a5485:1363ae89640:-7fd1','L-12f70615:1362b0b3421:-7feb','LC68fbd6ca:135e5876658:-7fe3',NULL,2011,'RENEW'),('BP64a5485:1363ae89640:-7fd1:L45c5662b:13633239641:-7ff8','BP64a5485:1363ae89640:-7fd1','L45c5662b:13633239641:-7ff8','LC68fbd6ca:135e5876658:-7fe3',NULL,2011,'RENEW');

/*Table structure for table `bppayment` */

DROP TABLE IF EXISTS `bppayment`;

CREATE TABLE `bppayment` (
  `objid` varchar(50) default NULL,
  `applicationid` varchar(50) default NULL,
  `receiptid` varchar(50) default NULL,
  `afid` varchar(20) default NULL,
  `serialno` varchar(30) default NULL,
  `txndate` date default NULL,
  `iyear` int(11) default NULL,
  `iqtr` int(11) default NULL,
  `imonth` int(11) default NULL,
  `iday` int(11) default NULL,
  `paidyear` int(11) default NULL,
  `paidqtr` int(11) default NULL,
  `lobid` varchar(50) default NULL,
  `lobname` varchar(50) default NULL,
  `acctid` varchar(50) default NULL,
  `accttitle` varchar(150) default NULL,
  `amount` decimal(10,2) default NULL,
  `surcharge` decimal(10,2) default NULL,
  `interest` decimal(10,2) default NULL,
  `discount` decimal(10,2) default NULL,
  `total` decimal(10,2) default NULL,
  `voided` int(11) default NULL,
  KEY `ix_bppayment_applicationid` (`applicationid`),
  KEY `ix_bppayment_txndate` (`txndate`),
  KEY `ix_bppayment_receiptid` (`receiptid`)
) ENGINE=InnoDB DEFAULT CHARSET=latin1;

/*Data for the table `bppayment` */

insert  into `bppayment`(`objid`,`applicationid`,`receiptid`,`afid`,`serialno`,`txndate`,`iyear`,`iqtr`,`imonth`,`iday`,`paidyear`,`paidqtr`,`lobid`,`lobname`,`acctid`,`accttitle`,`amount`,`surcharge`,`interest`,`discount`,`total`,`voided`) values ('BPPMT-77eb9ad:1362de475cb:-7f30','BP-12f70615:1362b0b3421:-7fe9','RCT-77eb9ad:1362de475cb:-7f35','51','GP-1000005-W','2012-03-20',2012,1,3,20,2012,1,'L-12f70615:1362b0b3421:-7feb','SARI2X STORE','IA3b52a903:1362da0716c:-7ff6','BUSINESS TAX ON RETAILER','50.00','0.00','0.00','0.00','50.00',0),('BPPMT2a8c8a24:1363832b9dd:-7fee','BP2a8c8a24:1363832b9dd:-7ff8','RCT2a8c8a24:1363832b9dd:-7ff3','51','GP-1000006-W','2012-03-22',2012,1,3,22,2012,1,'L-12f70615:1362b0b3421:-7feb','SARI2X STORE','IA3b52a903:1362da0716c:-7ff6','BUSINESS TAX ON RETAILER','50.00','0.00','0.00','0.00','50.00',0),('BPPMT4eb9968d:13639066586:-7fb6','BP4eb9968d:13639066586:-7fc3','RCT4eb9968d:13639066586:-7fbb','51','GP-1000007-W','2012-09-01',2012,3,9,1,2012,1,'L45c5662b:13633239641:-7ff8','RICE RETAILER','IA3b52a903:1362da0716c:-7ff6','BUSINESS TAX ON RETAILER','2250.00','562.50','506.25','0.00','3318.75',0),('BPPMT3284830e:136dfa7dffc:-7fec','BP-180db72b:136df9875d1:-7ff8','RCT3284830e:136dfa7dffc:-7ff3','51','W-5000102-G','2012-04-23',2012,2,4,23,2012,2,'L45c5662b:13633239641:-7ff6','ICE CREAM MAKER','IA3b52a903:1362da0716c:-7ff6','BUSINESS TAX ON RETAILER','750.00','0.00','0.00','0.00','750.00',0),('BPPMT3284830e:136dfa7dffc:-7feb','BP-180db72b:136df9875d1:-7ff8','RCT3284830e:136dfa7dffc:-7ff3','51','W-5000102-G','2012-04-23',2012,2,4,23,2012,2,'L-12f70615:1362b0b3421:-7feb','SARI2X STORE','IA3b52a903:1362da0716c:-7ff6','BUSINESS TAX ON RETAILER','750.00','0.00','0.00','0.00','750.00',0),('BPPMT3284830e:136dfa7dffc:-7fde','BP3284830e:136dfa7dffc:-7ff6','RCT3284830e:136dfa7dffc:-7fe3','51','W-5000103-G','2012-04-23',2012,2,4,23,2012,2,'L-12f70615:1362b0b3421:-7feb','SARI2X STORE','IA3b52a903:1362da0716c:-7ff6','BUSINESS TAX ON RETAILER','450.00','0.00','0.00','0.00','450.00',0);

/*Table structure for table `bppermit` */

DROP TABLE IF EXISTS `bppermit`;

CREATE TABLE `bppermit` (
  `objid` varchar(50) NOT NULL,
  `schemaname` varchar(255) default NULL,
  `schemaversion` varchar(10) default NULL,
  `txnno` varchar(100) default NULL,
  `txndate` date default NULL,
  `docstate` varchar(25) default NULL,
  `taxpayerid` varchar(50) default NULL,
  `taxpayername` varchar(500) default NULL,
  `taxpayeraddress` varchar(500) default NULL,
  `businessid` varchar(500) default NULL,
  `tradename` varchar(500) default NULL,
  `businessaddress` varchar(500) default NULL,
  `lobs` text,
  `applicationid` varchar(50) default NULL,
  `iyear` int(11) default NULL,
  `plateno` varchar(50) default NULL,
  `info` text,
  PRIMARY KEY  (`objid`),
  KEY `ix_bppermit_businessid` (`businessid`),
  KEY `ix_bppermit_appid` (`applicationid`)
) ENGINE=InnoDB DEFAULT CHARSET=latin1;

/*Data for the table `bppermit` */

insert  into `bppermit`(`objid`,`schemaname`,`schemaversion`,`txnno`,`txndate`,`docstate`,`taxpayerid`,`taxpayername`,`taxpayeraddress`,`businessid`,`tradename`,`businessaddress`,`lobs`,`applicationid`,`iyear`,`plateno`,`info`) values ('PERM2a8c8a24:1363832b9dd:-7fec','bppermit:bppermit','1.0','201200001','2012-03-22','ACTIVE','E2a8c8a24:1363832b9dd:-7ffa','ZAMORA, JESSIE','CEBU CITY','BUS2a8c8a24:1363832b9dd:-7ff7','JESSIE SARI-SARI STORE','CEBU CITY','[[lobid:\"L-12f70615:1362b0b3421:-7feb\",name:\"SARI2X STORE\",assessmenttype:\"NEW\",classificationid:\"LC68fbd6ca:135e5876658:-7fe3\",iyear:2012]]','BP2a8c8a24:1363832b9dd:-7ff8',2012,'2012-1001','[:]'),('PERM3284830e:136dfa7dffc:-7fdc','bppermit:bppermit','1.0','201200003','2012-04-23','ACTIVE','E-180db72b:136df9875d1:-7ffa','VERGARA, ROJEAN','CEBU CITY','BUS3284830e:136dfa7dffc:-7fe7','SARI2X STORE NI MANG RJ','CEBU CITY','[[lobid:\"L-12f70615:1362b0b3421:-7feb\",assessmenttype:\"NEW\",iyear:2012,name:\"SARI2X STORE\",classificationid:\"LC68fbd6ca:135e5876658:-7fe3\"]]','BP3284830e:136dfa7dffc:-7ff6',2012,NULL,'[:]'),('PERM3284830e:136dfa7dffc:-7fe9','bppermit:bppermit','1.0','201200002','2012-04-23','ACTIVE','E-180db72b:136df9875d1:-7ffa','VERGARA, ROJEAN','CEBU CITY','BUS3284830e:136dfa7dffc:-7ffd','RJ SARI2X STORE','CEBU CITY','[[lobid:\"L-12f70615:1362b0b3421:-7feb\",name:\"SARI2X STORE\",assessmenttype:\"NEW\",classificationid:\"LC68fbd6ca:135e5876658:-7fe3\",iyear:2012],[lobid:\"L45c5662b:13633239641:-7ff6\",name:\"ICE CREAM MAKER\",assessmenttype:\"NEW\",classificationid:\"LC68fbd6ca:135e5876658:-7fe1\",iyear:2012]]','BP-180db72b:136df9875d1:-7ff8',2012,'2012-1000','[:]');

/*Table structure for table `bpreceivable` */

DROP TABLE IF EXISTS `bpreceivable`;

CREATE TABLE `bpreceivable` (
  `objid` varchar(32) NOT NULL,
  `businessid` varchar(32) NOT NULL,
  `applicationid` varchar(32) NOT NULL,
  `applicationtype` varchar(10) NOT NULL,
  `appno` varchar(100) NOT NULL,
  `iyear` int(11) NOT NULL,
  `lobid` varchar(32) default NULL,
  `lobname` varchar(200) default NULL,
  `acctid` varchar(32) NOT NULL,
  `accttitle` varchar(200) NOT NULL,
  `amount` decimal(9,2) NOT NULL,
  `amtpaid` decimal(9,2) NOT NULL,
  `iqtr` int(11) default NULL,
  `acctno` varchar(32) default NULL,
  PRIMARY KEY  (`objid`)
) ENGINE=InnoDB DEFAULT CHARSET=latin1 ROW_FORMAT=DYNAMIC;

/*Data for the table `bpreceivable` */

/*Table structure for table `bpreceivablecredit` */

DROP TABLE IF EXISTS `bpreceivablecredit`;

CREATE TABLE `bpreceivablecredit` (
  `objid` varchar(50) NOT NULL default '',
  `bpreceivableid` varchar(50) NOT NULL default '',
  `refid` varchar(50) default '',
  `reftype` varchar(100) NOT NULL,
  `refno` varchar(100) NOT NULL,
  `amount` decimal(9,2) NOT NULL,
  `surcharge` decimal(9,2) NOT NULL,
  `interest` decimal(9,2) NOT NULL,
  `discount` decimal(9,2) NOT NULL,
  `refdate` date default NULL,
  PRIMARY KEY  (`objid`)
) ENGINE=InnoDB DEFAULT CHARSET=latin1 ROW_FORMAT=DYNAMIC;

/*Data for the table `bpreceivablecredit` */

/*Table structure for table `bpsetting` */

DROP TABLE IF EXISTS `bpsetting`;

CREATE TABLE `bpsetting` (
  `objid` varchar(50) NOT NULL,
  `applicationsignatories` text,
  `assessmentsignatories` text,
  `requirements` text,
  `collection` text,
  PRIMARY KEY  (`objid`)
) ENGINE=InnoDB DEFAULT CHARSET=latin1;

/*Data for the table `bpsetting` */

insert  into `bpsetting`(`objid`,`applicationsignatories`,`assessmentsignatories`,`requirements`,`collection`) values ('BPSETTING','[]','[]','[]','[qtr1surcharge:[month:1,day:20],qtr2surcharge:[month:4,day:20],qtr3surcharge:[month:7,day:20],qtr4surcharge:[month:10,day:20],discount:[month:1,day:10]]');

/*Table structure for table `bptaxfeelisting` */

DROP TABLE IF EXISTS `bptaxfeelisting`;

CREATE TABLE `bptaxfeelisting` (
  `objid` varchar(100) NOT NULL,
  `applicationid` varchar(50) default NULL,
  `lobid` varchar(50) default NULL,
  `lobname` varchar(500) default NULL,
  `acctid` varchar(50) default NULL,
  `acctno` varchar(100) default NULL,
  `accttitle` varchar(100) default NULL,
  `assessedvalue` decimal(9,2) default NULL,
  `amountdue` decimal(9,2) default NULL,
  PRIMARY KEY  (`objid`)
) ENGINE=InnoDB DEFAULT CHARSET=latin1;

/*Data for the table `bptaxfeelisting` */

insert  into `bptaxfeelisting`(`objid`,`applicationid`,`lobid`,`lobname`,`acctid`,`acctno`,`accttitle`,`assessedvalue`,`amountdue`) values ('BP-12f70615:1362b0b3421:-7fe9:L-12f70615:1362b0b3421:-7feb:IA3b52a903:1362da0716c:-7ff6','BP-12f70615:1362b0b3421:-7fe9','L-12f70615:1362b0b3421:-7feb','SARI2X STORE','IA3b52a903:1362da0716c:-7ff6',NULL,'BUSINESS TAX ON RETAILER','50.00','50.00'),('BP-180db72b:136df9875d1:-7ff8:L-12f70615:1362b0b3421:-7feb:IA3b52a903:1362da0716c:-7ff6','BP-180db72b:136df9875d1:-7ff8','L-12f70615:1362b0b3421:-7feb','SARI2X STORE','IA3b52a903:1362da0716c:-7ff6',NULL,'BUSINESS TAX ON RETAILER','750.00','750.00'),('BP-180db72b:136df9875d1:-7ff8:L45c5662b:13633239641:-7ff6:IA3b52a903:1362da0716c:-7ff6','BP-180db72b:136df9875d1:-7ff8','L45c5662b:13633239641:-7ff6','ICE CREAM MAKER','IA3b52a903:1362da0716c:-7ff6',NULL,'BUSINESS TAX ON RETAILER','750.00','750.00'),('BP-5b932d89:1363d121758:-7ffc:L-12f70615:1362b0b3421:-7feb:IA3b52a903:1362da0716c:-7ff6','BP-5b932d89:1363d121758:-7ffc','L-12f70615:1362b0b3421:-7feb','SARI2X STORE','IA3b52a903:1362da0716c:-7ff6',NULL,'BUSINESS TAX ON RETAILER','2000.00','2000.00'),('BP-5b932d89:1363d121758:-7ffc:L45c5662b:13633239641:-7ff8:IA3b52a903:1362da0716c:-7ff6','BP-5b932d89:1363d121758:-7ffc','L45c5662b:13633239641:-7ff8','RICE RETAILER','IA3b52a903:1362da0716c:-7ff6',NULL,'BUSINESS TAX ON RETAILER','2000.00','1000.00'),('BP-787d141c:1363d5b6fa2:-7fb8:L45c5662b:13633239641:-7ff8:IA-674651c6:135f4ea60bf:-7d43','BP-787d141c:1363d5b6fa2:-7fb8','L45c5662b:13633239641:-7ff8','RICE RETAILER','IA-674651c6:135f4ea60bf:-7d43',NULL,'MAYORS PERMIT FEE FOR ELECTRICAL INSTALLATION','100.00','100.00'),('BP-787d141c:1363d5b6fa2:-7fb8:L45c5662b:13633239641:-7ff8:IA3b52a903:1362da0716c:-7ff6','BP-787d141c:1363d5b6fa2:-7fb8','L45c5662b:13633239641:-7ff8','RICE RETAILER','IA3b52a903:1362da0716c:-7ff6',NULL,'BUSINESS TAX ON RETAILER','30.00','15.00'),('BP2a8c8a24:1363832b9dd:-7fb7:L-12f70615:1362b0b3421:-7feb:IA3b52a903:1362da0716c:-7ff6','BP2a8c8a24:1363832b9dd:-7fb7','L-12f70615:1362b0b3421:-7feb','SARI2X STORE','IA3b52a903:1362da0716c:-7ff6',NULL,'BUSINESS TAX ON RETAILER','800.00','800.00'),('BP2a8c8a24:1363832b9dd:-7fb7:L45c5662b:13633239641:-7ff8:IA3b52a903:1362da0716c:-7ff6','BP2a8c8a24:1363832b9dd:-7fb7','L45c5662b:13633239641:-7ff8','RICE RETAILER','IA3b52a903:1362da0716c:-7ff6',NULL,'BUSINESS TAX ON RETAILER','600.00','300.00'),('BP2a8c8a24:1363832b9dd:-7fc0:L-12f70615:1362b0b3421:-7feb:IA3b52a903:1362da0716c:-7ff6','BP2a8c8a24:1363832b9dd:-7fc0','L-12f70615:1362b0b3421:-7feb','SARI2X STORE','IA3b52a903:1362da0716c:-7ff6',NULL,'BUSINESS TAX ON RETAILER','1000.00','1000.00'),('BP2a8c8a24:1363832b9dd:-7fe8:L45c5662b:13633239641:-7fb1:IA3b52a903:1362da0716c:-7ff6','BP2a8c8a24:1363832b9dd:-7fe8','L45c5662b:13633239641:-7fb1','BILLIARD','IA3b52a903:1362da0716c:-7ff6',NULL,'BUSINESS TAX ON RETAILER','1000.00','800.00'),('BP2a8c8a24:1363832b9dd:-7ff8:L-12f70615:1362b0b3421:-7feb:IA3b52a903:1362da0716c:-7ff6','BP2a8c8a24:1363832b9dd:-7ff8','L-12f70615:1362b0b3421:-7feb','SARI2X STORE','IA3b52a903:1362da0716c:-7ff6',NULL,'BUSINESS TAX ON RETAILER','50.00','50.00'),('BP3284830e:136dfa7dffc:-7ff6:L-12f70615:1362b0b3421:-7feb:IA3b52a903:1362da0716c:-7ff6','BP3284830e:136dfa7dffc:-7ff6','L-12f70615:1362b0b3421:-7feb','SARI2X STORE','IA3b52a903:1362da0716c:-7ff6',NULL,'BUSINESS TAX ON RETAILER','450.00','450.00'),('BP4eb9968d:13639066586:-7fc3:L45c5662b:13633239641:-7ff8:IA3b52a903:1362da0716c:-7ff6','BP4eb9968d:13639066586:-7fc3','L45c5662b:13633239641:-7ff8','RICE RETAILER','IA3b52a903:1362da0716c:-7ff6',NULL,'BUSINESS TAX ON RETAILER','9000.00','9000.00'),('BP4eb9968d:13639066586:-7fcc:L-12f70615:1362b0b3421:-7feb:IA3b52a903:1362da0716c:-7ff6','BP4eb9968d:13639066586:-7fcc','L-12f70615:1362b0b3421:-7feb','SARI2X STORE','IA3b52a903:1362da0716c:-7ff6',NULL,'BUSINESS TAX ON RETAILER','9000.00','9000.00'),('BP4eb9968d:13639066586:-7ff2:L-12f70615:1362b0b3421:-7feb:IA3b52a903:1362da0716c:-7ff6','BP4eb9968d:13639066586:-7ff2','L-12f70615:1362b0b3421:-7feb','SARI2X STORE','IA3b52a903:1362da0716c:-7ff6',NULL,'BUSINESS TAX ON RETAILER','800.00','800.00'),('BP4eb9968d:13639066586:-7ff2:L45c5662b:13633239641:-7ff8:IA3b52a903:1362da0716c:-7ff6','BP4eb9968d:13639066586:-7ff2','L45c5662b:13633239641:-7ff8','RICE RETAILER','IA3b52a903:1362da0716c:-7ff6',NULL,'BUSINESS TAX ON RETAILER','1600.00','1600.00'),('BP64a5485:1363ae89640:-7fd1:L-12f70615:1362b0b3421:-7feb:IA3b52a903:1362da0716c:-7ff6','BP64a5485:1363ae89640:-7fd1','L-12f70615:1362b0b3421:-7feb','SARI2X STORE','IA3b52a903:1362da0716c:-7ff6',NULL,'BUSINESS TAX ON RETAILER','600.00','600.00'),('BP64a5485:1363ae89640:-7fd1:L45c5662b:13633239641:-7ff8:IA3b52a903:1362da0716c:-7ff6','BP64a5485:1363ae89640:-7fd1','L45c5662b:13633239641:-7ff8','RICE RETAILER','IA3b52a903:1362da0716c:-7ff6',NULL,'BUSINESS TAX ON RETAILER','1000.00','500.00');

/*Table structure for table `bptxn` */

DROP TABLE IF EXISTS `bptxn`;

CREATE TABLE `bptxn` (
  `objid` varchar(50) NOT NULL,
  `schemaname` varchar(50) NOT NULL,
  `schemaversion` varchar(20) NOT NULL,
  `docstate` varchar(10) NOT NULL,
  `info` text NOT NULL,
  `txntype` varchar(20) NOT NULL,
  `business` text,
  `businessid` varchar(50) NOT NULL,
  PRIMARY KEY  (`objid`)
) ENGINE=InnoDB DEFAULT CHARSET=latin1;

/*Data for the table `bptxn` */

/*Table structure for table `business` */

DROP TABLE IF EXISTS `business`;

CREATE TABLE `business` (
  `objid` varchar(32) NOT NULL,
  `schemaname` varchar(50) NOT NULL,
  `schemaversion` varchar(50) NOT NULL,
  `docstate` varchar(15) NOT NULL,
  `taxpayerid` varchar(32) NOT NULL,
  `taxpayername` varchar(2000) NOT NULL,
  `taxpayeraddress` varchar(2000) NOT NULL,
  `yearstarted` int(11) NOT NULL,
  `dtregistered` date NOT NULL,
  `sec` varchar(100) default NULL,
  `dti` varchar(100) default NULL,
  `sss` varchar(100) default NULL,
  `pin` varchar(100) default NULL,
  `tin` varchar(100) default NULL,
  `applicationid` varchar(32) NOT NULL,
  `tradename` varchar(100) NOT NULL,
  `businessaddress` varchar(255) NOT NULL,
  `permitid` varchar(50) default NULL,
  `adminid` varchar(50) default NULL,
  `adminname` varchar(100) default NULL,
  `adminaddress` varchar(255) default NULL,
  `organization` varchar(255) default NULL,
  `officetype` varchar(255) default NULL,
  `bin` varchar(255) default NULL,
  `lastyrpaid` int(11) default NULL,
  `lastqtrpaid` int(11) default NULL,
  PRIMARY KEY  (`objid`),
  KEY `ix_business_bin` (`bin`),
  KEY `ix_business_taxpayername` (`taxpayername`(767)),
  KEY `ix_business_adminname` (`adminname`),
  KEY `ix_business_businessaddress` (`businessaddress`)
) ENGINE=InnoDB DEFAULT CHARSET=latin1;

/*Data for the table `business` */

insert  into `business`(`objid`,`schemaname`,`schemaversion`,`docstate`,`taxpayerid`,`taxpayername`,`taxpayeraddress`,`yearstarted`,`dtregistered`,`sec`,`dti`,`sss`,`pin`,`tin`,`applicationid`,`tradename`,`businessaddress`,`permitid`,`adminid`,`adminname`,`adminaddress`,`organization`,`officetype`,`bin`,`lastyrpaid`,`lastqtrpaid`) values ('BUS-5b932d89:1363d121758:-7ffb','business:business','1.0','ACTIVE','E-12f70615:1362b0b3421:-7fed','VERGARA, JAYROME','CEBU CITY',2011,'2011-03-23',NULL,NULL,NULL,NULL,NULL,'BP-5b932d89:1363d121758:-7ffc','TINDAHAN NI JAY','CEBU CITY',NULL,NULL,NULL,NULL,'SINGLE PROPRIETORSHIP','MAIN',NULL,NULL,4),('BUS-77eb9ad:1362de475cb:-7f39','business:business','1.0','ACTIVE','E-12f70615:1362b0b3421:-7fed','VERGARA, JAYROME','CEBU CITY',2012,'2012-03-19',NULL,NULL,NULL,NULL,NULL,'BP-12f70615:1362b0b3421:-7fe9','JAYROME STORE','CEBU CITY',NULL,NULL,NULL,NULL,'SINGLE PROPRIETORSHIP','MAIN',NULL,NULL,4),('BUS-787d141c:1363d5b6fa2:-7fb7','business:business','1.0','ACTIVE','E-12f70615:1362b0b3421:-7fed','VERGARA, JAYROME','CEBU CITY',2012,'2012-03-23',NULL,NULL,NULL,NULL,NULL,'BP-787d141c:1363d5b6fa2:-7fb8','JAYROME STORE','CEBU CITY',NULL,NULL,NULL,NULL,'SINGLE PROPRIETORSHIP','MAIN',NULL,NULL,0),('BUS2a8c8a24:1363832b9dd:-7fb6','business:business','1.0','ACTIVE','E2a8c8a24:1363832b9dd:-7fb9','FLORES, WORGIE','CEBU CITY',2012,'2012-03-22',NULL,NULL,NULL,NULL,NULL,'BP2a8c8a24:1363832b9dd:-7fb7','WORGIE SARI-SARI STORE','CEBU CITY',NULL,NULL,NULL,NULL,'SINGLE PROPRIETORSHIP','MAIN',NULL,NULL,4),('BUS2a8c8a24:1363832b9dd:-7fbf','business:business','1.0','ACTIVE','E2a8c8a24:1363832b9dd:-7fea','ESCARIO, REX','CEBU CITY',2012,'2012-01-10',NULL,NULL,NULL,NULL,NULL,'BP2a8c8a24:1363832b9dd:-7fc0','MY SARI2X STORE','CEBU CITY',NULL,NULL,NULL,NULL,'SINGLE PROPRIETORSHIP','MAIN',NULL,NULL,4),('BUS2a8c8a24:1363832b9dd:-7fe0','business:business','1.0','ACTIVE','E2a8c8a24:1363832b9dd:-7fea','ESCARIO, REX','CEBU CITY',2011,'2011-03-22',NULL,NULL,NULL,NULL,NULL,'BP2a8c8a24:1363832b9dd:-7fe1','REX SARI-SARI STORE','CEBU CITY',NULL,NULL,NULL,NULL,'SINGLE PROPRIETORSHIP','MAIN',NULL,NULL,4),('BUS2a8c8a24:1363832b9dd:-7fe7','business:business','1.0','ACTIVE','E2a8c8a24:1363832b9dd:-7fea','ESCARIO, REX','CEBU CITY',2012,'2012-03-22',NULL,NULL,NULL,NULL,NULL,'BP2a8c8a24:1363832b9dd:-7fe8','REX BILLIARD','CEBU CITY',NULL,NULL,NULL,NULL,'SINGLE PROPRIETORSHIP','MAIN',NULL,NULL,4),('BUS2a8c8a24:1363832b9dd:-7ff7','business:business','1.0','ACTIVE','E2a8c8a24:1363832b9dd:-7ffa','ZAMORA, JESSIE','CEBU CITY',2012,'2012-03-22',NULL,NULL,NULL,NULL,'12345','BP2a8c8a24:1363832b9dd:-7ff8','JESSIE SARI-SARI STORE','CEBU CITY',NULL,NULL,NULL,NULL,'SINGLE PROPRIETORSHIP','MAIN',NULL,NULL,4),('BUS3284830e:136dfa7dffc:-7fe7','business:business','1.0','ACTIVE','E-180db72b:136df9875d1:-7ffa','VERGARA, ROJEAN','CEBU CITY',2012,'2012-04-23',NULL,NULL,NULL,NULL,NULL,'BP3284830e:136dfa7dffc:-7ff6','SARI2X STORE NI MANG RJ','CEBU CITY',NULL,NULL,NULL,NULL,'SINGLE PROPRIETORSHIP','MAIN',NULL,NULL,4),('BUS3284830e:136dfa7dffc:-7ffd','business:business','1.0','ACTIVE','E-180db72b:136df9875d1:-7ffa','VERGARA, ROJEAN','CEBU CITY',2012,'2012-04-23',NULL,NULL,NULL,NULL,NULL,'BP-180db72b:136df9875d1:-7ff8','RJ SARI2X STORE','CEBU CITY',NULL,NULL,NULL,NULL,'SINGLE PROPRIETORSHIP','MAIN',NULL,NULL,4),('BUS4eb9968d:13639066586:-7fc2','business:business','1.0','ACTIVE','E4eb9968d:13639066586:-7fc5','CHIONG, EMERSON','CEBU CITY',2012,'2012-08-01',NULL,NULL,NULL,NULL,NULL,'BP4eb9968d:13639066586:-7fc3','EMERSON RICE RETAILER','CEBU CITY',NULL,NULL,NULL,NULL,'SINGLE PROPRIETORSHIP','MAIN',NULL,NULL,1),('BUS4eb9968d:13639066586:-7fcb','business:business','1.0','ACTIVE','E-77eb9ad:1362de475cb:-7fa0','OBERES, MIKOY','SAN CARLOS CITY',2012,'2012-03-22',NULL,NULL,NULL,NULL,NULL,'BP4eb9968d:13639066586:-7fcc','MIKOY SARI2X STORE','SAN CARLOS CITY, NEG. OCC.',NULL,NULL,NULL,NULL,'SINGLE PROPRIETORSHIP','MAIN',NULL,NULL,4),('BUS4eb9968d:13639066586:-7ff1','business:business','1.0','ACTIVE','E4eb9968d:13639066586:-7ff4','LAURON, ROMMEL','CEBU CITY',2012,'2012-03-22',NULL,NULL,NULL,NULL,NULL,'BP4eb9968d:13639066586:-7ff2','LAURON SARI-SARI STORE','CEBU CITY',NULL,NULL,NULL,NULL,'SINGLE PROPRIETORSHIP','MAIN',NULL,NULL,4),('BUS64a5485:1363ae89640:-7fd0','business:business','1.0','ACTIVE','E-77eb9ad:1362de475cb:-7fa0','OBERES, MIKOY','SAN CARLOS CITY',2011,'2011-01-22',NULL,NULL,NULL,NULL,NULL,'BP64a5485:1363ae89640:-7fd1','OBERES MINI MART','CEBU CITY',NULL,NULL,NULL,NULL,'SINGLE PROPRIETORSHIP','MAIN',NULL,NULL,4);

/*Table structure for table `cancelannotation` */

DROP TABLE IF EXISTS `cancelannotation`;

CREATE TABLE `cancelannotation` (
  `objid` varchar(50) NOT NULL,
  `schemaname` varchar(50) NOT NULL,
  `schemaversion` varchar(5) NOT NULL,
  `docstate` varchar(25) NOT NULL,
  `docno` varchar(15) NOT NULL,
  `fileno` varchar(30) NOT NULL,
  `faasid` varchar(50) NOT NULL,
  `annotationid` varchar(50) NOT NULL,
  `annotationno` varchar(20) NOT NULL,
  `tdno` varchar(25) NOT NULL,
  `submittedby` varchar(50) default NULL,
  `submittedbytitle` varchar(50) default NULL,
  `dtsubmitted` date default NULL,
  `signedby` varchar(50) default NULL,
  `signedbytitle` varchar(50) default NULL,
  `dtsigned` date default NULL,
  `approvedby` varchar(50) default NULL,
  `approvedbytitle` varchar(50) default NULL,
  `dtapproved` date default NULL,
  `remarks` varchar(1000) default NULL,
  `orno` varchar(10) NOT NULL,
  `ordate` date NOT NULL,
  `oramount` decimal(12,2) NOT NULL,
  `extended` text NOT NULL,
  PRIMARY KEY  (`objid`)
) ENGINE=InnoDB DEFAULT CHARSET=latin1;

/*Data for the table `cancelannotation` */

insert  into `cancelannotation`(`objid`,`schemaname`,`schemaversion`,`docstate`,`docno`,`fileno`,`faasid`,`annotationid`,`annotationno`,`tdno`,`submittedby`,`submittedbytitle`,`dtsubmitted`,`signedby`,`signedbytitle`,`dtsigned`,`approvedby`,`approvedbytitle`,`dtapproved`,`remarks`,`orno`,`ordate`,`oramount`,`extended`) values ('CA-3bcd7395:136585a9dee:-7fe4','cancelannotation','1.0','APPROVED','00001','123','F-a5683f2:136571474b2:-7fc7','A-3bcd7395:136585a9dee:-7ff6','00001','2010-01-0001-00005','MAGLASANG, JERSON',NULL,'2012-03-28','JESSIE ZAMORA','CITY ASSESSOR','2012-03-01','MAGLASANG, JERSON',NULL,'2012-03-28','MORTGAGE CANCELLED','1234','2012-03-01','40.00','[:]');

/*Table structure for table `cancelfaas` */

DROP TABLE IF EXISTS `cancelfaas`;

CREATE TABLE `cancelfaas` (
  `objid` varchar(50) NOT NULL,
  `docstate` varchar(50) NOT NULL,
  `schemaname` varchar(50) NOT NULL,
  `schemaversion` varchar(5) NOT NULL,
  `tdno` varchar(30) NOT NULL,
  `ownername` varchar(800) NOT NULL,
  `fullpin` varchar(35) NOT NULL,
  `classcode` varchar(10) NOT NULL,
  `faasid` varchar(50) NOT NULL,
  `rputype` varchar(20) NOT NULL,
  `remarks` varchar(200) NOT NULL,
  `dtapproved` date default NULL,
  `approvedby` varchar(100) default NULL,
  `cancelreasonid` varchar(50) NOT NULL,
  `cancelreason` varchar(25) NOT NULL,
  `extended` text,
  PRIMARY KEY  (`objid`)
) ENGINE=InnoDB DEFAULT CHARSET=latin1;

/*Data for the table `cancelfaas` */

/*Table structure for table `canceltdreason` */

DROP TABLE IF EXISTS `canceltdreason`;

CREATE TABLE `canceltdreason` (
  `objid` varchar(50) NOT NULL,
  `schemaname` varchar(50) NOT NULL,
  `schemaversion` varchar(5) NOT NULL,
  `cancelcode` varchar(10) NOT NULL,
  `canceltitle` varchar(100) NOT NULL,
  `canceldesc` varchar(150) NOT NULL,
  PRIMARY KEY  (`objid`)
) ENGINE=InnoDB DEFAULT CHARSET=latin1 ROW_FORMAT=DYNAMIC;

/*Data for the table `canceltdreason` */

insert  into `canceltdreason`(`objid`,`schemaname`,`schemaversion`,`cancelcode`,`canceltitle`,`canceldesc`) values ('F-62eb6464:13642754aed:-7fd4','canceltdreason:canceltdreason','1.0','AM','AMALGAMATION','AMALGAMATION'),('F-62eb6464:13642754aed:-7fd5','canceltdreason:canceltdreason','1.0','SD','SUBDIVISION','SUBDIVISION'),('F-62eb6464:13642754aed:-7fd6','canceltdreason:canceltdreason','1.0','RV','REVISION','REVISION');

/*Table structure for table `changeaddresslist` */

DROP TABLE IF EXISTS `changeaddresslist`;

CREATE TABLE `changeaddresslist` (
  `objid` varchar(50) NOT NULL,
  `docstate` varchar(10) NOT NULL,
  `txnno` varchar(20) NOT NULL,
  `txntype` varchar(20) NOT NULL,
  `businessid` varchar(50) NOT NULL,
  `tradename` varchar(100) NOT NULL,
  `prevbusinessaddress` varchar(255) NOT NULL,
  `newbusinessaddress` varchar(255) NOT NULL,
  `taxpayername` varchar(100) NOT NULL,
  `taxpayeraddress` varchar(255) NOT NULL,
  PRIMARY KEY  (`objid`),
  KEY `FK_changeaddresslist_business` (`businessid`),
  CONSTRAINT `FK_changeaddresslist` FOREIGN KEY (`objid`) REFERENCES `bptxn` (`objid`),
  CONSTRAINT `FK_changeaddresslist_business` FOREIGN KEY (`businessid`) REFERENCES `business` (`objid`)
) ENGINE=InnoDB DEFAULT CHARSET=latin1;

/*Data for the table `changeaddresslist` */

/*Table structure for table `changeadminlist` */

DROP TABLE IF EXISTS `changeadminlist`;

CREATE TABLE `changeadminlist` (
  `objid` varchar(50) NOT NULL,
  `docstate` varchar(10) NOT NULL,
  `txnno` varchar(20) NOT NULL,
  `txntype` varchar(20) NOT NULL,
  `businessid` varchar(50) NOT NULL,
  `tradename` varchar(100) NOT NULL,
  `businessaddress` varchar(255) NOT NULL,
  `taxpayername` varchar(100) NOT NULL,
  `taxpayeraddress` varchar(255) NOT NULL,
  `prevadminid` varchar(50) default NULL,
  `prevadminname` varchar(100) default NULL,
  `prevadminaddress` varchar(255) default NULL,
  `newadminid` varchar(50) default NULL,
  `newadminname` varchar(100) default NULL,
  `newadminaddress` varchar(255) default NULL,
  PRIMARY KEY  (`objid`),
  KEY `FK_changeadminlist_newadmin` (`newadminid`),
  KEY `FK_changeadminlist_prevadmin` (`prevadminid`),
  KEY `FK_changeadminlist_business` (`businessid`),
  CONSTRAINT `FK_changeadminlist` FOREIGN KEY (`objid`) REFERENCES `bptxn` (`objid`),
  CONSTRAINT `FK_changeadminlist_business` FOREIGN KEY (`businessid`) REFERENCES `business` (`objid`),
  CONSTRAINT `FK_changeadminlist_newadmin` FOREIGN KEY (`newadminid`) REFERENCES `entity` (`objid`),
  CONSTRAINT `FK_changeadminlist_prevadmin` FOREIGN KEY (`prevadminid`) REFERENCES `entity` (`objid`)
) ENGINE=InnoDB DEFAULT CHARSET=latin1;

/*Data for the table `changeadminlist` */

/*Table structure for table `changepermitteelist` */

DROP TABLE IF EXISTS `changepermitteelist`;

CREATE TABLE `changepermitteelist` (
  `objid` varchar(50) NOT NULL,
  `docstate` varchar(20) NOT NULL,
  `txnno` varchar(20) NOT NULL,
  `txntype` varchar(20) NOT NULL,
  `businessid` varchar(50) NOT NULL,
  `tradename` varchar(100) NOT NULL,
  `businessaddress` varchar(255) NOT NULL,
  `prevtaxpayerid` varchar(50) NOT NULL,
  `prevtaxpayername` varchar(100) NOT NULL,
  `prevtaxpayeraddress` varchar(255) NOT NULL,
  `newtaxpayerid` varchar(50) NOT NULL,
  `newtaxpayername` varchar(100) NOT NULL,
  `newtaxpayeraddress` varchar(255) NOT NULL,
  PRIMARY KEY  (`objid`),
  KEY `FK_changepermitteelist_newtaxpayer` (`newtaxpayerid`),
  KEY `FK_changepermitteelist_prevtaxpayer` (`prevtaxpayerid`),
  KEY `FK_changepermitteelist_business` (`businessid`),
  CONSTRAINT `FK_changepermitteelist` FOREIGN KEY (`objid`) REFERENCES `bptxn` (`objid`),
  CONSTRAINT `FK_changepermitteelist_business` FOREIGN KEY (`businessid`) REFERENCES `business` (`objid`),
  CONSTRAINT `FK_changepermitteelist_newtaxpayer` FOREIGN KEY (`newtaxpayerid`) REFERENCES `entity` (`objid`),
  CONSTRAINT `FK_changepermitteelist_prevtaxpayer` FOREIGN KEY (`prevtaxpayerid`) REFERENCES `entity` (`objid`)
) ENGINE=InnoDB DEFAULT CHARSET=latin1;

/*Data for the table `changepermitteelist` */

/*Table structure for table `changetradenamelist` */

DROP TABLE IF EXISTS `changetradenamelist`;

CREATE TABLE `changetradenamelist` (
  `objid` varchar(50) NOT NULL,
  `docstate` varchar(10) NOT NULL,
  `txnno` varchar(20) NOT NULL,
  `businessid` varchar(50) NOT NULL,
  `newtradename` varchar(100) NOT NULL,
  `prevtradename` varchar(100) NOT NULL,
  `taxpayername` varchar(100) NOT NULL,
  `taxpayeraddress` varchar(255) NOT NULL,
  `txntype` varchar(20) NOT NULL,
  `businessaddress` varchar(255) NOT NULL,
  PRIMARY KEY  (`objid`),
  KEY `FK_changetradenamelist_business` (`businessid`),
  CONSTRAINT `FK_changetradenamelist` FOREIGN KEY (`objid`) REFERENCES `bptxn` (`objid`),
  CONSTRAINT `FK_changetradenamelist_business` FOREIGN KEY (`businessid`) REFERENCES `business` (`objid`)
) ENGINE=InnoDB DEFAULT CHARSET=latin1;

/*Data for the table `changetradenamelist` */

/*Table structure for table `collectionsetting` */

DROP TABLE IF EXISTS `collectionsetting`;

CREATE TABLE `collectionsetting` (
  `objid` varchar(50) NOT NULL,
  `schemaname` varchar(50) NOT NULL,
  `schemaversion` varchar(10) NOT NULL,
  `info` text NOT NULL,
  PRIMARY KEY  (`objid`)
) ENGINE=InnoDB DEFAULT CHARSET=latin1;

/*Data for the table `collectionsetting` */

insert  into `collectionsetting`(`objid`,`schemaname`,`schemaversion`,`info`) values ('CS01','collectionsetting','1.0','[amount:0.0,lcoacctid:\"IA57e27d97:135e1abe297:-7f9b\",lcoacctno:null,lcoaccttitle:\"LARGE CATTLE OF OWNERSHIP\",lcofundid:\"GENERAL\",lcoamount:252.00,lctacctid:\"IA57e27d97:135e1abe297:-7f9e\",lctacctno:null,lctaccttitle:\"LARGE CATTLE OF TRANSFER\",lctfundid:\"GENERAL\",lctamount:100.00,marriageacctid:\"IA57e27d97:135e1abe297:-7fa4\",marriageacctno:null,marriageaccttitle:\"MARRIAGE LICENSE FORM\",marriagefundid:\"GENERAL\",marriageamount:100.00,burialacctid:\"IA57e27d97:135e1abe297:-7fad\",burialacctno:null,burialaccttitle:\"BURIAL PERMIT\",burialfundid:\"GENERAL\",burialamount:100.00]');

/*Table structure for table `collectiontype` */

DROP TABLE IF EXISTS `collectiontype`;

CREATE TABLE `collectiontype` (
  `objid` varchar(50) NOT NULL,
  `schemaname` varchar(50) NOT NULL,
  `schemaversion` varchar(5) NOT NULL,
  `name` varchar(100) NOT NULL,
  `appcode` varchar(25) NOT NULL,
  `payorrequired` int(11) NOT NULL,
  `afid` varchar(50) NOT NULL,
  PRIMARY KEY  (`objid`),
  UNIQUE KEY `afid` (`name`,`afid`),
  KEY `FK_collectiontype` (`afid`),
  KEY `ix_collectiontype_afid` (`afid`)
) ENGINE=InnoDB DEFAULT CHARSET=latin1;

/*Data for the table `collectiontype` */

insert  into `collectiontype`(`objid`,`schemaname`,`schemaversion`,`name`,`appcode`,`payorrequired`,`afid`) values ('C-18094b30:136a9665945:-7ff6','collectiontype:collectiontype','1.0','CTC-CORPORATE','ctc_corporate',0,'0017'),('C-3adb2070:13322276f1e:-72eb','collectiontype:collectiontype','1.0','CTC-INDIVIDUAL','ctc_individual',0,'0016'),('C-6459d8b6:132035d10aa:-7e82','collectiontype:collectiontype','1.0','NON-INCOME','general_collection',0,'51'),('C-77eb9ad:1362de475cb:-7f4f','collectiontype:collectiontype','1.0','MARKET COLLECTION','cash_ticket',0,'CT1'),('C-77eb9ad:1362de475cb:-7f7c','collectiontype:collectiontype','1.0','PARKING FEE','cash_ticket',0,'CT2'),('C-77eb9ad:1362de475cb:-7f96','collectiontype:collectiontype','1.0','MARKET COLLECTION','cash_ticket',0,'CT2'),('C-7ea1ce38:1322765532a:-7f24','collectiontype:collectiontype','1.0','REAL PROPERTY (NO LEDGER)','real_property_manual',0,'56'),('C16a988ad:1316e4a2d82:-7ffa','collectiontype:collectiontype','1.0','REAL PROPERTY','real_property',1,'56'),('C1a4bc292:12fb40a39d4:-7ff8','collectiontype:collectiontype','1.0','BUSINESS TAXES','business_tax',0,'51'),('C1a4bc292:12fb40a39d4:-7ffb','collectiontype:collectiontype','1.0','GENERAL COLLECTION','general_collection',0,'51'),('C41a0f494:13564c96212:-7f5b','collectiontype:collectiontype','1.0','MARKET COLLECTION','cash_ticket',0,'CT5'),('C6002c02b:13559e55856:-7fed','collectiontype:collectiontype','1.0','MARKET COLLECTION','cash_ticket',0,'CT10'),('C69ebc7ee:131fa0a85d8:-7e04','collectiontype:collectiontype','1.0','ECONOMIC ENTERPRISE','general_collection',0,'51'),('C6f60457b:12fc3da8c48:-7fad','collectiontype:collectiontype','1.0','LARGE CATTLE TRANSFER','cattle_transfer',0,'52'),('C6f60457b:12fc3da8c48:-7fc0','collectiontype:collectiontype','1.0','LARGE CATTLE OWNERSHIP','cattle_ownership',0,'53'),('C6f60457b:12fc3da8c48:-7fe7','collectiontype:collectiontype','1.0','MARRIAGE LICENSE FEE','marriage_license',0,'54'),('C7244c6ff:12fc84efa4a:-7fe4','collectiontype:collectiontype','1.0','BURIAL PERMIT','burial_permit',0,'58');

/*Table structure for table `consolidation` */

DROP TABLE IF EXISTS `consolidation`;

CREATE TABLE `consolidation` (
  `objid` varchar(50) NOT NULL,
  `schemaname` varchar(50) NOT NULL,
  `schemaversion` varchar(5) NOT NULL,
  `docstate` varchar(25) NOT NULL,
  `ry` int(11) NOT NULL,
  `txntype` varchar(5) NOT NULL,
  `autonumber` int(11) NOT NULL,
  `issuedate` date NOT NULL,
  `effectivityyear` int(11) NOT NULL,
  `effectivityqtr` int(11) NOT NULL,
  `memoranda` text,
  `consolidatedlandcount` int(11) NOT NULL,
  `affectedrpucount` int(11) NOT NULL,
  `appraisedby` varchar(50) default NULL,
  `appraisedbytitle` varchar(50) default NULL,
  `dtappraised` date default NULL,
  `recommendedby` varchar(50) default NULL,
  `recommendedbytitle` varchar(50) default NULL,
  `dtrecommended` date default NULL,
  `approvedby` varchar(50) default NULL,
  `approvedbytitle` varchar(50) default NULL,
  `dtapproved` date default NULL,
  `newtdno` varchar(25) default NULL,
  `newpin` varchar(25) default NULL,
  `newtitletype` varchar(10) default NULL,
  `newtitleno` varchar(50) default NULL,
  `newtitledate` date default NULL,
  `areasqm` decimal(16,6) default NULL,
  `areaha` decimal(16,6) default NULL,
  `newtaxpayerid` varchar(50) default NULL,
  `newtaxpayerno` varchar(25) default NULL,
  `newtaxpayername` varchar(500) default NULL,
  `newtaxpayeraddress` varchar(100) default NULL,
  `rp` text NOT NULL,
  `rpu` text NOT NULL,
  `newfaasid` varchar(50) default NULL,
  `extended` text,
  PRIMARY KEY  (`objid`)
) ENGINE=InnoDB DEFAULT CHARSET=latin1;

/*Data for the table `consolidation` */

insert  into `consolidation`(`objid`,`schemaname`,`schemaversion`,`docstate`,`ry`,`txntype`,`autonumber`,`issuedate`,`effectivityyear`,`effectivityqtr`,`memoranda`,`consolidatedlandcount`,`affectedrpucount`,`appraisedby`,`appraisedbytitle`,`dtappraised`,`recommendedby`,`recommendedbytitle`,`dtrecommended`,`approvedby`,`approvedbytitle`,`dtapproved`,`newtdno`,`newpin`,`newtitletype`,`newtitleno`,`newtitledate`,`areasqm`,`areaha`,`newtaxpayerid`,`newtaxpayerno`,`newtaxpayername`,`newtaxpayeraddress`,`rp`,`rpu`,`newfaasid`,`extended`) values ('C-d97c0a6:13657caaf62:-7f74','consolidation','1.0','APPROVED',2010,'CS',1,'2012-03-28',2012,1,'CONSOLIDATION',0,0,'ELMO NAZARENO','LAOO','2012-03-01','WINDHEL PALEN','RECOMMENDING OFFICER','2012-03-01','REX ESCARIO','MUNICIPAL ASSESSOR','2012-03-01','2010-01-0001-00009','100-01-0001-01-10',NULL,NULL,NULL,'20000.000000','2.000000','E2a8c8a24:1363832b9dd:-7ffa','00004','ZAMORA, JESSIE','CEBU CITY','[lgutype:\"CITY\",attributes:[],autonumber:\"0\",pintype:\"new\",provcityindex:\"100\",provcity:\"TAGBILARAN\",munidistrictindex:\"01\",munidistrict:\"DISTRICT 1\",barangayindex:\"0001\",barangay:\"BRGY 1\",barangayid:\"100-01-0001\",cadastrallotno:\"1234\",north:\"-\",east:\"-\",south:\"-\",west:\"-\",section:\"01\",parcel:\"10\",pin:\"100-01-0001-01-10\"]','[rputype:\"land\",ry:2010,classid:\"PC-62eb6464:13642754aed:-7ff9\",classcode:\"AGR\",classname:\"AGRICULTURAL\",suffix:0,info:[taxable:true,totalbmv:0.0,totalmv:0.0,totalav:0.0,totalareasqm:0.0,totalareaha:0.0,useswornamount:false,idleland:false,landvalueadjustment:0.0,landdetails:[[objid:\"LD56f5576c:13657cc132b:-694c\",basevalue:1000.00,unitvalue:1000.00,taxable:true,basemarketvalue:1000.00,marketvalue:1.00E+3,adjustment:0.0,landvalueadjustment:0.0,actualuseadjustment:0.0,assesslevel:40.00,assessedvalue:4E+2,areasqm:10000.0,areaha:1.00,landadjustments:[],adjustments:[],subclass:[specificclasscode:\"CL\",subclassid:\"SC-ab8144b:1364cfce92b:-78fb\",areatype:\"HA\",specificclassname:\"COCO LAND\",subclassname:\"FIRST CLASS\",subclasscode:\"CL1\",actualusecode:\"AGR\",actualusename:\"AGRICULTURAL\",basevalue:1000.00,actualuseid:\"PC-62eb6464:13642754aed:-7ff9\",specificclassid:\"SC-ab8144b:1364cfce92b:-7972\"],subclassid:\"SC-ab8144b:1364cfce92b:-78fb\",subclasscode:\"CL1\",subclassname:\"FIRST CLASS\",specificclassid:\"SC-ab8144b:1364cfce92b:-7972\",specificclasscode:\"CL\",specificclassname:\"COCO LAND\",areatype:\"HA\",actualuseid:\"PC-62eb6464:13642754aed:-7ff9\",actualusecode:\"AGR\",actualusename:\"AGRICULTURAL\",area:1.00,al:[assesslevelcode:\"AGR\",assesslevelid:\"AL5a8175e8:1364cd23a8e:-7ff9\",assesslevelname:\"AGRICULTURAL\"],assesslevelid:\"AL5a8175e8:1364cd23a8e:-7ff9\",assesslevelcode:\"AGR\",assesslevelname:\"AGRICULTURAL\"],[objid:\"LD56f5576c:13657cc132b:-6938\",basevalue:750.00,unitvalue:750.00,taxable:true,basemarketvalue:750.00,marketvalue:7.5E+2,adjustment:0.0,landvalueadjustment:0.0,actualuseadjustment:0.0,assesslevel:40.00,assessedvalue:3E+2,areasqm:10000.0,areaha:1.00,landadjustments:[],adjustments:[],subclass:[specificclasscode:\"CL\",subclassid:\"SC-ab8144b:1364cfce92b:-78f1\",areatype:\"HA\",specificclassname:\"COCO LAND\",subclassname:\"SECOND CLASS\",subclasscode:\"CL2\",actualusecode:\"AGR\",actualusename:\"AGRICULTURAL\",basevalue:750.00,actualuseid:\"PC-62eb6464:13642754aed:-7ff9\",specificclassid:\"SC-ab8144b:1364cfce92b:-7972\"],subclassid:\"SC-ab8144b:1364cfce92b:-78f1\",subclasscode:\"CL2\",subclassname:\"SECOND CLASS\",specificclassid:\"SC-ab8144b:1364cfce92b:-7972\",specificclasscode:\"CL\",specificclassname:\"COCO LAND\",areatype:\"HA\",actualuseid:\"PC-62eb6464:13642754aed:-7ff9\",actualusecode:\"AGR\",actualusename:\"AGRICULTURAL\",al:[assesslevelcode:\"AGR\",assesslevelid:\"AL5a8175e8:1364cd23a8e:-7ff9\",assesslevelname:\"AGRICULTURAL\"],assesslevelid:\"AL5a8175e8:1364cd23a8e:-7ff9\",assesslevelcode:\"AGR\",assesslevelname:\"AGRICULTURAL\",area:1.00]],landtotal:[areasqm:20000.0,areaha:2.0,basemarketvalue:1750.00,adjustment:0.0,marketvalue:1750.0,assessedvalue:700.0],planttrees:[],planttotal:[bearing:0.0,nonbearing:0.0,basemarketvalue:0.0,adjustment:0.0,marketvalue:0.0,assessedvalue:0.0],adjustments:[]],taxable:false,totalbmv:1750.00,totalmv:1750.0,totalav:700.0,totalareasqm:20000.0,totalareaha:2.0,fullpin:\"100-01-0001-01-10\"]','F-d97c0a6:13657caaf62:-7f61','[recommendedbyid:\"RPTO-5dfc4b9f:13651f0a0de:-7ff6\",appraisedbyid:\"RPTO-62eb6464:13642754aed:-7fd9\",approvedbyid:\"RPTO-62eb6464:13642754aed:-7fdb\"]');

/*Table structure for table `consolidationaffectedrpu` */

DROP TABLE IF EXISTS `consolidationaffectedrpu`;

CREATE TABLE `consolidationaffectedrpu` (
  `objid` varchar(50) NOT NULL,
  `consolidationid` varchar(50) NOT NULL,
  `rputype` varchar(10) NOT NULL,
  `landfaasid` varchar(50) NOT NULL,
  `prevfaasid` varchar(50) NOT NULL,
  `prevtdno` varchar(25) NOT NULL,
  `prevfullpin` varchar(25) NOT NULL,
  `newtdno` varchar(25) default NULL,
  `newpin` varchar(25) default NULL,
  `newsuffix` int(11) default NULL,
  `memoranda` text,
  `newfaasid` varchar(50) default NULL,
  `extended` text,
  PRIMARY KEY  (`objid`)
) ENGINE=InnoDB DEFAULT CHARSET=latin1;

/*Data for the table `consolidationaffectedrpu` */

/*Table structure for table `consolidationland` */

DROP TABLE IF EXISTS `consolidationland`;

CREATE TABLE `consolidationland` (
  `objid` varchar(50) NOT NULL,
  `consolidationid` varchar(50) NOT NULL,
  `tdno` varchar(25) NOT NULL,
  `pin` varchar(25) NOT NULL,
  `taxpayerid` varchar(50) NOT NULL,
  `taxpayername` text NOT NULL,
  `mv` decimal(12,2) NOT NULL,
  `av` decimal(12,2) NOT NULL,
  `areasqm` decimal(16,6) NOT NULL,
  `areaha` decimal(16,6) NOT NULL,
  `landfaasid` varchar(50) NOT NULL,
  `extended` text,
  PRIMARY KEY  (`objid`)
) ENGINE=InnoDB DEFAULT CHARSET=latin1;

/*Data for the table `consolidationland` */

insert  into `consolidationland`(`objid`,`consolidationid`,`tdno`,`pin`,`taxpayerid`,`taxpayername`,`mv`,`av`,`areasqm`,`areaha`,`landfaasid`,`extended`) values ('CL-d97c0a6:13657caaf62:-7f71','C-d97c0a6:13657caaf62:-7f74','10-0001-5000','100-01-0001-001-08','E4eb9968d:13639066586:-7fc5','CHIONG, EMERSON','1000.00','400.00','10000.000000','1.000000','F-d97c0a6:13657caaf62:-7fae','[faas:[fullpin:\"100-01-0001-001-08\",taxpayeraddress:\"CEBU CITY\",totalareasqm:10000.000000,ownername:\"CHIONG, EMERSON\",totalav:400.00,ry:2010,totalareaha:1.000000,effectivityyear:2010,totalmv:1000.00,taxable:1,owneraddress:\"CEBU CITY\",taxpayername:\"CHIONG, EMERSON\",effectivityqtr:1,tdno:\"10-0001-5000\",docstate:\"CURRENT\",rputype:\"land\",txntype:\"DC\",surveyno:null,cadastrallotno:\"1234\",taxpayerid:\"E4eb9968d:13639066586:-7fc5\",barangay:\"BRGY 1\",classcode:\"AGR\",objid:\"F-d97c0a6:13657caaf62:-7fae\"]]'),('CL-d97c0a6:13657caaf62:-7f72','C-d97c0a6:13657caaf62:-7f74','10-01-9000','100-01-0001-001-09','E4eb9968d:13639066586:-7ff4','LAURON, ROMMEL','750.00','300.00','10000.000000','1.000000','F-d97c0a6:13657caaf62:-7fa1','[faas:[fullpin:\"100-01-0001-001-09\",taxpayeraddress:\"CEBU CITY\",totalareasqm:10000.000000,ownername:\"LAURON, ROMMEL\",totalav:300.00,ry:2010,totalareaha:1.000000,effectivityyear:2011,totalmv:750.00,taxable:1,owneraddress:\"CEBU CITY\",taxpayername:\"LAURON, ROMMEL\",effectivityqtr:1,tdno:\"10-01-9000\",docstate:\"CURRENT\",rputype:\"land\",txntype:\"DC\",surveyno:null,cadastrallotno:\"2134\",taxpayerid:\"E4eb9968d:13639066586:-7ff4\",barangay:\"BRGY 1\",classcode:\"AGR\",objid:\"F-d97c0a6:13657caaf62:-7fa1\"]]');

/*Table structure for table `country` */

DROP TABLE IF EXISTS `country`;

CREATE TABLE `country` (
  `code` varchar(5) NOT NULL,
  `name` varchar(255) default NULL,
  PRIMARY KEY  (`code`)
) ENGINE=MyISAM DEFAULT CHARSET=latin1;

/*Data for the table `country` */

/*Table structure for table `craaf` */

DROP TABLE IF EXISTS `craaf`;

CREATE TABLE `craaf` (
  `objid` varchar(50) NOT NULL,
  `schemaname` varchar(50) NOT NULL,
  `schemaversion` varchar(10) NOT NULL,
  `afinventoryid` varchar(50) default NULL,
  `afinventorycreditid` varchar(50) default NULL,
  `craafyear` int(11) NOT NULL,
  `craafmonth` int(11) NOT NULL,
  `collectorid` varchar(50) default NULL,
  `collectorname` varchar(150) default NULL,
  `collectortitle` varchar(50) default NULL,
  `afid` varchar(50) NOT NULL,
  `beginqty` int(11) default NULL,
  `beginfrom` varchar(50) default NULL,
  `beginto` varchar(50) default NULL,
  `receivedqty` int(11) default NULL,
  `receivedfrom` varchar(50) default NULL,
  `receivedto` varchar(50) default NULL,
  `issuedqty` int(11) default NULL,
  `issuedfrom` varchar(50) default NULL,
  `issuedto` varchar(50) default NULL,
  `canceledqty` int(11) default NULL,
  `canceledfrom` varchar(50) default NULL,
  `canceledto` varchar(50) default NULL,
  `cancelreason` varchar(150) default NULL,
  `endingqty` int(11) default NULL,
  `endingfrom` varchar(50) default NULL,
  `endingto` varchar(50) default NULL,
  `stubno` varchar(30) default NULL,
  PRIMARY KEY  (`objid`)
) ENGINE=InnoDB DEFAULT CHARSET=latin1 CHECKSUM=1 DELAY_KEY_WRITE=1 ROW_FORMAT=DYNAMIC;

/*Data for the table `craaf` */

insert  into `craaf`(`objid`,`schemaname`,`schemaversion`,`afinventoryid`,`afinventorycreditid`,`craafyear`,`craafmonth`,`collectorid`,`collectorname`,`collectortitle`,`afid`,`beginqty`,`beginfrom`,`beginto`,`receivedqty`,`receivedfrom`,`receivedto`,`issuedqty`,`issuedfrom`,`issuedto`,`canceledqty`,`canceledfrom`,`canceledto`,`cancelreason`,`endingqty`,`endingfrom`,`endingto`,`stubno`) values ('C-12f70615:1362b0b3421:-7ff5','craaf','1.0','AI-12f70615:1362b0b3421:-7ff7',NULL,2012,3,NULL,NULL,NULL,'51',NULL,NULL,NULL,50,'GP-1000001-W','GP-1000050-W',50,'GP-1000001-W','GP-1000050-W',NULL,NULL,NULL,NULL,0,'0','0',NULL),('C-5dfc4b9f:13651f0a0de:-7fd3','craaf','1.0','AI-5dfc4b9f:13651f0a0de:-7fd5',NULL,2012,3,NULL,NULL,NULL,'56',NULL,NULL,NULL,50,'0001001','0001050',50,'0001001','0001050',NULL,NULL,NULL,NULL,0,'0','0',NULL),('C-6f0a7806:13675d837fb:-7ff8','craaf','1.0','AI-6f0a7806:13675d837fb:-7ffa',NULL,2012,4,NULL,NULL,NULL,'0016',NULL,NULL,NULL,50,'00000101','00000150',50,'00000101','00000150',NULL,NULL,NULL,NULL,0,'0','0',NULL),('C-77eb9ad:1362de475cb:-7f23','craaf','1.0','AI-77eb9ad:1362de475cb:-7f25',NULL,2012,3,NULL,NULL,NULL,'51',NULL,NULL,NULL,50,'GP-0000201-W','GP-0000250-W',50,'GP-0000201-W','GP-0000250-W',NULL,NULL,NULL,NULL,0,'0','0',NULL),('C-77eb9ad:1362de475cb:-7f53','craaf','1.0','AI-77eb9ad:1362de475cb:-7f55',NULL,2012,3,NULL,NULL,NULL,'CT1',NULL,NULL,NULL,2000,'-','-',2000,'-','-',NULL,NULL,NULL,NULL,0,'0','0',NULL),('C-77eb9ad:1362de475cb:-7f72','craaf','1.0','AI-77eb9ad:1362de475cb:-7f74',NULL,2012,3,NULL,NULL,NULL,'CT2',NULL,NULL,NULL,100,'-','-',100,'-','-',NULL,NULL,NULL,NULL,0,'0','0',NULL),('C-77eb9ad:1362de475cb:-7f81','craaf','1.0','AI-77eb9ad:1362de475cb:-7f83',NULL,2012,3,NULL,NULL,NULL,'CT2',NULL,NULL,NULL,100,'-','-',100,'-','-',NULL,NULL,NULL,NULL,0,'0','0',NULL),('C-77eb9ad:1362de475cb:-7f88','craaf','1.0','AI-77eb9ad:1362de475cb:-7f8a',NULL,2012,3,NULL,NULL,NULL,'CT2',NULL,NULL,NULL,100,'-','-',100,'-','-',NULL,NULL,NULL,NULL,0,'0','0',NULL),('C-77eb9ad:1362de475cb:-7f90','craaf','1.0','AI-77eb9ad:1362de475cb:-7f92',NULL,2012,3,NULL,NULL,NULL,'CT2',NULL,NULL,NULL,100,'-','-',100,'-','-',NULL,NULL,NULL,NULL,0,'0','0',NULL),('C-77eb9ad:1362de475cb:-7fa4','craaf','1.0','AI-77eb9ad:1362de475cb:-7fa6',NULL,2012,3,NULL,NULL,NULL,'52',NULL,NULL,NULL,50,'GP-10000001-W','GP-10000050-W',50,'GP-10000001-W','GP-10000050-W',NULL,NULL,NULL,NULL,0,'0','0',NULL),('C-77eb9ad:1362de475cb:-7fde','craaf','1.0','AI-77eb9ad:1362de475cb:-7fe0',NULL,2012,3,NULL,NULL,NULL,'51',NULL,NULL,NULL,50,'SC-10000001-W','SC-10000050-W',50,'SC-10000001-W','SC-10000050-W',NULL,NULL,NULL,NULL,0,'0','0',NULL),('C-787d141c:1363d5b6fa2:-7ff9','craaf','1.0','AI-787d141c:1363d5b6fa2:-7ffb',NULL,2012,3,NULL,NULL,NULL,'51',NULL,NULL,NULL,50,'0000001','0000050',50,'0000001','0000050',NULL,NULL,NULL,NULL,0,'0','0',NULL),('CC-12f70615:1362b0b3421:-7ff4','craaf','1.0',NULL,'AC-12f70615:1362b0b3421:-7ff6',2012,3,'PERSNL-12f70615:1362b0b3421:-7ffa','VERGARA, JAYROME ','LOCAL REVENUE COLLECTION OFFICER - I','51',NULL,NULL,NULL,50,'GP-1000001-W','GP-1000050-W',7,'GP-1000005-W','GP-1000007-W',NULL,NULL,NULL,NULL,43,'GP-1000008-W','GP-1000050-W',NULL),('CC-18094b30:136a9665945:-7fe4','craaf','1.0',NULL,'AFIC-18094b30:136a9665945:-7fe7',2012,4,'PERSNL-12f70615:1362b0b3421:-7ffa','JAYROME VERGARA','LRCO - I','0017',NULL,NULL,NULL,50,'CTCC3000001','CTCC3000050',2,'CTCC-03000002','CTCC-03000002',NULL,NULL,NULL,NULL,48,'CTCC-03000003','CTCC-03000050','222222-1'),('CC-5dfc4b9f:13651f0a0de:-7fd2','craaf','1.0',NULL,'AC-5dfc4b9f:13651f0a0de:-7fd4',2012,3,'PERSNL-12f70615:1362b0b3421:-7ffa','VERGARA, JAYROME ','LRCO - I','56',NULL,NULL,NULL,50,'0001001','0001050',5,'0001001','0001005',NULL,NULL,NULL,NULL,45,'0001006','0001050',NULL),('CC-6f0a7806:13675d837fb:-7ff7','craaf','1.0',NULL,'AC-6f0a7806:13675d837fb:-7ff9',2012,4,'PERSNL-12f70615:1362b0b3421:-7ffa','VERGARA, JAYROME ','LRCO - I','0016',NULL,NULL,NULL,50,'00000101','00000150',4,'00000104','00000104',NULL,NULL,NULL,NULL,46,'00000105','00000150',NULL),('CC-77eb9ad:1362de475cb:-7f22','craaf','1.0',NULL,'AC-77eb9ad:1362de475cb:-7f24',2012,3,'PERSNL-12f70615:1362b0b3421:-7ffa','VERGARA, JAYROME ','LRCO - I','51',NULL,NULL,NULL,50,'GP-0000201-W','GP-0000250-W',NULL,'-','-',NULL,NULL,NULL,NULL,50,'GP-0000201-W','GP-0000250-W',NULL),('CC-77eb9ad:1362de475cb:-7f52','craaf','1.0',NULL,'AC-77eb9ad:1362de475cb:-7f54',2012,3,'PERSNL-12f70615:1362b0b3421:-7ffa','VERGARA, JAYROME ','LRCO - I','CT1',NULL,NULL,NULL,2000,'-','-',0,NULL,NULL,NULL,NULL,NULL,NULL,2000,'-','-',NULL),('CC-77eb9ad:1362de475cb:-7f71','craaf','1.0',NULL,'AC-77eb9ad:1362de475cb:-7f73',2012,3,'PERSNL-12f70615:1362b0b3421:-7ffa','VERGARA, JAYROME ','LRCO - I','CT2',NULL,NULL,NULL,100,'-','-',50,'-','-',NULL,NULL,NULL,NULL,50,'-','-',NULL),('CC-77eb9ad:1362de475cb:-7f80','craaf','1.0',NULL,'AC-77eb9ad:1362de475cb:-7f82',2012,3,'PERSNL-12f70615:1362b0b3421:-7ffa','VERGARA, JAYROME ','LRCO - I','CT2',NULL,NULL,NULL,100,'-','-',0,NULL,NULL,NULL,NULL,NULL,NULL,1000,'-','-',NULL),('CC-77eb9ad:1362de475cb:-7f87','craaf','1.0',NULL,'AC-77eb9ad:1362de475cb:-7f89',2012,3,'PERSNL-12f70615:1362b0b3421:-7ffa','VERGARA, JAYROME ','LRCO - I','CT2',NULL,NULL,NULL,100,'-','-',200,'-','-',NULL,NULL,NULL,NULL,NULL,NULL,NULL,NULL),('CC-77eb9ad:1362de475cb:-7f8f','craaf','1.0',NULL,'AC-77eb9ad:1362de475cb:-7f91',2012,3,'PERSNL-12f70615:1362b0b3421:-7ffa','VERGARA, JAYROME ','LRCO - I','CT2',NULL,NULL,NULL,100,'-','-',200,'-','-',NULL,NULL,NULL,NULL,NULL,NULL,NULL,NULL),('CC-77eb9ad:1362de475cb:-7fa3','craaf','1.0',NULL,'AC-77eb9ad:1362de475cb:-7fa5',2012,3,'PERSNL-12f70615:1362b0b3421:-7ffa','VERGARA, JAYROME ','LRCO - I','52',NULL,NULL,NULL,50,'GP-10000001-W','GP-10000050-W',1,'GP-10000001-W','GP-10000001-W',NULL,NULL,NULL,NULL,49,'GP-10000002-W','GP-10000050-W',NULL),('CC-77eb9ad:1362de475cb:-7fdd','craaf','1.0',NULL,'AC-77eb9ad:1362de475cb:-7fdf',2012,3,'PERSNL-12f70615:1362b0b3421:-7ffa','VERGARA, JAYROME ','LOCAL REVENUE COLLECTION OFFICER - I','51',NULL,NULL,NULL,50,'SC-10000001-W','SC-10000050-W',NULL,'-','-',NULL,NULL,NULL,NULL,50,'SC-10000001-W','SC-10000050-W',NULL),('CC-787d141c:1363d5b6fa2:-7ff8','craaf','1.0',NULL,'AC-787d141c:1363d5b6fa2:-7ffa',2012,3,'PERSNL-12f70615:1362b0b3421:-7ffa','VERGARA, JAYROME ','LRCO - I','51',NULL,NULL,NULL,50,'0000001','0000050',4,'0000001','0000004',NULL,NULL,NULL,NULL,46,'0000005','0000050',NULL),('CC-7ab16a27:136de149d9c:-7fed','craaf','1.0',NULL,'AFIC-7ab16a27:136de149d9c:-7ff0',2012,4,'PERSNL2e03615d:136b8c85690:-7ffb','WINDHEL PALEN','RCCO - 01','51',NULL,NULL,NULL,50,'W5000101G','W5000150G',3,'W-5000101-G','W-5000103-G',NULL,NULL,NULL,NULL,47,'W-5000104-G','W-5000150-G','12345-3'),('CC67f5cacc:136a0623237:-7fcd','craaf','1.0',NULL,'AFIC67f5cacc:136a0623237:-7fd2',2012,4,'PERSNL-77eb9ad:1362de475cb:-7f2e','JERSON MAGLASANG','LRCO - II','51',NULL,NULL,NULL,50,'W5000051G','W5000100G',NULL,NULL,NULL,NULL,NULL,NULL,NULL,50,'W5000051G','W5000100G','12345-2'),('CC67f5cacc:136a0623237:-7fcf','craaf','1.0',NULL,'AFIC67f5cacc:136a0623237:-7fd4',2012,4,'PERSNL-77eb9ad:1362de475cb:-7f2e','JERSON MAGLASANG','LRCO - II','51',NULL,NULL,NULL,50,'W5000001G','W5000050G',NULL,NULL,NULL,NULL,NULL,NULL,NULL,50,'W5000001G','W5000050G','12345-1'),('CRAAF-18094b30:136a9665945:-7fe9','craaf:craaf','1.0','AFI-18094b30:136a9665945:-7fea',NULL,2012,4,NULL,NULL,NULL,'0017',0,NULL,NULL,250,'CTCC-3000001','CTCC-3000250',50,'CTCC-3000001','CTCC-3000050',0,NULL,NULL,NULL,200,'CTCC-3000051','CTCC-3000250',NULL),('CRAAF-77eb9ad:1362de475cb:-7f45','craaf:craaf','1.0','AFI-77eb9ad:1362de475cb:-7f46',NULL,2012,3,NULL,NULL,NULL,'51',0,NULL,NULL,50,'3000001','3000050',0,NULL,NULL,0,NULL,NULL,NULL,50,'3000001','3000050',NULL),('CRAAF3600cbb4:136a52373df:-7fa8','craaf:craaf','1.0',NULL,'AC-77eb9ad:1362de475cb:-7f73',2012,4,NULL,'JAYROME VERGARA','LRCO - I','CT2',50,'-','-',0,NULL,NULL,0,NULL,NULL,0,NULL,NULL,NULL,50,'-','-',NULL),('CRAAF3600cbb4:136a52373df:-7fa9','craaf:craaf','1.0',NULL,'AC-77eb9ad:1362de475cb:-7f54',2012,4,NULL,'JAYROME VERGARA','LRCO - I','CT1',2000,'-','-',0,NULL,NULL,0,NULL,NULL,0,NULL,NULL,NULL,2000,'-','-',NULL),('CRAAF3600cbb4:136a52373df:-7faa','craaf:craaf','1.0',NULL,'AC-5dfc4b9f:13651f0a0de:-7fd4',2012,4,NULL,'JAYROME VERGARA','LRCO - I','56',45,'0001006','0001050',0,NULL,NULL,1,'0001006','0001006',0,NULL,NULL,NULL,44,'0001007','0001050',NULL),('CRAAF3600cbb4:136a52373df:-7fab','craaf:craaf','1.0',NULL,'AC-77eb9ad:1362de475cb:-7fa5',2012,4,NULL,'JAYROME VERGARA','LRCO - I','52',49,'GP-10000002-W','GP-10000050-W',0,NULL,NULL,0,NULL,NULL,0,NULL,NULL,NULL,49,'GP-10000002-W','GP-10000050-W',NULL),('CRAAF3600cbb4:136a52373df:-7fac','craaf:craaf','1.0',NULL,'AC-77eb9ad:1362de475cb:-7f24',2012,4,NULL,'JAYROME VERGARA','LRCO - I','51',50,'GP-0000201-W','GP-0000250-W',0,NULL,NULL,0,NULL,NULL,0,NULL,NULL,NULL,50,'GP-0000201-W','GP-0000250-W',NULL),('CRAAF3600cbb4:136a52373df:-7fad','craaf:craaf','1.0',NULL,'AC-12f70615:1362b0b3421:-7ff6',2012,4,NULL,'JAYROME VERGARA','LRCO - I','51',43,'GP-1000008-W','GP-1000050-W',0,NULL,NULL,1,'GP-1000008-W','GP-1000008-W',0,NULL,NULL,NULL,42,'GP-1000009-W','GP-1000050-W',NULL),('CRAAF3600cbb4:136a52373df:-7fae','craaf:craaf','1.0',NULL,'AC-77eb9ad:1362de475cb:-7fdf',2012,4,NULL,'JAYROME VERGARA','LRCO - I','51',50,'SC-10000001-W','SC-10000050-W',0,NULL,NULL,0,NULL,NULL,0,NULL,NULL,NULL,50,'SC-10000001-W','SC-10000050-W',NULL),('CRAAF3600cbb4:136a52373df:-7faf','craaf:craaf','1.0',NULL,'AC-787d141c:1363d5b6fa2:-7ffa',2012,4,NULL,'JAYROME VERGARA','LRCO - I','51',46,'0000005','0000050',0,NULL,NULL,0,NULL,NULL,0,NULL,NULL,NULL,46,'0000005','0000050',NULL),('CRAAF67f5cacc:136a0623237:-7fd7','craaf:craaf','1.0','AFI67f5cacc:136a0623237:-7fd8',NULL,2012,4,NULL,NULL,NULL,'51',0,NULL,NULL,250,'W-5000001-G','W-5000250-G',150,'W-5000001-G','W-5000150-G',0,NULL,NULL,NULL,100,'W-5000151-G','W-5000250-G',NULL);

/*Table structure for table `craafcredit` */

DROP TABLE IF EXISTS `craafcredit`;

CREATE TABLE `craafcredit` (
  `objid` varchar(50) NOT NULL,
  `schemaname` varchar(50) NOT NULL,
  `schemaversion` varchar(10) NOT NULL,
  `craafid` varchar(50) NOT NULL,
  `reftype` varchar(50) NOT NULL,
  `refno` varchar(50) NOT NULL,
  `refdate` varchar(25) NOT NULL,
  `qty` int(11) NOT NULL,
  PRIMARY KEY  (`objid`)
) ENGINE=InnoDB DEFAULT CHARSET=latin1 CHECKSUM=1 DELAY_KEY_WRITE=1 ROW_FORMAT=DYNAMIC;

/*Data for the table `craafcredit` */

insert  into `craafcredit`(`objid`,`schemaname`,`schemaversion`,`craafid`,`reftype`,`refno`,`refdate`,`qty`) values ('CC-12f70615:1362b0b3421:-7ff3','craafcredit','1.0','C-12f70615:1362b0b3421:-7ff5','AFCONTROL','1234','2012-03-19',1),('CC-5dfc4b9f:13651f0a0de:-7fd1','craafcredit','1.0','C-5dfc4b9f:13651f0a0de:-7fd3','AFCONTROL','22222','2012-03-27',1),('CC-6f0a7806:13675d837fb:-7ff6','craafcredit','1.0','C-6f0a7806:13675d837fb:-7ff8','AFCONTROL','36','2012-04-03',1),('CC-77eb9ad:1362de475cb:-7f21','craafcredit','1.0','C-77eb9ad:1362de475cb:-7f23','AFCONTROL','5000','2012-03-20',1),('CC-77eb9ad:1362de475cb:-7f51','craafcredit','1.0','C-77eb9ad:1362de475cb:-7f53','AFCONTROL','3000','2012-03-20',0),('CC-77eb9ad:1362de475cb:-7f70','craafcredit','1.0','C-77eb9ad:1362de475cb:-7f72','AFCONTROL','2000','2012-03-20',0),('CC-77eb9ad:1362de475cb:-7f7f','craafcredit','1.0','C-77eb9ad:1362de475cb:-7f81','AFCONTROL','1000','2012-03-20',0),('CC-77eb9ad:1362de475cb:-7f86','craafcredit','1.0','C-77eb9ad:1362de475cb:-7f88','AFCONTROL','1000','2012-03-20',100),('CC-77eb9ad:1362de475cb:-7f8e','craafcredit','1.0','C-77eb9ad:1362de475cb:-7f90','AFCONTROL','1000','2012-03-20',100),('CC-77eb9ad:1362de475cb:-7fa2','craafcredit','1.0','C-77eb9ad:1362de475cb:-7fa4','AFCONTROL','12345','2012-03-20',1),('CC-77eb9ad:1362de475cb:-7fdc','craafcredit','1.0','C-77eb9ad:1362de475cb:-7fde','AFCONTROL','123','2012-03-20',1),('CC-787d141c:1363d5b6fa2:-7ff7','craafcredit','1.0','C-787d141c:1363d5b6fa2:-7ff9','AFCONTROL','1111111','2012-03-22',1),('CRAAFCR-18094b30:136a9665945:-7fe5','craafcredit:craafcredit','1.0','CRAAF-18094b30:136a9665945:-7fe9','IRAF','IRAF-18094b30:136a9665945:-7ff0','2012-04-13 10:23:28',50),('CRAAFCR-3bcd7395:136585a9dee:-7fcc','craafcredit:craafcredit','1.0','CC-5dfc4b9f:13651f0a0de:-7fd2','REMITTANCE','REM-3bcd7395:136585a9dee:-7fcd','2012-03-28',5),('CRAAFCR-5ca1f272:136aa8ef9cc:-7fdb','craafcredit:craafcredit','1.0','CC-18094b30:136a9665945:-7fe4','REMITTANCE','REM-5ca1f272:136aa8ef9cc:-7fdd','2012-04-13',1),('CRAAFCR-5ca1f272:136aa8ef9cc:-7fdc','craafcredit:craafcredit','1.0','CC-6f0a7806:13675d837fb:-7ff7','REMITTANCE','REM-5ca1f272:136aa8ef9cc:-7fdd','2012-04-13',2),('CRAAFCR-64adc1db:136e1effa44:-7fa6','craafcredit:craafcredit','1.0','CRAAF3600cbb4:136a52373df:-7faa','REMITTANCE','REM-64adc1db:136e1effa44:-7fa9','2012-04-24',1),('CRAAFCR-64adc1db:136e1effa44:-7fa7','craafcredit:craafcredit','1.0','CC-18094b30:136a9665945:-7fe4','REMITTANCE','REM-64adc1db:136e1effa44:-7fa9','2012-04-24',1),('CRAAFCR-64adc1db:136e1effa44:-7fa8','craafcredit:craafcredit','1.0','CC-6f0a7806:13675d837fb:-7ff7','REMITTANCE','REM-64adc1db:136e1effa44:-7fa9','2012-04-24',1),('CRAAFCR-64adc1db:136e1effa44:-7fc7','craafcredit:craafcredit','1.0','CC-7ab16a27:136de149d9c:-7fed','REMITTANCE','REM-64adc1db:136e1effa44:-7fc8','2012-04-24',3),('CRAAFCR-77eb9ad:1362de475cb:-7f5a','craafcredit:craafcredit','1.0','CC-77eb9ad:1362de475cb:-7f71','REMITTANCE','REM-77eb9ad:1362de475cb:-7f5e','2012-03-20',50),('CRAAFCR-77eb9ad:1362de475cb:-7f5b','craafcredit:craafcredit','1.0','CC-77eb9ad:1362de475cb:-7f8f','REMITTANCE','REM-77eb9ad:1362de475cb:-7f5e','2012-03-20',100),('CRAAFCR-77eb9ad:1362de475cb:-7f5c','craafcredit:craafcredit','1.0','CC-77eb9ad:1362de475cb:-7f87','REMITTANCE','REM-77eb9ad:1362de475cb:-7f5e','2012-03-20',100),('CRAAFCR-77eb9ad:1362de475cb:-7f5d','craafcredit:craafcredit','1.0','CC-77eb9ad:1362de475cb:-7fa3','REMITTANCE','REM-77eb9ad:1362de475cb:-7f5e','2012-03-20',1),('CRAAFCR-77eb9ad:1362de475cb:-7fbf','craafcredit:craafcredit','1.0','CC-12f70615:1362b0b3421:-7ff4','REMITTANCE','REM-77eb9ad:1362de475cb:-7fc0','2012-03-20',4),('CRAAFCR-787d141c:1363d5b6fa2:-7fbe','craafcredit:craafcredit','1.0','CC-12f70615:1362b0b3421:-7ff4','REMITTANCE','REM-787d141c:1363d5b6fa2:-7fc0','2012-03-23',3),('CRAAFCR-787d141c:1363d5b6fa2:-7fbf','craafcredit:craafcredit','1.0','CC-787d141c:1363d5b6fa2:-7ff8','REMITTANCE','REM-787d141c:1363d5b6fa2:-7fc0','2012-03-23',4),('CRAAFCR-7ab16a27:136de149d9c:-7fee','craafcredit:craafcredit','1.0','CRAAF67f5cacc:136a0623237:-7fd7','IRAF','IRAF-7ab16a27:136de149d9c:-7ff1','2012-04-23 16:35:53',50),('CRAAFCR3600cbb4:136a52373df:-7fb0','craafcredit:craafcredit','1.0','CC-6f0a7806:13675d837fb:-7ff7','REMITTANCE','REM3600cbb4:136a52373df:-7fb1','2012-04-12',1),('CRAAFCR67f5cacc:136a0623237:-7fce','craafcredit:craafcredit','1.0','CRAAF67f5cacc:136a0623237:-7fd7','IRAF','IRAF67f5cacc:136a0623237:-7fd5','2012-04-11 16:28:57',50),('CRAAFCR67f5cacc:136a0623237:-7fd0','craafcredit:craafcredit','1.0','CRAAF67f5cacc:136a0623237:-7fd7','IRAF','IRAF67f5cacc:136a0623237:-7fd5','2012-04-11 16:28:57',50);

/*Table structure for table `deposit` */

DROP TABLE IF EXISTS `deposit`;

CREATE TABLE `deposit` (
  `objid` varchar(50) NOT NULL,
  `schemaname` varchar(25) NOT NULL,
  `schemaversion` varchar(5) NOT NULL,
  `docstate` varchar(20) NOT NULL,
  `txnno` varchar(10) NOT NULL,
  `txndate` date NOT NULL,
  `dtposted` datetime NOT NULL,
  `depositedbyid` varchar(50) NOT NULL,
  `depositedbyname` varchar(50) NOT NULL,
  `depositedbytitle` varchar(25) NOT NULL,
  `cash` decimal(12,2) NOT NULL,
  `noncash` decimal(12,2) NOT NULL,
  `amount` decimal(12,2) NOT NULL,
  `fundsummaries` text NOT NULL,
  `liquidations` text NOT NULL,
  `fundtotals` text NOT NULL,
  PRIMARY KEY  (`objid`),
  KEY `ix_deposit_txnno` (`txnno`),
  KEY `ix_deposit_docstate` (`docstate`),
  KEY `ix_deposit_depositedbyname` (`depositedbyname`)
) ENGINE=InnoDB DEFAULT CHARSET=latin1;

/*Data for the table `deposit` */

insert  into `deposit`(`objid`,`schemaname`,`schemaversion`,`docstate`,`txnno`,`txndate`,`dtposted`,`depositedbyid`,`depositedbyname`,`depositedbytitle`,`cash`,`noncash`,`amount`,`fundsummaries`,`liquidations`,`fundtotals`) values ('D-3bcd7395:136585a9dee:-7fc2','deposit','1.0','CLOSED','00002-2012','2012-03-28','2012-03-28 17:04:42','PERSNL-77eb9ad:1362de475cb:-7fe7','WORGIE FLORES','CASHIER 1','30307.95','0.00','30307.95','[[bankaccount:[cashreport:null,branchname:\"CEBU CITY\",fund:\"GENERAL\",cashbreakdownreport:null,currency:\"PHP\",accttype:\"CHECKING\",schemaversion:\"1.0\",checkreport:null,docstate:\"APPROVED\",acctno:\"LBP-10001\",bankname:\"LAND BANK OF THE PHILIPPINES\",schemaname:\"bankaccount:bankaccount\",bankacctname:\"PROVINCE OF BOHOL\",fundid:\"GENERAL\",bankcode:\"LBP\",objid:\"B-77eb9ad:1362de475cb:-7ff7\",bankid:\"B-77eb9ad:1362de475cb:-7ff8\"],bankacctname:\"PROVINCE OF BOHOL\",fundid:\"GENERAL\",bankacctid:\"B-77eb9ad:1362de475cb:-7ff7\",bankacctno:\"LBP-10001\",fundname:\"GENERAL\",bankname:\"LAND BANK OF THE PHILIPPINES\",branchname:\"CEBU CITY\",accttype:\"CHECKING\",cash:17023.35,noncash:0.0,amount:17023.35,validationno:\"1234\",validationdate:\"2012-03-28\",denominations:[[caption:\"1000.00\",denomination:1000.00,qty:17,amount:17000.00],[caption:\"500.00\",denomination:500.00,qty:0,amount:0.0],[caption:\"200.00\",denomination:200.00,qty:0,amount:0.0],[caption:\"100.00\",denomination:100.00,qty:0,amount:0.0],[caption:\"50.00\",denomination:50.00,qty:0,amount:0.0],[caption:\"20.00\",denomination:20.00,qty:1,amount:20.00],[caption:\"10.00\",denomination:10.00,qty:0,amount:0.0],[caption:\"Coins\",denomination:1.00,qty:3.35,amount:3.3500]],noncashpayments:[]],[bankaccount:[cashreport:null,branchname:\"CEBU CITY\",fund:\"SEF\",cashbreakdownreport:null,currency:\"PHP\",accttype:\"CHECKING\",schemaversion:\"1.0\",checkreport:null,docstate:\"APPROVED\",acctno:\"LBP-10002\",bankname:\"LAND BANK OF THE PHILIPPINES\",schemaname:\"bankaccount:bankaccount\",bankacctname:\"PROVINCE OF BOHOL\",fundid:\"SEF\",bankcode:\"LBP\",objid:\"B-77eb9ad:1362de475cb:-7fe5\",bankid:\"B-77eb9ad:1362de475cb:-7ff8\"],bankacctname:\"PROVINCE OF BOHOL\",fundid:\"SEF\",bankacctid:\"B-77eb9ad:1362de475cb:-7fe5\",bankacctno:\"LBP-10002\",fundname:\"SEF\",bankname:\"LAND BANK OF THE PHILIPPINES\",branchname:\"CEBU CITY\",accttype:\"CHECKING\",cash:13284.60,noncash:0.0,amount:13284.60,validationno:\"1234\",validationdate:\"2012-03-28\",denominations:[[caption:\"1000.00\",denomination:1000.00,qty:13,amount:13000.00],[caption:\"500.00\",denomination:500.00,qty:0,amount:0.0],[caption:\"200.00\",denomination:200.00,qty:1,amount:200.00],[caption:\"100.00\",denomination:100.00,qty:0,amount:0.0],[caption:\"50.00\",denomination:50.00,qty:1,amount:50.00],[caption:\"20.00\",denomination:20.00,qty:0,amount:0.0],[caption:\"10.00\",denomination:10.00,qty:3,amount:30.00],[caption:\"Coins\",denomination:1.00,qty:4.60,amount:4.6000]],noncashpayments:[]]]','[[amount:13284.60,liquidatingofficerid:\"PERSNL-77eb9ad:1362de475cb:-7fe6\",liquidatingofficertitle:\"LIQUIDATING OFFICER\",txndate:\"2012-03-28\",liquidationid:\"LIQ-3bcd7395:136585a9dee:-7fc9\",fundname:\"SEF\",fundid:\"SEF\",objid:\"LR-3bcd7395:136585a9dee:-7fc7\",liquidatingofficername:\"ARNEL RETIZA\",txnno:\"LIQ-2012-00002\"],[amount:17023.35,liquidatingofficerid:\"PERSNL-77eb9ad:1362de475cb:-7fe6\",liquidatingofficertitle:\"LIQUIDATING OFFICER\",txndate:\"2012-03-28\",liquidationid:\"LIQ-3bcd7395:136585a9dee:-7fc9\",fundname:\"GENERAL\",fundid:\"GENERAL\",objid:\"LR-3bcd7395:136585a9dee:-7fc8\",liquidatingofficername:\"ARNEL RETIZA\",txnno:\"LIQ-2012-00002\"]]','[[amtdeposited:17023.35,amount:17023.35,fundname:\"GENERAL\",fundid:\"GENERAL\"],[amtdeposited:13284.60,amount:13284.60,fundname:\"SEF\",fundid:\"SEF\"]]'),('D-64adc1db:136e1effa44:-7f9d','deposit','1.0','CLOSED','00004-2012','2012-04-24','2012-04-24 10:31:18','PERSNL-77eb9ad:1362de475cb:-7fe7','WORGIE FLORES','CASHIER 1','18.00','0.00','18.00','[[bankaccount:[cashreport:null,branchname:\"CEBU CITY\",fund:\"GENERAL\",cashbreakdownreport:null,currency:\"PHP\",accttype:\"CHECKING\",schemaversion:\"1.0\",checkreport:null,docstate:\"APPROVED\",acctno:\"LBP-10001\",bankname:\"LAND BANK OF THE PHILIPPINES\",schemaname:\"bankaccount:bankaccount\",bankacctname:\"PROVINCE OF BOHOL\",fundid:\"GENERAL\",bankcode:\"LBP\",objid:\"B-77eb9ad:1362de475cb:-7ff7\",bankid:\"B-77eb9ad:1362de475cb:-7ff8\"],bankacctname:\"PROVINCE OF BOHOL\",fundid:\"GENERAL\",bankacctid:\"B-77eb9ad:1362de475cb:-7ff7\",bankacctno:\"LBP-10001\",fundname:\"GENERAL\",bankname:\"LAND BANK OF THE PHILIPPINES\",branchname:\"CEBU CITY\",accttype:\"CHECKING\",cash:14.00,noncash:0.0,amount:14.00,validationno:\"2111\",validationdate:\"2012-04-24\",denominations:[[caption:\"1000.00\",denomination:1000.00,qty:0,amount:0.0],[caption:\"500.00\",denomination:500.00,qty:0,amount:0.0],[caption:\"200.00\",denomination:200.00,qty:0,amount:0.0],[caption:\"100.00\",denomination:100.00,qty:0,amount:0.0],[caption:\"50.00\",denomination:50.00,qty:0,amount:0.0],[caption:\"20.00\",denomination:20.00,qty:0,amount:0.0],[caption:\"10.00\",denomination:10.00,qty:1,amount:10.00],[caption:\"Coins\",denomination:1.00,qty:4.00,amount:4.00]],noncashpayments:[]],[bankaccount:[cashreport:null,branchname:\"CEBU CITY\",fund:\"SEF\",cashbreakdownreport:null,currency:\"PHP\",accttype:\"CHECKING\",schemaversion:\"1.0\",checkreport:null,docstate:\"APPROVED\",acctno:\"LBP-10002\",bankname:\"LAND BANK OF THE PHILIPPINES\",schemaname:\"bankaccount:bankaccount\",bankacctname:\"PROVINCE OF BOHOL\",fundid:\"SEF\",bankcode:\"LBP\",objid:\"B-77eb9ad:1362de475cb:-7fe5\",bankid:\"B-77eb9ad:1362de475cb:-7ff8\"],bankacctname:\"PROVINCE OF BOHOL\",fundid:\"SEF\",bankacctid:\"B-77eb9ad:1362de475cb:-7fe5\",bankacctno:\"LBP-10002\",fundname:\"SEF\",bankname:\"LAND BANK OF THE PHILIPPINES\",branchname:\"CEBU CITY\",accttype:\"CHECKING\",cash:4.00,noncash:0.0,amount:4.00,validationno:\"3111\",validationdate:\"2012-04-24\",denominations:[[caption:\"1000.00\",denomination:1000.00,qty:0,amount:0.0],[caption:\"500.00\",denomination:500.00,qty:0,amount:0.0],[caption:\"200.00\",denomination:200.00,qty:0,amount:0.0],[caption:\"100.00\",denomination:100.00,qty:0,amount:0.0],[caption:\"50.00\",denomination:50.00,qty:0,amount:0.0],[caption:\"20.00\",denomination:20.00,qty:0,amount:0.0],[caption:\"10.00\",denomination:10.00,qty:0,amount:0.0],[caption:\"Coins\",denomination:1.00,qty:4.00,amount:4.00]],noncashpayments:[]]]','[[amount:4.00,liquidatingofficerid:\"PERSNL-77eb9ad:1362de475cb:-7fe6\",liquidatingofficertitle:\"LIQUIDATING OFFICER\",txndate:\"2012-04-24\",liquidationid:\"LIQ-64adc1db:136e1effa44:-7fa1\",fundname:\"SEF\",fundid:\"SEF\",objid:\"LR-64adc1db:136e1effa44:-7f9f\",liquidatingofficername:\"ARNEL RETIZA\",txnno:\"LIQ-2012-00004\"],[amount:14.00,liquidatingofficerid:\"PERSNL-77eb9ad:1362de475cb:-7fe6\",liquidatingofficertitle:\"LIQUIDATING OFFICER\",txndate:\"2012-04-24\",liquidationid:\"LIQ-64adc1db:136e1effa44:-7fa1\",fundname:\"GENERAL\",fundid:\"GENERAL\",objid:\"LR-64adc1db:136e1effa44:-7fa0\",liquidatingofficername:\"ARNEL RETIZA\",txnno:\"LIQ-2012-00004\"]]','[[amtdeposited:14.00,amount:14.00,fundname:\"GENERAL\",fundid:\"GENERAL\"],[amtdeposited:4.00,amount:4.00,fundname:\"SEF\",fundid:\"SEF\"]]'),('D-64adc1db:136e1effa44:-7fc1','deposit','1.0','CLOSED','00003-2012','2012-04-24','2012-04-24 10:26:03','PERSNL-77eb9ad:1362de475cb:-7fe7','WORGIE FLORES','CASHIER 1','2100.00','0.00','2100.00','[[bankaccount:[cashreport:null,branchname:\"CEBU CITY\",fund:\"GENERAL\",cashbreakdownreport:null,currency:\"PHP\",accttype:\"CHECKING\",schemaversion:\"1.0\",checkreport:null,docstate:\"APPROVED\",acctno:\"LBP-10001\",bankname:\"LAND BANK OF THE PHILIPPINES\",schemaname:\"bankaccount:bankaccount\",bankacctname:\"PROVINCE OF BOHOL\",fundid:\"GENERAL\",bankcode:\"LBP\",objid:\"B-77eb9ad:1362de475cb:-7ff7\",bankid:\"B-77eb9ad:1362de475cb:-7ff8\"],bankacctname:\"PROVINCE OF BOHOL\",fundid:\"GENERAL\",bankacctid:\"B-77eb9ad:1362de475cb:-7ff7\",bankacctno:\"LBP-10001\",fundname:\"GENERAL\",bankname:\"LAND BANK OF THE PHILIPPINES\",branchname:\"CEBU CITY\",accttype:\"CHECKING\",cash:2100.00,noncash:0.0,amount:2100.00,validationno:\"12345\",validationdate:\"2012-04-24\",denominations:[[caption:\"1000.00\",denomination:1000.00,qty:2,amount:2000.00],[caption:\"500.00\",denomination:500.00,qty:0,amount:0.0],[caption:\"200.00\",denomination:200.00,qty:0,amount:0.0],[caption:\"100.00\",denomination:100.00,qty:1,amount:100.00],[caption:\"50.00\",denomination:50.00,qty:0,amount:0.0],[caption:\"20.00\",denomination:20.00,qty:0,amount:0.0],[caption:\"10.00\",denomination:10.00,qty:0,amount:0.0],[caption:\"Coins\",denomination:1.00,qty:0,amount:0.0]],noncashpayments:[]]]','[[amount:2100.00,liquidatingofficerid:\"PERSNL-77eb9ad:1362de475cb:-7fe6\",liquidatingofficertitle:\"LIQUIDATING OFFICER\",txndate:\"2012-04-24\",liquidationid:\"LIQ-64adc1db:136e1effa44:-7fc4\",fundname:\"GENERAL\",fundid:\"GENERAL\",objid:\"LR-64adc1db:136e1effa44:-7fc3\",liquidatingofficername:\"ARNEL RETIZA\",txnno:\"LIQ-2012-00003\"]]','[[amtdeposited:2100.00,amount:2100.00,fundname:\"GENERAL\",fundid:\"GENERAL\"]]'),('D-77eb9ad:1362de475cb:-7fb8','deposit','1.0','CLOSED','00001-2012','2012-03-20','2012-03-20 14:34:48','PERSNL-77eb9ad:1362de475cb:-7fe7','WORGIE FLORES','CASHIER 1','202.00','0.00','202.00','[[bankaccount:[cashreport:null,branchname:\"CEBU CITY\",fund:\"GENERAL\",cashbreakdownreport:null,currency:\"PHP\",accttype:\"CHECKING\",schemaversion:\"1.0\",checkreport:null,docstate:\"APPROVED\",acctno:\"LBP-10001\",bankname:\"LAND BANK OF THE PHILIPPINES\",schemaname:\"bankaccount:bankaccount\",bankacctname:\"PROVINCE OF BOHOL\",fundid:\"GENERAL\",bankcode:\"LBP\",objid:\"B-77eb9ad:1362de475cb:-7ff7\",bankid:\"B-77eb9ad:1362de475cb:-7ff8\"],bankacctname:\"PROVINCE OF BOHOL\",fundid:\"GENERAL\",bankacctid:\"B-77eb9ad:1362de475cb:-7ff7\",bankacctno:\"LBP-10001\",fundname:\"GENERAL\",bankname:\"LAND BANK OF THE PHILIPPINES\",branchname:\"CEBU CITY\",accttype:\"CHECKING\",cash:202.00,noncash:0.0,amount:202.00,validationno:\"1234\",validationdate:\"2012-03-20\",denominations:[[caption:\"1000.00\",denomination:1000.00,qty:0,amount:0.0],[caption:\"500.00\",denomination:500.00,qty:0,amount:0.0],[caption:\"200.00\",denomination:200.00,qty:0,amount:0.0],[caption:\"100.00\",denomination:100.00,qty:1,amount:100.00],[caption:\"50.00\",denomination:50.00,qty:2,amount:100.00],[caption:\"20.00\",denomination:20.00,qty:0,amount:0.0],[caption:\"10.00\",denomination:10.00,qty:0,amount:0.0],[caption:\"Coins\",denomination:1.00,qty:2.00,amount:2.00]],noncashpayments:[]]]','[[amount:202.00,liquidatingofficerid:\"PERSNL-77eb9ad:1362de475cb:-7fe6\",liquidatingofficertitle:\"LIQUIDATING OFFICER\",txndate:\"2012-03-20\",liquidationid:\"LIQ-77eb9ad:1362de475cb:-7fbb\",fundname:\"GENERAL\",fundid:\"GENERAL\",objid:\"LR-77eb9ad:1362de475cb:-7fba\",liquidatingofficername:\"ARNEL RETIZA\",txnno:\"LIQ-2012-00001\"]]','[[amtdeposited:202.00,amount:202.00,fundname:\"GENERAL\",fundid:\"GENERAL\"]]');

/*Table structure for table `docno_generator` */

DROP TABLE IF EXISTS `docno_generator`;

CREATE TABLE `docno_generator` (
  `name` varchar(50) NOT NULL,
  `prefix` varchar(50) NOT NULL,
  `lastnum` int(11) default NULL,
  PRIMARY KEY  (`name`,`prefix`)
) ENGINE=InnoDB DEFAULT CHARSET=latin1;

/*Data for the table `docno_generator` */

/*Table structure for table `entity` */

DROP TABLE IF EXISTS `entity`;

CREATE TABLE `entity` (
  `objid` varchar(50) NOT NULL,
  `schemaname` varchar(100) NOT NULL,
  `schemaversion` varchar(10) NOT NULL,
  `entityno` varchar(10) NOT NULL,
  `entityname` varchar(500) NOT NULL,
  `entityaddress` varchar(100) NOT NULL,
  `mailingaddress` varchar(100) default NULL,
  `entitytype` varchar(25) NOT NULL,
  `info` text NOT NULL,
  `sys_lastupdate` varchar(25) default NULL,
  `sys_lastupdateby` varchar(50) default NULL,
  `remarks` varchar(100) default NULL,
  `contactno` varchar(20) default NULL,
  PRIMARY KEY  (`objid`),
  KEY `ux_entity_no` (`entityno`),
  KEY `ix_entity_name` (`entityname`),
  KEY `ix_entity_entityname` (`entityname`),
  KEY `ix_entity_entityno` (`entityno`)
) ENGINE=InnoDB DEFAULT CHARSET=latin1;

/*Data for the table `entity` */

insert  into `entity`(`objid`,`schemaname`,`schemaversion`,`entityno`,`entityname`,`entityaddress`,`mailingaddress`,`entitytype`,`info`,`sys_lastupdate`,`sys_lastupdateby`,`remarks`,`contactno`) values ('E-12f70615:1362b0b3421:-7fed','entity:entity','1.0','00001','VERGARA, JAYROME','CEBU CITY',NULL,'individual','[lastname:\"VERGARA\",firstname:\"JAYROME\",profession:\"ENGINEER\",tin:\"1234\",birthdate:\"1988-05-24\"]',NULL,NULL,NULL,NULL),('E-180db72b:136df9875d1:-7ffa','entity:entity','1.0','00017','VERGARA, ROJEAN','CEBU CITY',NULL,'individual','[lastname:\"VERGARA\",firstname:\"ROJEAN\"]',NULL,NULL,NULL,NULL),('E-1aba4021:136aa0fa9a0:-7fef','entity:entity','1.0','00013','JO\'S CHICKEN INATO','CEBU CITY',NULL,'juridical','[:]',NULL,NULL,NULL,NULL),('E-4fbbdd06:136aab87818:-7ff5','entity:entity','1.0','00016','SM CITY CEBU','CEBU CITY',NULL,'juridical','[orgtype:\"INCORPORATED\",nature:\"MALL\"]',NULL,NULL,NULL,NULL),('E-4fbbdd06:136aab87818:-7ffc','entity:entity','1.0','00015','ENOPIA, ADELYN','CEBU CITY',NULL,'individual','[lastname:\"ENOPIA\",firstname:\"ADELYN\",profession:\"STUDENT\",tin:\"213-1222-11-33\",birthdate:\"1980-01-01\",citizenship:\"FILIPINO\",gender:\"FEMALE\",civilstatus:\"SINGLE\"]',NULL,NULL,NULL,NULL),('E-534b1bda:136764ca815:-7fcc','entity:entity','1.0','00012','RETIZA, ARNEL C','BOGO, CEBU',NULL,'individual','[lastname:\"RETIZA\",firstname:\"ARNEL\",middlename:\"C\",contactno:\"123-4567\",birthdate:\"1988-01-01\",birthplace:\"BOGO, CEBU\",citizenship:\"FILIPINO\",gender:\"MALE\",civilstatus:\"SINGLE\",tin:\"1234\",sss:\"5678\"]',NULL,NULL,NULL,NULL),('E-5ca1f272:136aa8ef9cc:-7ff7','entity:entity','1.0','00014','ANDOKS LITSUN','CEBU CITY',NULL,'juridical','[orgtype:\"SINGLE_PROPRIETORSHIP\",tin:\"1234-4567\",dtregistered:\"2012-01-01\"]',NULL,NULL,NULL,NULL),('E-5dfc4b9f:13651f0a0de:-7ff9','entity:entity','1.0','00009','SPS. OBERES, MIKOY AND ESCARIO, REX','CEBU CITY','CEBU CITY','multiple','[fullname:\"SPS. OBERES, MIKOY AND ESCARIO, REX \"]',NULL,NULL,NULL,NULL),('E-77eb9ad:1362de475cb:-7f76','entity:entity','1.0','00003','PUBLIC, PAYOR','CEBU CITY',NULL,'individual','[lastname:\"PUBLIC\",firstname:\"PAYOR\"]',NULL,NULL,NULL,NULL),('E-77eb9ad:1362de475cb:-7fa0','entity:entity','1.0','00002','OBERES, MIKOY','SAN CARLOS CITY',NULL,'individual','[lastname:\"OBERES\",firstname:\"MIKOY\",citizenship:\"FILIPINO\",gender:\"MALE\",civilstatus:\"SINGLE\"]',NULL,NULL,NULL,NULL),('E2a8c8a24:1363832b9dd:-7fb9','entity:entity','1.0','00006','FLORES, WORGIE','CEBU CITY',NULL,'individual','[lastname:\"FLORES\",firstname:\"WORGIE\"]',NULL,NULL,NULL,NULL),('E2a8c8a24:1363832b9dd:-7fea','entity:entity','1.0','00005','ESCARIO, REX','CEBU CITY',NULL,'individual','[lastname:\"ESCARIO\",firstname:\"REX\"]',NULL,NULL,NULL,NULL),('E2a8c8a24:1363832b9dd:-7ffa','entity:entity','1.0','00004','ZAMORA, JESSIE','CEBU CITY',NULL,'individual','[lastname:\"ZAMORA\",firstname:\"JESSIE\",citizenship:\"FILIPINO\",gender:\"MALE\",civilstatus:\"SINGLE\"]',NULL,NULL,NULL,NULL),('E4eb9968d:13639066586:-7fc5','entity:entity','1.0','00008','CHIONG, EMERSON','CEBU CITY',NULL,'individual','[lastname:\"CHIONG\",firstname:\"EMERSON\"]',NULL,NULL,NULL,NULL),('E4eb9968d:13639066586:-7ff4','entity:entity','1.0','00007','LAURON, ROMMEL','CEBU CITY',NULL,'individual','[lastname:\"LAURON\",firstname:\"ROMMEL\"]',NULL,NULL,NULL,NULL),('E6a69f048:1367103ed2e:-7ffa','entity:entity','1.0','00010','CABANTAN, GRACE','CEBU CITY',NULL,'individual','[lastname:\"CABANTAN\",firstname:\"GRACE\",profession:\"ENGINEER\",tin:\"111\",birthdate:\"1988-01-01\",birthplace:\"CEBU CITY\",citizenship:\"FILIPINO\",gender:\"MALE\",civilstatus:\"SINGLE\",height:\"5\'\",weight:\"40 KG\"]',NULL,NULL,NULL,NULL);

/*Table structure for table `entitymember` */

DROP TABLE IF EXISTS `entitymember`;

CREATE TABLE `entitymember` (
  `objid` varchar(50) NOT NULL,
  `entityid` varchar(50) NOT NULL,
  `itemno` int(11) NOT NULL,
  `prefix` varchar(25) default NULL,
  `taxpayerid` varchar(50) NOT NULL,
  `taxpayername` varchar(1000) NOT NULL,
  `taxpayeraddress` varchar(100) NOT NULL,
  `suffix` varchar(25) default NULL,
  `remarks` varchar(100) default NULL,
  PRIMARY KEY  (`objid`)
) ENGINE=InnoDB DEFAULT CHARSET=latin1;

/*Data for the table `entitymember` */

insert  into `entitymember`(`objid`,`entityid`,`itemno`,`prefix`,`taxpayerid`,`taxpayername`,`taxpayeraddress`,`suffix`,`remarks`) values ('EM6a877cc1:1365208616f:-7f81','E-5dfc4b9f:13651f0a0de:-7ff9',5,'AND','E2a8c8a24:1363832b9dd:-7fea','ESCARIO, REX','CEBU CITY',NULL,NULL),('EM6a877cc1:1365208616f:-7f90','E-5dfc4b9f:13651f0a0de:-7ff9',4,'SPS.','E-77eb9ad:1362de475cb:-7fa0','OBERES, MIKOY','SAN CARLOS CITY',NULL,NULL);

/*Table structure for table `examiner` */

DROP TABLE IF EXISTS `examiner`;

CREATE TABLE `examiner` (
  `objid` varchar(50) NOT NULL,
  `schemaName` varchar(50) NOT NULL,
  `schemaVersion` varchar(10) NOT NULL,
  `uid` varchar(50) NOT NULL,
  `municipalities` varchar(1000) NOT NULL,
  PRIMARY KEY  (`objid`)
) ENGINE=InnoDB DEFAULT CHARSET=latin1;

/*Data for the table `examiner` */

/*Table structure for table `exemptiontype` */

DROP TABLE IF EXISTS `exemptiontype`;

CREATE TABLE `exemptiontype` (
  `objid` varchar(50) NOT NULL,
  `schemaname` varchar(50) NOT NULL,
  `schemaversion` varchar(5) NOT NULL,
  `exemptcode` varchar(10) NOT NULL,
  `exemptdesc` varchar(100) NOT NULL,
  `orderno` int(11) NOT NULL,
  PRIMARY KEY  (`objid`)
) ENGINE=InnoDB DEFAULT CHARSET=latin1 ROW_FORMAT=DYNAMIC;

/*Data for the table `exemptiontype` */

insert  into `exemptiontype`(`objid`,`schemaname`,`schemaversion`,`exemptcode`,`exemptdesc`,`orderno`) values ('EX-58d7ffce:13562fdc3d7:-7f92','exemptiontype:exemptiontype','1.0','HOS','HOSPITAL',6),('EX-62eb6464:13642754aed:-7ff5','exemptiontype:exemptiontype','1.0','IND','INDUSTRIAL',7),('EX28c943e4:131d0b6a0af:-7f2a','exemptiontype:exemptiontype','1.0','OTH','OTHERS',5),('EX28c943e4:131d0b6a0af:-7f2b','exemptiontype:exemptiontype','1.0','EDU','EDUCATIONAL',4),('EX28c943e4:131d0b6a0af:-7f2c','exemptiontype:exemptiontype','1.0','CHA','CHARITABLE',3),('EX28c943e4:131d0b6a0af:-7f2d','exemptiontype:exemptiontype','1.0','REL','RELIGIOUS',2),('EX28c943e4:131d0b6a0af:-7f2e','exemptiontype:exemptiontype','1.0','GOV','GOVERNMENT',1);

/*Table structure for table `faas` */

DROP TABLE IF EXISTS `faas`;

CREATE TABLE `faas` (
  `objid` varchar(50) NOT NULL,
  `schemaname` varchar(25) NOT NULL,
  `schemaversion` varchar(5) NOT NULL,
  `docstate` varchar(25) NOT NULL,
  `transmittalid` varchar(50) default NULL,
  `transmitted` int(11) default NULL,
  `info` text NOT NULL,
  `rp` text NOT NULL,
  `rpu` text NOT NULL,
  `previousfaases` text NOT NULL,
  `extended` text,
  `message` text,
  `sys_dtapproved` datetime default NULL,
  `ledgerid` varchar(50) default NULL,
  `attachments` text,
  PRIMARY KEY  (`objid`)
) ENGINE=InnoDB DEFAULT CHARSET=latin1;

/*Data for the table `faas` */

insert  into `faas`(`objid`,`schemaname`,`schemaversion`,`docstate`,`transmittalid`,`transmitted`,`info`,`rp`,`rpu`,`previousfaases`,`extended`,`message`,`sys_dtapproved`,`ledgerid`,`attachments`) values ('F-5dfc4b9f:13651f0a0de:-7fb6','faas','1.0','CANCELLED',NULL,NULL,'[datacapture:true,prevmv:0.00,prevav:0.00,effectivityqtr:1,memoranda:\"REVISED PURSUANT TO R.A. 7160\",autonumber:false,backtaxyrs:0,claimno:\"-\",annotated:false,txn:[txntype:\"DC\",caption:\"Data Capture\"],txntype:\"DC\",landfaasid:\"F-7d229091:1364f0c65c7:-7ff7\",landfaastaxpayerid:\"E-12f70615:1362b0b3421:-7fed\",taxable:true,totalbmv:0.0,totalmv:0.0,totalav:0.0,totalareasqm:0.0,totalareaha:0.0,useswornamount:false,issuedate:\"2010-01-01\",effectivityyear:2011,appraisedbyid:\"RPTO-62eb6464:13642754aed:-7fd9\",appraisedby:\"ELMO  NAZARENO\",appraisedbytitle:\"LAOO\",dtappraised:\"2010-01-01\",approvedbyid:\"RPTO-62eb6464:13642754aed:-7fdb\",approvedby:\"REX  ESCARIO\",approvedbytitle:\"MUNICIPAL ASSESSOR\",dtapproved:\"2010-01-01\",taxpayerid:\"E-12f70615:1362b0b3421:-7fed\",taxpayerno:\"00001\",taxpayername:\"VERGARA, JAYROME\",taxpayeraddress:\"CEBU CITY\",ownername:\"VERGARA, JAYROME\",owneraddress:\"CEBU CITY\",tdno:\"10-01-100000\",cancelreason:\"SD\",canceldate:\"2012-03-28\",cancelledbytdnos:\"10-01-4000\"]','[lgutype:\"CITY\",attributes:[],autonumber:\"0\",pintype:\"new\",barangayid:\"100-01-0001\",barangay:\"BRGY 1\",barangayindex:\"0001\",munidistrictid:\"100-01\",section:\"001\",parcel:\"01\",provcity:\"TAGBILARAN\",provcityindex:\"100\",munidistrict:\"DISTRICT 1\",munidistrictindex:\"01\",pin:\"100-01-0001-001-01\",cadastrallotno:\"1234\",north:\"LOT 1\",east:\"LOT 2\",south:\"LOT 3\",west:\"LOT 4\"]','[ry:2010,classid:\"PC-62eb6464:13642754aed:-7ff8\",classcode:\"RES\",classname:\"RESIDENTIAL\",suffix:1001,info:[totalarea:200.00,depreciation:0.00,depreciationvalue:0.0,totaladjustment:0.0,swornstatement:false,swornamount:0.0,predominant:false,firstfloorbasevalue:3750.00,floorcount:1,bldgage:0,condominium:false,autocomputebldgdepreciation:false,depreciatecoreanditemseparately:false,bldguses:[[objid:\"BU56f5576c:13657cc132b:-6c37\",area:200.00,basevalue:0.0,basemarketvalue:750000.00,adjustment:0.0,depreciationvalue:0.0,marketvalue:7.5000E+5,assesslevel:80.00,assessedvalue:6E+5,floors:[[storeyrate:100.0,adjustment:0.0,basevalue:3750.00,unitvalue:3750.00,basemarketvalue:750000.00,depreciationvalue:0.00,marketvalue:750000.00,assesslevel:0.00,assessedvalue:0.00,additionalitems:[],floorno:1,area:200.00,objid:\"BF56f5576c:13657cc132b:-6c24\"]],actualuse:[ranges:[[mvfrom:0.0,mvto:30000.00,rate:15.00],[mvfrom:30000.00,mvto:100000.00,rate:20.00],[mvfrom:100000.00,mvto:500000.00,rate:30.00],[mvfrom:500000.00,mvto:999999999999.00,rate:80.00]],actualusecode:\"RES\",fixrate:false,actualusename:\"RESIDENTIAL\",actualuseid:\"AL-62eb6464:13642754aed:-7fa0\",rate:0.00]]],bldgstructures:[],residualrate:0.0,assesslevel:0.0,percentcompleted:100.00,useswornamount:false,bldgtype:[calcbldgagebasedondtoccupied:0,straightdepreciation:1,predominant:false,bldgtypename:\"TEST TYPE C\",bldgtypeid:\"BT-61115de5:13649793e30:-3e23\",depreciations:[],depreciatecoreanditemseparately:false,computedepreciationbasedonschedule:false,multistoreyadjustments:[],bldgtypecode:\"IC\",basevaluetype:\"fix\",residualrate:0.00],bldgkind:null,bldgkindbucc:[bldgkindcode:\"IA-2S\",maxbasevalue:0.00,minarea:0.00,maxarea:0.00,basevalue:3750.00,bldgkindname:\"TWO FAMILY DWELLING\",gapvalue:0,basevaluetype:\"fix\",bldgkindid:\"KBLDG-62eb6464:13642754aed:-7ff0\",minbasevalue:0.00,bldgkindbuccid:\"BU52647b4a:13642a8c8a1:-2417\"]],taxable:true,totalareasqm:200.00,totalareaha:0.0,rputype:\"bldg\",fullpin:\"100-01-0001-001-01-1001\",bldgstructures:[[structureid:\"ST-62eb6464:13642754aed:-7fe9\",materialname:null,structurecode:\"BEM\",materialid:null,materialcode:null,structurename:\"BEAMS\",objid:\"BS-5dfc4b9f:13651f0a0de:-7fb5\"],[structureid:\"ST33f47dbb:132fa9e0bc9:-7f9d\",materialname:null,structurecode:\"FL\",materialid:null,materialcode:null,structurename:\"FLOORING\",objid:\"BS-5dfc4b9f:13651f0a0de:-7fb4\"],[structureid:\"ST33f47dbb:132fa9e0bc9:-7fa3\",structurecode:\"FO\",structurename:\"FOUNDATION\",objid:\"BS-5dfc4b9f:13651f0a0de:-7fb3\"],[structureid:\"ST33f47dbb:132fa9e0bc9:-7f9f\",structurecode:\"PT\",structurename:\"PARTITION\",objid:\"BS-5dfc4b9f:13651f0a0de:-7fb2\"],[structureid:\"ST33f47dbb:132fa9e0bc9:-7fa1\",structurecode:\"RF\",structurename:\"ROOFING\",objid:\"BS-5dfc4b9f:13651f0a0de:-7fb1\"]],issuedate:\"2010-01-01\",totalbmv:750000.00,totalmv:7.5000E+5,totalav:6E+5]','[]','[cancelledbytdnos:\"10-01-4000\",cancelreason:\"SD\",txntimestamp:\"201010101\",transmitted:false,canceldate:\"2012-03-28\",lgutype:\"CITY\"]',NULL,NULL,'L-d97c0a6:13657caaf62:-7fdf',NULL),('F-5dfc4b9f:13651f0a0de:-7ff7','faas','1.0','CANCELLED',NULL,NULL,'[datacapture:true,prevmv:0.00,prevav:0.00,effectivityqtr:1,memoranda:\"REVISED PURSUANT TO R.A. 7160\",autonumber:false,backtaxyrs:0,claimno:\"-\",annotated:false,txn:[txntype:\"DC\",caption:\"Data Capture\"],txntype:\"DC\",issuedate:\"2010-01-01\",tdno:\"10-0001-00001\",effectivityyear:2011,appraisedbyid:\"RPTO-62eb6464:13642754aed:-7fd9\",appraisedby:\"ELMO  NAZARENO\",appraisedbytitle:\"LAOO\",dtappraised:\"2010-01-01\",recommendedbyid:\"RPTO-5dfc4b9f:13651f0a0de:-7ff6\",recommendedby:\"WINDHEL  PALEN\",recommendedbytitle:\"RECOMMENDING OFFICER\",dtrecommended:\"2010-01-01\",approvedbyid:\"RPTO-62eb6464:13642754aed:-7fdb\",approvedby:\"REX  ESCARIO\",approvedbytitle:\"MUNICIPAL ASSESSOR\",dtapproved:\"2010-01-01\",taxpayerid:\"E-5dfc4b9f:13651f0a0de:-7ff9\",taxpayerno:\"00009\",taxpayername:\"SPS. OBERES, MIKOY AND ESCARIO, REX\",taxpayeraddress:\"CEBU CITY\",ownername:\"SPS. OBERES, MIKOY AND ESCARIO, REX\",owneraddress:\"CEBU CITY\",cancelreason:\"TRE\",canceldate:\"2012-03-28\",cancelledbytdnos:\"2010-01-0001-00002\"]','[lgutype:\"CITY\",attributes:[],autonumber:\"0\",pintype:\"new\",barangayid:\"100-01-0001\",barangay:\"BRGY 1\",barangayindex:\"0001\",munidistrictid:\"100-01\",section:\"001\",parcel:\"02\",provcity:\"TAGBILARAN\",provcityindex:\"100\",munidistrict:\"DISTRICT 1\",munidistrictindex:\"01\",pin:\"100-01-0001-001-02\",cadastrallotno:\"1234\",north:\"SOUTH OF LOT 1\",east:\"WEST OF LOT 2\",south:\"NORTH OF LOT 3\",west:\"EAST OF LOT 4\"]','[ry:2010,classid:\"PC-62eb6464:13642754aed:-7ff9\",classcode:\"AGR\",classname:\"AGRICULTURAL\",suffix:0,info:[taxable:true,totalbmv:0.0,totalmv:0.0,totalav:0.0,totalareasqm:0.0,totalareaha:0.0,useswornamount:false,idleland:false,landvalueadjustment:0.0,landdetails:[[objid:\"LD6a877cc1:1365208616f:-7e6f\",basevalue:1000.00,unitvalue:1000.00,taxable:true,basemarketvalue:2100.00,marketvalue:2.13E+3,adjustment:30.00,landvalueadjustment:0.0,actualuseadjustment:30.00,assesslevel:40.00,assessedvalue:8.5E+2,areasqm:21000.00,areaha:2.1,landadjustments:[],adjustments:[[objid:\"A6a877cc1:1365208616f:-7e3c\",adjustment:30.00,params:[],adj:[expr:\"SYS_UNIT_VALUE * 0.03\",adjtypeid:\"LA-ab8144b:1364cfce92b:-75d2\",adjtypename:\"ALL WEATHER ROADS\",adjtypecode:\"AWR\"],adjtypeid:\"LA-ab8144b:1364cfce92b:-75d2\",adjtypecode:\"AWR\",adjtypename:\"ALL WEATHER ROADS\",expr:\"SYS_UNIT_VALUE * 0.03\"]],subclass:[specificclasscode:\"CL\",subclassid:\"SC-ab8144b:1364cfce92b:-78fb\",areatype:\"HA\",specificclassname:\"COCO LAND\",subclassname:\"FIRST CLASS\",subclasscode:\"CL1\",actualusecode:\"AGR\",actualusename:\"AGRICULTURAL\",basevalue:1000.00,actualuseid:\"PC-62eb6464:13642754aed:-7ff9\",specificclassid:\"SC-ab8144b:1364cfce92b:-7972\"],subclassid:\"SC-ab8144b:1364cfce92b:-78fb\",subclasscode:\"CL1\",subclassname:\"FIRST CLASS\",specificclassid:\"SC-ab8144b:1364cfce92b:-7972\",specificclasscode:\"CL\",specificclassname:\"COCO LAND\",areatype:\"HA\",actualuseid:\"PC-62eb6464:13642754aed:-7ff9\",actualusecode:\"AGR\",actualusename:\"AGRICULTURAL\",al:[assesslevelcode:\"AGR\",assesslevelid:\"AL5a8175e8:1364cd23a8e:-7ff9\",assesslevelname:\"AGRICULTURAL\"],assesslevelid:\"AL5a8175e8:1364cd23a8e:-7ff9\",assesslevelcode:\"AGR\",assesslevelname:\"AGRICULTURAL\",area:2.1]],landtotal:[areasqm:21000.00,areaha:2.1,basemarketvalue:2100.00,adjustment:30.00,marketvalue:2130.0,assessedvalue:850.0],planttrees:[],planttotal:[bearing:0.00,nonbearing:0.00,basemarketvalue:0.0,adjustment:0.0,marketvalue:0.0,assessedvalue:0.0],adjustments:[]],taxable:true,totalareasqm:21000.00,totalareaha:2.1,rputype:\"land\",fullpin:\"100-01-0001-001-02\",totalbmv:2100.00,totalmv:2130.0,totalav:850.0]','[]','[txntimestamp:\"201010101\",transmitted:false,lgutype:\"CITY\"]',NULL,NULL,'L-5dfc4b9f:13651f0a0de:-7ff2',NULL),('F-64adc1db:136e1effa44:-7ff3','faas','1.0','CURRENT',NULL,NULL,'[datacapture:true,prevmv:0.00,prevav:0.00,effectivityqtr:1,memoranda:\"REVISED PURSUANT TO R.A. 7160\",autonumber:false,backtaxyrs:0,claimno:\"-\",annotated:false,txn:[txntype:\"DC\",caption:\"Data Capture\"],txntype:\"DC\",appraisedbyid:\"PERSNL-77eb9ad:1362de475cb:-7fe8\",appraisedby:\"RAMOS, MIKE \",appraisedbytitle:\"RPT APPRAISER\",recommendedbyid:\"PERSNL2a8c8a24:1363832b9dd:-7fc3\",recommendedby:\"LAURON, ROMMEL \",recommendedbytitle:\"CITY ASSESSOR\",approvedbyid:\"PERSNL-261cc787:13661fb74d2:-7ff6\",approvedby:\"ZAMORA, JESSIE \",approvedbytitle:\"APPROVER\",tdno:\"2012-0001-123\",issuedate:\"2012-01-01\",effectivityyear:2012,taxpayerid:\"E4eb9968d:13639066586:-7ff4\",taxpayerno:\"00007\",taxpayername:\"LAURON, ROMMEL\",taxpayeraddress:\"CEBU CITY\",ownername:\"LAURON, ROMMEL\",owneraddress:\"CEBU CITY\",dtappraised:\"2012-01-01\",dtrecommended:\"2012-01-01\",dtapproved:\"2012-01-01\"]','[lgutype:\"CITY\",attributes:[],autonumber:\"0\",pintype:\"new\",barangayid:\"100-01-0001\",barangay:\"BRGY 1\",barangayindex:\"0001\",munidistrictid:\"100-01\",section:\"003\",parcel:\"01\",provcity:\"TAGBILARAN\",provcityindex:\"100\",munidistrict:\"DISTRICT 1\",munidistrictindex:\"01\",pin:\"100-01-0001-003-01\",cadastrallotno:\"1234\",north:\"-\",east:\"-\",south:\"-\",west:\"-\"]','[ry:2010,classid:\"PC-62eb6464:13642754aed:-7ff9\",classcode:\"AGR\",classname:\"AGRICULTURAL\",suffix:0,info:[taxable:true,totalbmv:0.0,totalmv:0.0,totalav:0.0,totalareasqm:0.0,totalareaha:0.0,useswornamount:false,idleland:false,landvalueadjustment:0.0,landdetails:[[objid:\"LD2801e1e5:136e20a7ac0:-7fed\",basevalue:1000.00,unitvalue:1000.00,taxable:true,basemarketvalue:1000.00,marketvalue:1.00E+3,adjustment:0.0,landvalueadjustment:0.0,actualuseadjustment:0.0,assesslevel:40.00,assessedvalue:4E+2,areasqm:10000.00,areaha:1.0,landadjustments:[],adjustments:[],subclass:[specificclasscode:\"CL\",subclassid:\"SC-ab8144b:1364cfce92b:-78fb\",areatype:\"HA\",specificclassname:\"COCO LAND\",subclassname:\"FIRST CLASS\",subclasscode:\"CL1\",actualusecode:\"AGR\",actualusename:\"AGRICULTURAL\",basevalue:1000.00,actualuseid:\"PC-62eb6464:13642754aed:-7ff9\",specificclassid:\"SC-ab8144b:1364cfce92b:-7972\"],subclassid:\"SC-ab8144b:1364cfce92b:-78fb\",subclasscode:\"CL1\",subclassname:\"FIRST CLASS\",specificclassid:\"SC-ab8144b:1364cfce92b:-7972\",specificclasscode:\"CL\",specificclassname:\"COCO LAND\",areatype:\"HA\",actualuseid:\"PC-62eb6464:13642754aed:-7ff9\",actualusecode:\"AGR\",actualusename:\"AGRICULTURAL\",al:[assesslevelcode:\"AGR\",assesslevelid:\"AL5a8175e8:1364cd23a8e:-7ff9\",assesslevelname:\"AGRICULTURAL\"],assesslevelid:\"AL5a8175e8:1364cd23a8e:-7ff9\",assesslevelcode:\"AGR\",assesslevelname:\"AGRICULTURAL\",area:1.0]],landtotal:[areasqm:10000.00,areaha:1.0,basemarketvalue:1000.00,adjustment:0.0,marketvalue:1000.0,assessedvalue:400.0],planttrees:[],planttotal:[bearing:0.00,nonbearing:0.00,basemarketvalue:0.0,adjustment:0.0,marketvalue:0.0,assessedvalue:0.0],adjustments:[]],taxable:true,totalareasqm:10000.00,totalareaha:1.0,rputype:\"land\",fullpin:\"100-01-0001-003-01\",totalbmv:1000.00,totalmv:1000.0,totalav:400.0]','[]','[txntimestamp:\"201210101\",transmitted:false,lgutype:\"CITY\"]',NULL,NULL,'L-64adc1db:136e1effa44:-7fe7',NULL),('F-7d229091:1364f0c65c7:-7ff7','faas','1.0','CANCELLED',NULL,NULL,'[datacapture:true,prevmv:0.00,prevav:0.00,effectivityqtr:1,memoranda:\"REVISED PURSUANT TO R.A. 7160\",autonumber:false,backtaxyrs:0,claimno:\"-\",annotated:false,txn:[txntype:\"DC\",caption:\"Data Capture\"],txntype:\"DC\",issuedate:\"2010-01-01\",effectivityyear:2011,restriction:\"CARP\",appraisedbyid:\"RPTO-62eb6464:13642754aed:-7fd9\",appraisedby:\"ELMO  NAZARENO\",appraisedbytitle:\"LAOO\",dtappraised:\"2010-01-01\",approvedbyid:\"RPTO-62eb6464:13642754aed:-7fdb\",approvedby:\"REX  ESCARIO\",approvedbytitle:\"MUNICIPAL ASSESSOR\",dtapproved:\"2010-01-01\",taxpayerid:\"E-12f70615:1362b0b3421:-7fed\",taxpayerno:\"00001\",taxpayername:\"VERGARA, JAYROME\",taxpayeraddress:\"CEBU CITY\",ownername:\"VERGARA, JAYROME\",owneraddress:\"CEBU CITY\",tdno:\"100-001001\",cancelreason:\"SD\",canceldate:\"2012-03-28\",cancelledbytdnos:\"2010-01-0001-00008,2010-01-0001-00007\"]','[lgutype:\"CITY\",attributes:[],autonumber:\"0\",pintype:\"new\",barangayid:\"100-01-0001\",barangay:\"BRGY 1\",barangayindex:\"0001\",munidistrictid:\"100-01\",section:\"001\",parcel:\"01\",provcity:\"TAGBILARAN\",provcityindex:\"100\",munidistrict:\"DISTRICT 1\",munidistrictindex:\"01\",pin:\"100-01-0001-001-01\",cadastrallotno:\"1234\",north:\"LOT 1\",east:\"LOT 2\",south:\"LOT 3\",west:\"LOT 4\"]','[ry:2010,classid:\"PC-62eb6464:13642754aed:-7ff9\",classcode:\"AGR\",classname:\"AGRICULTURAL\",suffix:0,info:[taxable:true,totalbmv:0.0,totalmv:0.0,totalav:0.0,totalareasqm:0.0,totalareaha:0.0,useswornamount:false,idleland:false,landvalueadjustment:0.0,landdetails:[[objid:\"LD-31064518:1364f141066:-7ff3\",basevalue:1000.00,unitvalue:1000.00,taxable:true,basemarketvalue:2000.00,marketvalue:2.00E+3,adjustment:0.0,landvalueadjustment:0.0,actualuseadjustment:0.0,assesslevel:40.00,assessedvalue:8E+2,areasqm:20000.0,areaha:2.00,landadjustments:[],adjustments:[],subclass:[specificclasscode:\"CL\",subclassid:\"SC-ab8144b:1364cfce92b:-78fb\",areatype:\"HA\",specificclassname:\"COCO LAND\",subclassname:\"FIRST CLASS\",subclasscode:\"CL1\",actualusecode:\"AGR\",actualusename:\"AGRICULTURAL\",basevalue:1000.00,actualuseid:\"PC-62eb6464:13642754aed:-7ff9\",specificclassid:\"SC-ab8144b:1364cfce92b:-7972\"],subclassid:\"SC-ab8144b:1364cfce92b:-78fb\",subclasscode:\"CL1\",subclassname:\"FIRST CLASS\",specificclassid:\"SC-ab8144b:1364cfce92b:-7972\",specificclasscode:\"CL\",specificclassname:\"COCO LAND\",areatype:\"HA\",actualuseid:\"PC-62eb6464:13642754aed:-7ff9\",actualusecode:\"AGR\",actualusename:\"AGRICULTURAL\",al:[assesslevelcode:\"AGR\",assesslevelid:\"AL5a8175e8:1364cd23a8e:-7ff9\",assesslevelname:\"AGRICULTURAL\"],assesslevelid:\"AL5a8175e8:1364cd23a8e:-7ff9\",assesslevelcode:\"AGR\",assesslevelname:\"AGRICULTURAL\",area:2.00]],landtotal:[areasqm:20000.0,areaha:2.0,basemarketvalue:2000.00,adjustment:0.0,marketvalue:2000.0,assessedvalue:800.0],planttrees:[],planttotal:[bearing:0.00,nonbearing:0.00,basemarketvalue:0.0,adjustment:0.0,marketvalue:0.0,assessedvalue:0.0],adjustments:[]],taxable:true,totalareasqm:20000.0,totalareaha:2.0,rputype:\"land\",fullpin:\"100-01-0001-001-01\",totalbmv:2000.00,totalmv:2000.0,totalav:800.0]','[]','[txntimestamp:\"201010101\",transmitted:false,lgutype:\"CITY\"]',NULL,NULL,'L43e81b93:1364f33e257:-7ffc',NULL),('F-a5683f2:136571474b2:-7fc7','faas','1.0','CURRENT',NULL,NULL,'[datacapture:false,prevmv:0.0,prevav:0.0,effectivityqtr:1,memoranda:\"REVISED PURSUANT TO R.A. 7160\",autonumber:true,backtaxyrs:10,claimno:\"-\",annotated:true,txntype:\"ND\",txn:[txntype:\"ND\",caption:\"New Discovery\"],issuedate:\"2010-01-01\",effectivityyear:2011,appraisedbyid:\"RPTO-62eb6464:13642754aed:-7fd9\",appraisedby:\"ELMO  NAZARENO\",appraisedbytitle:\"LAOO\",dtappraised:\"2010-01-01\",approvedbyid:\"RPTO-62eb6464:13642754aed:-7fdb\",approvedby:\"REX  ESCARIO\",approvedbytitle:\"MUNICIPAL ASSESSOR\",dtapproved:\"2010-01-01\",taxpayerid:\"E2a8c8a24:1363832b9dd:-7fb9\",taxpayerno:\"00006\",taxpayername:\"FLORES, WORGIE\",taxpayeraddress:\"CEBU CITY\",ownername:\"FLORES, WORGIE\",owneraddress:\"CEBU CITY\",tdno:\"2010-01-0001-00005\"]','[lgutype:\"CITY\",attributes:[],autonumber:\"0\",pintype:\"new\",barangayid:\"100-01-0001\",barangay:\"BRGY 1\",barangayindex:\"0001\",munidistrictid:\"100-01\",section:\"001\",parcel:\"05\",provcity:\"TAGBILARAN\",provcityindex:\"100\",munidistrict:\"DISTRICT 1\",munidistrictindex:\"01\",pin:\"100-01-0001-001-05\",cadastrallotno:\"1234\",north:\"SOUTH OF LOT 1\",east:\"WEST OF LOT 2\",south:\"NORTH OF LOT 3\",west:\"EAST OF LOT 4\"]','[ry:2010,classid:\"PC-62eb6464:13642754aed:-7ff9\",classcode:\"AGR\",classname:\"AGRICULTURAL\",suffix:0,info:[taxable:true,totalbmv:0.0,totalmv:0.0,totalav:0.0,totalareasqm:0.0,totalareaha:0.0,useswornamount:false,idleland:false,landvalueadjustment:0.0,landdetails:[[objid:\"LD-601c0c16:1365727eaa6:-7363\",basevalue:1000.00,unitvalue:1000.00,taxable:true,basemarketvalue:3000.00,marketvalue:3.00E+3,adjustment:0.0,landvalueadjustment:0.0,actualuseadjustment:0.0,assesslevel:40.00,assessedvalue:1.2E+3,areasqm:30000.0,areaha:3.00,landadjustments:[],adjustments:[],subclass:[specificclasscode:\"CL\",subclassid:\"SC-ab8144b:1364cfce92b:-78fb\",areatype:\"HA\",specificclassname:\"COCO LAND\",subclassname:\"FIRST CLASS\",subclasscode:\"CL1\",actualusecode:\"AGR\",actualusename:\"AGRICULTURAL\",basevalue:1000.00,actualuseid:\"PC-62eb6464:13642754aed:-7ff9\",specificclassid:\"SC-ab8144b:1364cfce92b:-7972\"],subclassid:\"SC-ab8144b:1364cfce92b:-78fb\",subclasscode:\"CL1\",subclassname:\"FIRST CLASS\",specificclassid:\"SC-ab8144b:1364cfce92b:-7972\",specificclasscode:\"CL\",specificclassname:\"COCO LAND\",areatype:\"HA\",actualuseid:\"PC-62eb6464:13642754aed:-7ff9\",actualusecode:\"AGR\",actualusename:\"AGRICULTURAL\",al:[assesslevelcode:\"AGR\",assesslevelid:\"AL5a8175e8:1364cd23a8e:-7ff9\",assesslevelname:\"AGRICULTURAL\"],assesslevelid:\"AL5a8175e8:1364cd23a8e:-7ff9\",assesslevelcode:\"AGR\",assesslevelname:\"AGRICULTURAL\",area:3.00]],landtotal:[areasqm:30000.0,areaha:3.0,basemarketvalue:3000.00,adjustment:0.0,marketvalue:3000.0,assessedvalue:1200.0],planttrees:[],planttotal:[bearing:0.00,nonbearing:0.00,basemarketvalue:0.0,adjustment:0.0,marketvalue:0.0,assessedvalue:0.0],adjustments:[]],taxable:true,totalareasqm:30000.0,totalareaha:3.0,rputype:\"land\",fullpin:\"100-01-0001-001-05\",totalbmv:3000.00,totalmv:3000.0,totalav:1200.0]','[]','[txntimestamp:\"201010101\",transmitted:false,lgutype:\"CITY\"]',NULL,NULL,'L-a5683f2:136571474b2:-7fc3',NULL),('F-a5683f2:136571474b2:-7fd0','faas','1.0','CURRENT',NULL,NULL,'[datacapture:false,prevmv:1880.0,prevav:600.0,effectivityqtr:1,memoranda:\"RE AS PER ...\",autonumber:true,backtaxyrs:0,claimno:\"-\",annotated:false,txn:[txntype:\"RE\",caption:\"Reassessment\"],txntype:\"RE\",issuedate:\"2012-03-28\",tdno:\"2010-01-0001-00004\",effectivityyear:2013,appraisedbyid:\"RPTO-62eb6464:13642754aed:-7fd9\",appraisedby:\"ELMO  NAZARENO\",appraisedbytitle:\"LAOO\",dtappraised:\"2012-03-28\",recommendedbyid:\"RPTO-5dfc4b9f:13651f0a0de:-7ff6\",recommendedby:\"WINDHEL  PALEN\",recommendedbytitle:\"RECOMMENDING OFFICER\",dtrecommended:\"2012-03-28\",approvedbyid:\"RPTO-62eb6464:13642754aed:-7fdb\",approvedby:\"REX  ESCARIO\",approvedbytitle:\"MUNICIPAL ASSESSOR\",dtapproved:\"2012-03-28\",taxpayerid:\"E2a8c8a24:1363832b9dd:-7fea\",taxpayerno:\"00005\",taxpayername:\"ESCARIO, REX\",taxpayeraddress:\"CEBU CITY\",ownername:\"ESCARIO, REX\",owneraddress:\"CEBU CITY\",prevtdno:\"2010-01-0001-00003\",prevpin:\"100-01-0001-001-02\",prevtaxpayerid:\"E2a8c8a24:1363832b9dd:-7fea\",prevowner:\"ESCARIO, REX\",titletype:\"TCT\",administratorid:null,administratorname:null,administratoraddress:null,titleno:null,titledate:null]','[lgutype:\"CITY\",attributes:[],autonumber:\"0\",pintype:\"new\",barangayid:\"100-01-0001\",barangay:\"BRGY 1\",barangayindex:\"0001\",munidistrictid:\"100-01\",section:\"001\",parcel:\"02\",provcity:\"TAGBILARAN\",provcityindex:\"100\",munidistrict:\"DISTRICT 1\",munidistrictindex:\"01\",pin:\"100-01-0001-001-02\",cadastrallotno:\"1234\",north:\"SOUTH OF LOT 2\",east:\"WEST OF LOT 1\",south:\"NORTH OF LOT 3\",west:\"EAST OF LOT 5\"]','[ry:2010,classid:\"PC-62eb6464:13642754aed:-7ff9\",classcode:\"AGR\",classname:\"AGRICULTURAL\",suffix:0,info:[taxable:true,totalbmv:0.0,totalmv:0.0,totalav:0.0,totalareasqm:0.0,totalareaha:0.0,useswornamount:false,idleland:false,landvalueadjustment:0.0,landdetails:[[objid:\"LD6a877cc1:1365208616f:-7e6f\",basevalue:1000.00,unitvalue:1000.00,taxable:true,basemarketvalue:1000.00,marketvalue:1.03E+3,adjustment:30.00,landvalueadjustment:0.0,actualuseadjustment:30.00,assesslevel:40.00,assessedvalue:4.1E+2,areasqm:10000.00,areaha:1.0,landadjustments:[],adjustments:[[objid:\"A6a877cc1:1365208616f:-7e3c\",adjustment:30.00,params:[],adj:[expr:\"SYS_UNIT_VALUE * 0.03\",adjtypeid:\"LA-ab8144b:1364cfce92b:-75d2\",adjtypename:\"ALL WEATHER ROADS\",adjtypecode:\"AWR\"],adjtypeid:\"LA-ab8144b:1364cfce92b:-75d2\",adjtypecode:\"AWR\",adjtypename:\"ALL WEATHER ROADS\",expr:\"SYS_UNIT_VALUE * 0.03\"]],subclass:[specificclasscode:\"CL\",subclassid:\"SC-ab8144b:1364cfce92b:-78fb\",areatype:\"HA\",specificclassname:\"COCO LAND\",subclassname:\"FIRST CLASS\",subclasscode:\"CL1\",actualusecode:\"AGR\",actualusename:\"AGRICULTURAL\",basevalue:1000.00,actualuseid:\"PC-62eb6464:13642754aed:-7ff9\",specificclassid:\"SC-ab8144b:1364cfce92b:-7972\"],subclassid:\"SC-ab8144b:1364cfce92b:-78fb\",subclasscode:\"CL1\",subclassname:\"FIRST CLASS\",specificclassid:\"SC-ab8144b:1364cfce92b:-7972\",specificclasscode:\"CL\",specificclassname:\"COCO LAND\",areatype:\"HA\",actualuseid:\"PC-62eb6464:13642754aed:-7ff9\",actualusecode:\"AGR\",actualusename:\"AGRICULTURAL\",al:[assesslevelcode:\"AGR\",assesslevelid:\"AL5a8175e8:1364cd23a8e:-7ff9\",assesslevelname:\"AGRICULTURAL\"],assesslevelid:\"AL5a8175e8:1364cd23a8e:-7ff9\",assesslevelcode:\"AGR\",assesslevelname:\"AGRICULTURAL\",area:1.0],[objid:\"LD-601c0c16:1365727eaa6:-747d\",basevalue:750.00,unitvalue:750.00,taxable:true,basemarketvalue:825.00,marketvalue:8.3E+2,adjustment:0.0,landvalueadjustment:0.0,actualuseadjustment:0.0,assesslevel:20.00,assessedvalue:1.7E+2,areasqm:11000.00,areaha:1.1,landadjustments:[],adjustments:[],subclassid:\"SC-ab8144b:1364cfce92b:-78f1\",subclasscode:\"CL2\",subclassname:\"SECOND CLASS\",specificclassid:\"SC-ab8144b:1364cfce92b:-7972\",specificclasscode:\"CL\",specificclassname:\"COCO LAND\",areatype:\"HA\",actualuseid:\"PC-62eb6464:13642754aed:-7ff9\",actualusecode:\"AGR\",actualusename:\"AGRICULTURAL\",subclass:[specificclasscode:\"CL\",subclassid:\"SC-ab8144b:1364cfce92b:-78f1\",areatype:\"HA\",specificclassname:\"COCO LAND\",subclassname:\"SECOND CLASS\",subclasscode:\"CL2\",actualusecode:\"AGR\",actualusename:\"AGRICULTURAL\",basevalue:750.00,actualuseid:\"PC-62eb6464:13642754aed:-7ff9\",specificclassid:\"SC-ab8144b:1364cfce92b:-7972\"],al:[assesslevelcode:\"RES\",assesslevelid:\"AL5a8175e8:1364cd23a8e:-7ff8\",assesslevelname:\"RESIDENTIAL\"],assesslevelid:\"AL5a8175e8:1364cd23a8e:-7ff8\",assesslevelcode:\"RES\",assesslevelname:\"RESIDENTIAL\",area:1.1]],landtotal:[areasqm:21000.00,areaha:2.1,basemarketvalue:1825.00,adjustment:30.00,marketvalue:1860.0,assessedvalue:580.0],planttrees:[],planttotal:[bearing:0.00,nonbearing:0.00,basemarketvalue:0.0,adjustment:0.0,marketvalue:0.0,assessedvalue:0.0],adjustments:[]],taxable:true,totalareasqm:21000.00,totalareaha:2.1,rputype:\"land\",fullpin:\"100-01-0001-001-02\",totalbmv:1825.00,totalmv:1860.0,totalav:580.0]','[[faasid:\"F-a5683f2:136571474b2:-7fda\",tdno:\"2010-01-0001-00003\"]]','[txntimestamp:\"201210328\",transmitted:false,lgutype:\"CITY\"]',NULL,NULL,'L-5dfc4b9f:13651f0a0de:-7ff2',NULL),('F-a5683f2:136571474b2:-7fda','faas','1.0','CANCELLED',NULL,NULL,'[datacapture:false,prevmv:1880.0,prevav:600.0,effectivityqtr:1,memoranda:\"CE AS PER REQUESTED BY OWNER\",autonumber:true,backtaxyrs:0,claimno:\"-\",annotated:false,txn:[txntype:\"CE\",caption:\"Correction\"],txntype:\"CE\",issuedate:\"2012-03-28\",tdno:\"2010-01-0001-00003\",effectivityyear:2013,appraisedbyid:\"RPTO-62eb6464:13642754aed:-7fd9\",appraisedby:\"ELMO  NAZARENO\",appraisedbytitle:\"LAOO\",dtappraised:\"2012-03-28\",recommendedbyid:\"RPTO-5dfc4b9f:13651f0a0de:-7ff6\",recommendedby:\"WINDHEL  PALEN\",recommendedbytitle:\"RECOMMENDING OFFICER\",dtrecommended:\"2012-03-28\",approvedbyid:\"RPTO-62eb6464:13642754aed:-7fdb\",approvedby:\"REX  ESCARIO\",approvedbytitle:\"MUNICIPAL ASSESSOR\",dtapproved:\"2012-03-28\",taxpayerid:\"E2a8c8a24:1363832b9dd:-7fea\",taxpayerno:\"00005\",taxpayername:\"ESCARIO, REX\",taxpayeraddress:\"CEBU CITY\",ownername:\"ESCARIO, REX\",owneraddress:\"CEBU CITY\",prevtdno:\"2010-01-0001-00002\",prevpin:\"100-01-0001-001-02\",prevtaxpayerid:\"E2a8c8a24:1363832b9dd:-7fea\",prevowner:\"ESCARIO, REX\",titletype:\"TCT\",administratorid:null,administratorname:null,administratoraddress:null,titleno:null,titledate:null,cancelreason:\"RE\",canceldate:\"2012-03-28\",cancelledbytdnos:\"2010-01-0001-00004\"]','[lgutype:\"CITY\",attributes:[],autonumber:\"0\",pintype:\"new\",barangayid:\"100-01-0001\",barangay:\"BRGY 1\",barangayindex:\"0001\",munidistrictid:\"100-01\",section:\"001\",parcel:\"02\",provcity:\"TAGBILARAN\",provcityindex:\"100\",munidistrict:\"DISTRICT 1\",munidistrictindex:\"01\",pin:\"100-01-0001-001-02\",cadastrallotno:\"1234\",north:\"SOUTH OF LOT 2\",east:\"WEST OF LOT 1\",south:\"NORTH OF LOT 3\",west:\"EAST OF LOT 5\"]','[ry:2010,classid:\"PC-62eb6464:13642754aed:-7ff9\",classcode:\"AGR\",classname:\"AGRICULTURAL\",suffix:0,info:[taxable:true,totalbmv:0.0,totalmv:0.0,totalav:0.0,totalareasqm:0.0,totalareaha:0.0,useswornamount:false,idleland:false,landvalueadjustment:0.0,landdetails:[[objid:\"LD6a877cc1:1365208616f:-7e6f\",basevalue:1000.00,unitvalue:1000.00,taxable:true,basemarketvalue:1100.00,marketvalue:1.13E+3,adjustment:30.00,landvalueadjustment:0.0,actualuseadjustment:30.00,assesslevel:40.00,assessedvalue:4.5E+2,areasqm:11000.0000000,areaha:1.100000,landadjustments:[],adjustments:[[objid:\"A6a877cc1:1365208616f:-7e3c\",adjustment:30.00,params:[],adj:[expr:\"SYS_UNIT_VALUE * 0.03\",adjtypeid:\"LA-ab8144b:1364cfce92b:-75d2\",adjtypename:\"ALL WEATHER ROADS\",adjtypecode:\"AWR\"],adjtypeid:\"LA-ab8144b:1364cfce92b:-75d2\",adjtypecode:\"AWR\",adjtypename:\"ALL WEATHER ROADS\",expr:\"SYS_UNIT_VALUE * 0.03\"]],subclass:[specificclasscode:\"CL\",subclassid:\"SC-ab8144b:1364cfce92b:-78fb\",areatype:\"HA\",specificclassname:\"COCO LAND\",subclassname:\"FIRST CLASS\",subclasscode:\"CL1\",actualusecode:\"AGR\",actualusename:\"AGRICULTURAL\",basevalue:1000.00,actualuseid:\"PC-62eb6464:13642754aed:-7ff9\",specificclassid:\"SC-ab8144b:1364cfce92b:-7972\"],subclassid:\"SC-ab8144b:1364cfce92b:-78fb\",subclasscode:\"CL1\",subclassname:\"FIRST CLASS\",specificclassid:\"SC-ab8144b:1364cfce92b:-7972\",specificclasscode:\"CL\",specificclassname:\"COCO LAND\",areatype:\"HA\",actualuseid:\"PC-62eb6464:13642754aed:-7ff9\",actualusecode:\"AGR\",actualusename:\"AGRICULTURAL\",al:[assesslevelcode:\"AGR\",assesslevelid:\"AL5a8175e8:1364cd23a8e:-7ff9\",assesslevelname:\"AGRICULTURAL\"],assesslevelid:\"AL5a8175e8:1364cd23a8e:-7ff9\",assesslevelcode:\"AGR\",assesslevelname:\"AGRICULTURAL\",area:1.100000],[objid:\"LD-601c0c16:1365727eaa6:-747d\",basevalue:750.00,unitvalue:750.00,taxable:true,basemarketvalue:750.00,marketvalue:7.5E+2,adjustment:0.0,landvalueadjustment:0.0,actualuseadjustment:0.0,assesslevel:20.00,assessedvalue:1.5E+2,areasqm:10000.0000000,areaha:1.000000,landadjustments:[],adjustments:[],subclassid:\"SC-ab8144b:1364cfce92b:-78f1\",subclasscode:\"CL2\",subclassname:\"SECOND CLASS\",specificclassid:\"SC-ab8144b:1364cfce92b:-7972\",specificclasscode:\"CL\",specificclassname:\"COCO LAND\",areatype:\"HA\",actualuseid:\"PC-62eb6464:13642754aed:-7ff9\",actualusecode:\"AGR\",actualusename:\"AGRICULTURAL\",subclass:[specificclasscode:\"CL\",subclassid:\"SC-ab8144b:1364cfce92b:-78f1\",areatype:\"HA\",specificclassname:\"COCO LAND\",subclassname:\"SECOND CLASS\",subclasscode:\"CL2\",actualusecode:\"AGR\",actualusename:\"AGRICULTURAL\",basevalue:750.00,actualuseid:\"PC-62eb6464:13642754aed:-7ff9\",specificclassid:\"SC-ab8144b:1364cfce92b:-7972\"],al:[assesslevelcode:\"RES\",assesslevelid:\"AL5a8175e8:1364cd23a8e:-7ff8\",assesslevelname:\"RESIDENTIAL\"],assesslevelid:\"AL5a8175e8:1364cd23a8e:-7ff8\",assesslevelcode:\"RES\",assesslevelname:\"RESIDENTIAL\",area:1.000000]],landtotal:[areasqm:21000.0000000,areaha:2.100000,basemarketvalue:1850.00,adjustment:30.00,marketvalue:1880.0,assessedvalue:600.0],planttrees:[],planttotal:[bearing:0.00,nonbearing:0.00,basemarketvalue:0.0,adjustment:0.0,marketvalue:0.0,assessedvalue:0.0],adjustments:[]],taxable:true,totalareasqm:21000.0000000,totalareaha:2.100000,rputype:\"land\",fullpin:\"100-01-0001-001-02\",totalbmv:1850.00,totalmv:1880.0,totalav:600.0]','[[faasid:\"F-a5683f2:136571474b2:-7fe3\",tdno:\"2010-01-0001-00002\"]]','[txntimestamp:\"201210328\",transmitted:false,lgutype:\"CITY\"]',NULL,NULL,'L-5dfc4b9f:13651f0a0de:-7ff2',NULL),('F-a5683f2:136571474b2:-7fe3','faas','1.0','CANCELLED',NULL,NULL,'[datacapture:false,prevmv:2130.0,prevav:850.0,effectivityqtr:1,memoranda:\"TRANSFER WITH RE-ASSESSMENT AS PER ...\",autonumber:true,backtaxyrs:0,claimno:\"-\",annotated:false,txn:[txntype:\"TRE\",caption:\"Transfer with Reassessment\"],txntype:\"TRE\",issuedate:\"2012-03-28\",tdno:\"2010-01-0001-00002\",effectivityyear:2012,appraisedbyid:\"RPTO-62eb6464:13642754aed:-7fd9\",appraisedby:\"ELMO  NAZARENO\",appraisedbytitle:\"LAOO\",dtappraised:\"2012-03-28\",recommendedbyid:\"RPTO-5dfc4b9f:13651f0a0de:-7ff6\",recommendedby:\"WINDHEL  PALEN\",recommendedbytitle:\"RECOMMENDING OFFICER\",dtrecommended:\"2012-03-28\",approvedbyid:\"RPTO-62eb6464:13642754aed:-7fdb\",approvedby:\"REX  ESCARIO\",approvedbytitle:\"MUNICIPAL ASSESSOR\",dtapproved:\"2012-03-28\",taxpayerid:\"E2a8c8a24:1363832b9dd:-7fea\",taxpayerno:\"00005\",taxpayername:\"ESCARIO, REX\",taxpayeraddress:\"CEBU CITY\",ownername:\"ESCARIO, REX\",owneraddress:\"CEBU CITY\",prevtdno:\"2010-01-0001-00001\",prevpin:\"100-01-0001-001-02\",prevtaxpayerid:\"E-12f70615:1362b0b3421:-7fed\",prevowner:\"VERGARA, JAYROME\",titletype:\"TCT\",administratorid:null,administratorname:null,administratoraddress:null,titleno:null,titledate:null,cancelreason:\"CE\",canceldate:\"2012-03-28\",cancelledbytdnos:\"2010-01-0001-00003\"]','[lgutype:\"CITY\",attributes:[],autonumber:\"0\",pintype:\"new\",barangayid:\"100-01-0001\",barangay:\"BRGY 1\",barangayindex:\"0001\",munidistrictid:\"100-01\",section:\"001\",parcel:\"02\",provcity:\"TAGBILARAN\",provcityindex:\"100\",munidistrict:\"DISTRICT 1\",munidistrictindex:\"01\",pin:\"100-01-0001-001-02\",cadastrallotno:\"1234\",north:\"SOUTH OF LOT 1\",east:\"WEST OF LOT 2\",south:\"NORTH OF LOT 3\",west:\"EAST OF LOT 4\"]','[ry:2010,classid:\"PC-62eb6464:13642754aed:-7ff9\",classcode:\"AGR\",classname:\"AGRICULTURAL\",suffix:0,info:[taxable:true,totalbmv:0.0,totalmv:0.0,totalav:0.0,totalareasqm:0.0,totalareaha:0.0,useswornamount:false,idleland:false,landvalueadjustment:0.0,landdetails:[[objid:\"LD6a877cc1:1365208616f:-7e6f\",basevalue:1000.00,unitvalue:1000.00,taxable:true,basemarketvalue:1100.00,marketvalue:1.13E+3,adjustment:30.00,landvalueadjustment:0.0,actualuseadjustment:30.00,assesslevel:40.00,assessedvalue:4.5E+2,areasqm:11000.00,areaha:1.1,landadjustments:[],adjustments:[[objid:\"A6a877cc1:1365208616f:-7e3c\",adjustment:30.00,params:[],adj:[expr:\"SYS_UNIT_VALUE * 0.03\",adjtypeid:\"LA-ab8144b:1364cfce92b:-75d2\",adjtypename:\"ALL WEATHER ROADS\",adjtypecode:\"AWR\"],adjtypeid:\"LA-ab8144b:1364cfce92b:-75d2\",adjtypecode:\"AWR\",adjtypename:\"ALL WEATHER ROADS\",expr:\"SYS_UNIT_VALUE * 0.03\"]],subclass:[specificclasscode:\"CL\",subclassid:\"SC-ab8144b:1364cfce92b:-78fb\",areatype:\"HA\",specificclassname:\"COCO LAND\",subclassname:\"FIRST CLASS\",subclasscode:\"CL1\",actualusecode:\"AGR\",actualusename:\"AGRICULTURAL\",basevalue:1000.00,actualuseid:\"PC-62eb6464:13642754aed:-7ff9\",specificclassid:\"SC-ab8144b:1364cfce92b:-7972\"],subclassid:\"SC-ab8144b:1364cfce92b:-78fb\",subclasscode:\"CL1\",subclassname:\"FIRST CLASS\",specificclassid:\"SC-ab8144b:1364cfce92b:-7972\",specificclasscode:\"CL\",specificclassname:\"COCO LAND\",areatype:\"HA\",actualuseid:\"PC-62eb6464:13642754aed:-7ff9\",actualusecode:\"AGR\",actualusename:\"AGRICULTURAL\",al:[assesslevelcode:\"AGR\",assesslevelid:\"AL5a8175e8:1364cd23a8e:-7ff9\",assesslevelname:\"AGRICULTURAL\"],assesslevelid:\"AL5a8175e8:1364cd23a8e:-7ff9\",assesslevelcode:\"AGR\",assesslevelname:\"AGRICULTURAL\",area:1.1],[objid:\"LD-601c0c16:1365727eaa6:-747d\",basevalue:750.00,unitvalue:750.00,taxable:true,basemarketvalue:750.00,marketvalue:7.5E+2,adjustment:0.0,landvalueadjustment:0.0,actualuseadjustment:0.0,assesslevel:20.00,assessedvalue:1.5E+2,areasqm:10000.0,areaha:1.00,landadjustments:[],adjustments:[],subclassid:\"SC-ab8144b:1364cfce92b:-78f1\",subclasscode:\"CL2\",subclassname:\"SECOND CLASS\",specificclassid:\"SC-ab8144b:1364cfce92b:-7972\",specificclasscode:\"CL\",specificclassname:\"COCO LAND\",areatype:\"HA\",actualuseid:\"PC-62eb6464:13642754aed:-7ff9\",actualusecode:\"AGR\",actualusename:\"AGRICULTURAL\",subclass:[specificclasscode:\"CL\",subclassid:\"SC-ab8144b:1364cfce92b:-78f1\",areatype:\"HA\",specificclassname:\"COCO LAND\",subclassname:\"SECOND CLASS\",subclasscode:\"CL2\",actualusecode:\"AGR\",actualusename:\"AGRICULTURAL\",basevalue:750.00,actualuseid:\"PC-62eb6464:13642754aed:-7ff9\",specificclassid:\"SC-ab8144b:1364cfce92b:-7972\"],al:[assesslevelcode:\"RES\",assesslevelid:\"AL5a8175e8:1364cd23a8e:-7ff8\",assesslevelname:\"RESIDENTIAL\"],assesslevelid:\"AL5a8175e8:1364cd23a8e:-7ff8\",assesslevelcode:\"RES\",assesslevelname:\"RESIDENTIAL\",area:1.00]],landtotal:[areasqm:21000.00,areaha:2.1,basemarketvalue:1850.00,adjustment:30.00,marketvalue:1880.0,assessedvalue:600.0],planttrees:[],planttotal:[bearing:0.00,nonbearing:0.00,basemarketvalue:0.0,adjustment:0.0,marketvalue:0.0,assessedvalue:0.0],adjustments:[]],taxable:true,totalareasqm:21000.00,totalareaha:2.1,rputype:\"land\",fullpin:\"100-01-0001-001-02\",totalbmv:1850.00,totalmv:1880.0,totalav:600.0]','[[faasid:\"F-5dfc4b9f:13651f0a0de:-7ff7\",tdno:\"10-0001-00001\"],[faasid:\"F-a5683f2:136571474b2:-7ffc\",tdno:\"2010-01-0001-00001\"]]','[txntimestamp:\"201210328\",transmitted:false,lgutype:\"CITY\"]',NULL,NULL,'L-5dfc4b9f:13651f0a0de:-7ff2',NULL),('F-a5683f2:136571474b2:-7ffc','faas','1.0','CANCELLED',NULL,NULL,'[datacapture:false,prevmv:2130.0,prevav:850.0,effectivityqtr:1,memoranda:\"TRANSFER AS PER ...\",autonumber:true,backtaxyrs:0,claimno:\"-\",annotated:false,txn:[txntype:\"TR\",caption:\"Transfer of Ownership\"],txntype:\"TR\",issuedate:\"2012-03-28\",tdno:\"2010-01-0001-00001\",effectivityyear:2012,appraisedbyid:\"RPTO-62eb6464:13642754aed:-7fd9\",appraisedby:\"ELMO  NAZARENO\",appraisedbytitle:\"LAOO\",dtappraised:\"2012-03-28\",recommendedbyid:\"RPTO-5dfc4b9f:13651f0a0de:-7ff6\",recommendedby:\"WINDHEL  PALEN\",recommendedbytitle:\"RECOMMENDING OFFICER\",dtrecommended:\"2012-03-28\",approvedbyid:\"RPTO-62eb6464:13642754aed:-7fdb\",approvedby:\"REX  ESCARIO\",approvedbytitle:\"MUNICIPAL ASSESSOR\",dtapproved:\"2012-03-28\",taxpayerid:\"E-12f70615:1362b0b3421:-7fed\",taxpayerno:\"00001\",taxpayername:\"VERGARA, JAYROME\",taxpayeraddress:\"CEBU CITY\",ownername:\"VERGARA, JAYROME\",owneraddress:\"CEBU CITY\",prevtdno:\"10-0001-00001\",prevpin:\"100-01-0001-001-02\",prevtaxpayerid:\"E-5dfc4b9f:13651f0a0de:-7ff9\",prevowner:\"SPS. OBERES, MIKOY AND ESCARIO, REX\",titletype:\"TCT\",administratorid:null,administratorname:null,administratoraddress:null,titleno:null,titledate:null,cancelreason:\"TRE\",canceldate:\"2012-03-28\",cancelledbytdnos:\"2010-01-0001-00002\"]','[lgutype:\"CITY\",attributes:[],autonumber:\"0\",pintype:\"new\",barangayid:\"100-01-0001\",barangay:\"BRGY 1\",barangayindex:\"0001\",munidistrictid:\"100-01\",section:\"001\",parcel:\"02\",provcity:\"TAGBILARAN\",provcityindex:\"100\",munidistrict:\"DISTRICT 1\",munidistrictindex:\"01\",pin:\"100-01-0001-001-02\",cadastrallotno:\"1234\",north:\"SOUTH OF LOT 1\",east:\"WEST OF LOT 2\",south:\"NORTH OF LOT 3\",west:\"EAST OF LOT 4\"]','[ry:2010,classid:\"PC-62eb6464:13642754aed:-7ff9\",classcode:\"AGR\",classname:\"AGRICULTURAL\",suffix:0,info:[taxable:true,totalbmv:0.0,totalmv:0.0,totalav:0.0,totalareasqm:0.0,totalareaha:0.0,useswornamount:false,idleland:false,landvalueadjustment:0.0,landdetails:[[objid:\"LD6a877cc1:1365208616f:-7e6f\",basevalue:1000.00,unitvalue:1000.00,taxable:true,basemarketvalue:2100.00,marketvalue:2.13E+3,adjustment:30.00,landvalueadjustment:0.0,actualuseadjustment:30.00,assesslevel:40.00,assessedvalue:8.5E+2,areasqm:21000.00,areaha:2.1,landadjustments:[],adjustments:[[objid:\"A6a877cc1:1365208616f:-7e3c\",adjustment:30.00,params:[],adj:[expr:\"SYS_UNIT_VALUE * 0.03\",adjtypeid:\"LA-ab8144b:1364cfce92b:-75d2\",adjtypename:\"ALL WEATHER ROADS\",adjtypecode:\"AWR\"],adjtypeid:\"LA-ab8144b:1364cfce92b:-75d2\",adjtypecode:\"AWR\",adjtypename:\"ALL WEATHER ROADS\",expr:\"SYS_UNIT_VALUE * 0.03\"]],subclass:[specificclasscode:\"CL\",subclassid:\"SC-ab8144b:1364cfce92b:-78fb\",areatype:\"HA\",specificclassname:\"COCO LAND\",subclassname:\"FIRST CLASS\",subclasscode:\"CL1\",actualusecode:\"AGR\",actualusename:\"AGRICULTURAL\",basevalue:1000.00,actualuseid:\"PC-62eb6464:13642754aed:-7ff9\",specificclassid:\"SC-ab8144b:1364cfce92b:-7972\"],subclassid:\"SC-ab8144b:1364cfce92b:-78fb\",subclasscode:\"CL1\",subclassname:\"FIRST CLASS\",specificclassid:\"SC-ab8144b:1364cfce92b:-7972\",specificclasscode:\"CL\",specificclassname:\"COCO LAND\",areatype:\"HA\",actualuseid:\"PC-62eb6464:13642754aed:-7ff9\",actualusecode:\"AGR\",actualusename:\"AGRICULTURAL\",al:[assesslevelcode:\"AGR\",assesslevelid:\"AL5a8175e8:1364cd23a8e:-7ff9\",assesslevelname:\"AGRICULTURAL\"],assesslevelid:\"AL5a8175e8:1364cd23a8e:-7ff9\",assesslevelcode:\"AGR\",assesslevelname:\"AGRICULTURAL\",area:2.1]],landtotal:[areasqm:21000.00,areaha:2.1,basemarketvalue:2100.00,adjustment:30.00,marketvalue:2130.0,assessedvalue:850.0],planttrees:[],planttotal:[bearing:0.00,nonbearing:0.00,basemarketvalue:0.0,adjustment:0.0,marketvalue:0.0,assessedvalue:0.0],adjustments:[]],taxable:true,totalareasqm:21000.00,totalareaha:2.1,rputype:\"land\",fullpin:\"100-01-0001-001-02\",totalbmv:2100.00,totalmv:2130.0,totalav:850.0]','[[faasid:\"F-5dfc4b9f:13651f0a0de:-7ff7\",tdno:\"10-0001-00001\"]]','[txntimestamp:\"201210328\",transmitted:false,lgutype:\"CITY\"]',NULL,NULL,'L-5dfc4b9f:13651f0a0de:-7ff2',NULL),('F-d97c0a6:13657caaf62:-7f61','faas','1.0','CURRENT',NULL,NULL,'[datacapture:false,prevmv:1750.00,prevav:700.00,effectivityqtr:1,memoranda:\"CONSOLIDATION\",autonumber:true,backtaxyrs:0,claimno:\"-\",annotated:false,tdno:\"2010-01-0001-00009\",txntype:\"CS\",txn:[txntype:\"CS\",caption:\"Consolidation\"],issuedate:\"2012-03-28\",effectivityyear:2012,titletype:null,titleno:null,titledate:null,ownername:\"ZAMORA, JESSIE\",owneraddress:\"CEBU CITY\",taxpayerid:\"E2a8c8a24:1363832b9dd:-7ffa\",taxpayerno:\"00004\",taxpayername:\"ZAMORA, JESSIE\",taxpayeraddress:\"CEBU CITY\",appraisedby:\"ELMO NAZARENO\",appraisedbytitle:\"LAOO\",dtappraised:\"2012-03-01\",recommendedby:\"WINDHEL PALEN\",recommendedbytitle:\"RECOMMENDING OFFICER\",dtrecommended:\"2012-03-01\",approvedby:\"REX ESCARIO\",approvedbytitle:\"MUNICIPAL ASSESSOR\",dtapproved:\"2012-03-01\",prevtdno:\"10-0001-5000,10-01-9000\",prevpin:\"100-01-0001-001-08,100-01-0001-001-09\",prevowner:\"CHIONG, EMERSON, LAURON, ROMMEL\"]','[lgutype:\"CITY\",attributes:[],autonumber:\"0\",pintype:\"new\",provcityindex:\"100\",provcity:\"TAGBILARAN\",munidistrictindex:\"01\",munidistrict:\"DISTRICT 1\",barangayindex:\"0001\",barangay:\"BRGY 1\",barangayid:\"100-01-0001\",cadastrallotno:\"1234\",north:\"-\",east:\"-\",south:\"-\",west:\"-\",section:\"01\",parcel:\"10\",pin:\"100-01-0001-01-10\"]','[rputype:\"land\",ry:2010,classid:\"PC-62eb6464:13642754aed:-7ff9\",classcode:\"AGR\",classname:\"AGRICULTURAL\",suffix:0,info:[taxable:true,totalbmv:0.0,totalmv:0.0,totalav:0.0,totalareasqm:0.0,totalareaha:0.0,useswornamount:false,idleland:false,landvalueadjustment:0.0,landdetails:[[objid:\"LD56f5576c:13657cc132b:-694c\",basevalue:1000.00,unitvalue:1000.00,taxable:true,basemarketvalue:1000.00,marketvalue:1.00E+3,adjustment:0.0,landvalueadjustment:0.0,actualuseadjustment:0.0,assesslevel:40.00,assessedvalue:4E+2,areasqm:10000.0,areaha:1.00,landadjustments:[],adjustments:[],subclass:[specificclasscode:\"CL\",subclassid:\"SC-ab8144b:1364cfce92b:-78fb\",areatype:\"HA\",specificclassname:\"COCO LAND\",subclassname:\"FIRST CLASS\",subclasscode:\"CL1\",actualusecode:\"AGR\",actualusename:\"AGRICULTURAL\",basevalue:1000.00,actualuseid:\"PC-62eb6464:13642754aed:-7ff9\",specificclassid:\"SC-ab8144b:1364cfce92b:-7972\"],subclassid:\"SC-ab8144b:1364cfce92b:-78fb\",subclasscode:\"CL1\",subclassname:\"FIRST CLASS\",specificclassid:\"SC-ab8144b:1364cfce92b:-7972\",specificclasscode:\"CL\",specificclassname:\"COCO LAND\",areatype:\"HA\",actualuseid:\"PC-62eb6464:13642754aed:-7ff9\",actualusecode:\"AGR\",actualusename:\"AGRICULTURAL\",area:1.00,al:[assesslevelcode:\"AGR\",assesslevelid:\"AL5a8175e8:1364cd23a8e:-7ff9\",assesslevelname:\"AGRICULTURAL\"],assesslevelid:\"AL5a8175e8:1364cd23a8e:-7ff9\",assesslevelcode:\"AGR\",assesslevelname:\"AGRICULTURAL\"],[objid:\"LD56f5576c:13657cc132b:-6938\",basevalue:750.00,unitvalue:750.00,taxable:true,basemarketvalue:750.00,marketvalue:7.5E+2,adjustment:0.0,landvalueadjustment:0.0,actualuseadjustment:0.0,assesslevel:40.00,assessedvalue:3E+2,areasqm:10000.0,areaha:1.00,landadjustments:[],adjustments:[],subclass:[specificclasscode:\"CL\",subclassid:\"SC-ab8144b:1364cfce92b:-78f1\",areatype:\"HA\",specificclassname:\"COCO LAND\",subclassname:\"SECOND CLASS\",subclasscode:\"CL2\",actualusecode:\"AGR\",actualusename:\"AGRICULTURAL\",basevalue:750.00,actualuseid:\"PC-62eb6464:13642754aed:-7ff9\",specificclassid:\"SC-ab8144b:1364cfce92b:-7972\"],subclassid:\"SC-ab8144b:1364cfce92b:-78f1\",subclasscode:\"CL2\",subclassname:\"SECOND CLASS\",specificclassid:\"SC-ab8144b:1364cfce92b:-7972\",specificclasscode:\"CL\",specificclassname:\"COCO LAND\",areatype:\"HA\",actualuseid:\"PC-62eb6464:13642754aed:-7ff9\",actualusecode:\"AGR\",actualusename:\"AGRICULTURAL\",al:[assesslevelcode:\"AGR\",assesslevelid:\"AL5a8175e8:1364cd23a8e:-7ff9\",assesslevelname:\"AGRICULTURAL\"],assesslevelid:\"AL5a8175e8:1364cd23a8e:-7ff9\",assesslevelcode:\"AGR\",assesslevelname:\"AGRICULTURAL\",area:1.00]],landtotal:[areasqm:20000.0,areaha:2.0,basemarketvalue:1750.00,adjustment:0.0,marketvalue:1750.0,assessedvalue:700.0],planttrees:[],planttotal:[bearing:0.00,nonbearing:0.00,basemarketvalue:0.0,adjustment:0.0,marketvalue:0.0,assessedvalue:0.0],adjustments:[]],taxable:false,totalbmv:1750.00,totalmv:1750.0,totalav:700.0,totalareasqm:20000.0,totalareaha:2.0,fullpin:\"100-01-0001-01-10\"]','[[faasid:\"F-d97c0a6:13657caaf62:-7fae\",tdno:\"10-0001-5000\"],[faasid:\"F-d97c0a6:13657caaf62:-7fa1\",tdno:\"10-01-9000\"]]','[txntimestamp:\"201210328\",transmitted:false,lgutype:\"CITY\"]',NULL,NULL,'L-d97c0a6:13657caaf62:-7f60',NULL),('F-d97c0a6:13657caaf62:-7f6d','faas','1.0','CURRENT',NULL,NULL,'[datacapture:false,prevmv:800.00,prevav:2000.00,effectivityqtr:1,memoranda:\"SUBDIVISION\",autonumber:true,backtaxyrs:0,claimno:\"-\",annotated:false,txntype:\"SD\",issuedate:\"2012-03-28\",effectivityyear:2012,appraisedby:\"ELMO NAZARENO\",appraisedbytitle:\"LAOO\",dtappraised:\"2012-03-28\",recommendedby:\"WINDHEL PALEN\",recommendedbytitle:\"RECOMMENDING OFFICER\",dtrecommended:\"2012-03-28\",approvedby:\"REX ESCARIO\",approvedbytitle:\"MUNICIPAL ASSESSOR\",dtapproved:\"2012-03-28\",txn:[txntype:\"SD\",caption:\"Subdivision\"],tdno:\"2010-01-0001-00008\",taxpayerid:\"E4eb9968d:13639066586:-7ff4\",taxpayerno:\"00007\",taxpayername:\"LAURON, ROMMEL\",taxpayeraddress:\"CEBU CITY\",ownername:\"LAURON, ROMMEL\",owneraddress:\"CEBU CITY\",prevtdno:\"100-001001\",prevpin:\"100-01-0001-001-01\",prevowner:\"VERGARA, JAYROME\"]','[attributes:[],lgutype:\"CITY\",autonumber:\"0\",pintype:\"new\",munidistrict:\"DISTRICT 1\",barangay:\"BRGY 1\",provcityindex:\"100\",barangayid:\"100-01-0001\",munidistrictindex:\"01\",barangayindex:\"0001\",provcity:\"TAGBILARAN\",cadastrallotno:\"1234\",north:\"-\",east:\"-\",south:\"-\",west:\"-\",section:\"01\",parcel:\"07\",pin:\"100-01-0001-01-07\"]','[rputype:\"land\",ry:2010,classid:\"PC-62eb6464:13642754aed:-7ff9\",classcode:\"AGR\",classname:\"AGRICULTURAL\",taxable:true,suffix:0,info:[taxable:true,totalbmv:0.0,totalmv:0.0,totalav:0.0,totalareasqm:0.0,totalareaha:0.0,useswornamount:false,idleland:false,landvalueadjustment:0.0,landdetails:[[objid:\"LD56f5576c:13657cc132b:-6abd\",basevalue:1000.00,unitvalue:1000.00,taxable:true,basemarketvalue:1000.00,marketvalue:1.00E+3,adjustment:0.0,landvalueadjustment:0.0,actualuseadjustment:0.0,assesslevel:40.00,assessedvalue:4E+2,areasqm:10000.0,areaha:1.00,landadjustments:[],adjustments:[],subclassid:\"SC-ab8144b:1364cfce92b:-78fb\",subclasscode:\"CL1\",subclassname:\"FIRST CLASS\",specificclassid:\"SC-ab8144b:1364cfce92b:-7972\",specificclasscode:\"CL\",specificclassname:\"COCO LAND\",areatype:\"HA\",actualuseid:\"PC-62eb6464:13642754aed:-7ff9\",actualusecode:\"AGR\",actualusename:\"AGRICULTURAL\",subclass:[specificclasscode:\"CL\",subclassid:\"SC-ab8144b:1364cfce92b:-78fb\",areatype:\"HA\",specificclassname:\"COCO LAND\",subclassname:\"FIRST CLASS\",subclasscode:\"CL1\",actualusecode:\"AGR\",actualusename:\"AGRICULTURAL\",basevalue:1000.00,actualuseid:\"PC-62eb6464:13642754aed:-7ff9\",specificclassid:\"SC-ab8144b:1364cfce92b:-7972\"],al:[assesslevelcode:\"AGR\",assesslevelid:\"AL5a8175e8:1364cd23a8e:-7ff9\",assesslevelname:\"AGRICULTURAL\"],assesslevelid:\"AL5a8175e8:1364cd23a8e:-7ff9\",assesslevelcode:\"AGR\",assesslevelname:\"AGRICULTURAL\",area:1.00]],landtotal:[areasqm:10000.0,areaha:1.0,basemarketvalue:1000.00,adjustment:0.0,marketvalue:1000.0,assessedvalue:400.0],planttrees:[],planttotal:[bearing:0.00,nonbearing:0.00,basemarketvalue:0.0,adjustment:0.0,marketvalue:0.0,assessedvalue:0.0],adjustments:[]],fullpin:\"100-01-0001-01-07\",totalbmv:1000.00,totalmv:1000.0,totalav:400.0,totalareasqm:10000.0,totalareaha:1.0]','[[faasid:\"F-7d229091:1364f0c65c7:-7ff7\",tdno:\"100-001001\"]]','[txntimestamp:\"201210328\",transmitted:false,lgutype:\"CITY\"]',NULL,NULL,'L-d97c0a6:13657caaf62:-7f68',NULL),('F-d97c0a6:13657caaf62:-7f6f','faas','1.0','CURRENT',NULL,NULL,'[datacapture:false,prevmv:800.00,prevav:2000.00,effectivityqtr:1,memoranda:\"SUBDIVISION\",autonumber:true,backtaxyrs:0,claimno:\"-\",annotated:false,txntype:\"SD\",issuedate:\"2012-03-28\",effectivityyear:2012,appraisedby:\"ELMO NAZARENO\",appraisedbytitle:\"LAOO\",dtappraised:\"2012-03-28\",recommendedby:\"WINDHEL PALEN\",recommendedbytitle:\"RECOMMENDING OFFICER\",dtrecommended:\"2012-03-28\",approvedby:\"REX ESCARIO\",approvedbytitle:\"MUNICIPAL ASSESSOR\",dtapproved:\"2012-03-28\",txn:[txntype:\"SD\",caption:\"Subdivision\"],tdno:\"2010-01-0001-00007\",taxpayerid:\"E2a8c8a24:1363832b9dd:-7ffa\",taxpayerno:\"00004\",taxpayername:\"ZAMORA, JESSIE\",taxpayeraddress:\"CEBU CITY\",ownername:\"ZAMORA, JESSIE\",owneraddress:\"CEBU CITY\",prevtdno:\"100-001001\",prevpin:\"100-01-0001-001-01\",prevowner:\"VERGARA, JAYROME\"]','[attributes:[],lgutype:\"CITY\",autonumber:\"0\",pintype:\"new\",munidistrict:\"DISTRICT 1\",barangay:\"BRGY 1\",provcityindex:\"100\",barangayid:\"100-01-0001\",munidistrictindex:\"01\",barangayindex:\"0001\",provcity:\"TAGBILARAN\",cadastrallotno:\"1234\",north:\"-\",east:\"-\",south:\"-\",west:\"-\",section:\"01\",parcel:\"06\",pin:\"100-01-0001-01-06\"]','[rputype:\"land\",ry:2010,classid:\"PC-62eb6464:13642754aed:-7ff9\",classcode:\"AGR\",classname:\"AGRICULTURAL\",taxable:true,suffix:0,info:[taxable:true,totalbmv:0.0,totalmv:0.0,totalav:0.0,totalareasqm:0.0,totalareaha:0.0,useswornamount:false,idleland:false,landvalueadjustment:0.0,landdetails:[[objid:\"LD56f5576c:13657cc132b:-6b04\",basevalue:1000.00,unitvalue:1000.00,taxable:true,basemarketvalue:1000.00,marketvalue:1.00E+3,adjustment:0.0,landvalueadjustment:0.0,actualuseadjustment:0.0,assesslevel:40.00,assessedvalue:4E+2,areasqm:10000.0,areaha:1.00,landadjustments:[],adjustments:[],subclass:[specificclasscode:\"CL\",subclassid:\"SC-ab8144b:1364cfce92b:-78fb\",areatype:\"HA\",specificclassname:\"COCO LAND\",subclassname:\"FIRST CLASS\",subclasscode:\"CL1\",actualusecode:\"AGR\",actualusename:\"AGRICULTURAL\",basevalue:1000.00,actualuseid:\"PC-62eb6464:13642754aed:-7ff9\",specificclassid:\"SC-ab8144b:1364cfce92b:-7972\"],subclassid:\"SC-ab8144b:1364cfce92b:-78fb\",subclasscode:\"CL1\",subclassname:\"FIRST CLASS\",specificclassid:\"SC-ab8144b:1364cfce92b:-7972\",specificclasscode:\"CL\",specificclassname:\"COCO LAND\",areatype:\"HA\",actualuseid:\"PC-62eb6464:13642754aed:-7ff9\",actualusecode:\"AGR\",actualusename:\"AGRICULTURAL\",al:[assesslevelcode:\"AGR\",assesslevelid:\"AL5a8175e8:1364cd23a8e:-7ff9\",assesslevelname:\"AGRICULTURAL\"],assesslevelid:\"AL5a8175e8:1364cd23a8e:-7ff9\",assesslevelcode:\"AGR\",assesslevelname:\"AGRICULTURAL\",area:1.00]],landtotal:[areasqm:10000.0,areaha:1.0,basemarketvalue:1000.00,adjustment:0.0,marketvalue:1000.0,assessedvalue:400.0],planttrees:[],planttotal:[bearing:0.00,nonbearing:0.00,basemarketvalue:0.0,adjustment:0.0,marketvalue:0.0,assessedvalue:0.0],adjustments:[]],fullpin:\"100-01-0001-01-06\",totalbmv:1000.00,totalmv:1000.0,totalav:400.0,totalareasqm:10000.0,totalareaha:1.0]','[[faasid:\"F-7d229091:1364f0c65c7:-7ff7\",tdno:\"100-001001\"]]','[txntimestamp:\"201210328\",transmitted:false,lgutype:\"CITY\"]',NULL,NULL,'L-d97c0a6:13657caaf62:-7f6c',NULL),('F-d97c0a6:13657caaf62:-7fa1','faas','1.0','CANCELLED',NULL,NULL,'[datacapture:true,prevmv:0.00,prevav:0.00,effectivityqtr:1,memoranda:\"REVISED PURSUANT TO R.A. 7160\",autonumber:false,backtaxyrs:0,claimno:\"-\",annotated:false,txn:[txntype:\"DC\",caption:\"Data Capture\"],txntype:\"DC\",tdno:\"10-01-9000\",issuedate:\"2011-01-01\",effectivityyear:2011,appraisedbyid:\"RPTO-62eb6464:13642754aed:-7fd9\",appraisedby:\"ELMO  NAZARENO\",appraisedbytitle:\"LAOO\",dtappraised:\"2010-01-01\",approvedbyid:\"RPTO-62eb6464:13642754aed:-7fdb\",approvedby:\"REX  ESCARIO\",approvedbytitle:\"MUNICIPAL ASSESSOR\",dtapproved:\"2010-01-01\",taxpayerid:\"E4eb9968d:13639066586:-7ff4\",taxpayerno:\"00007\",taxpayername:\"LAURON, ROMMEL\",taxpayeraddress:\"CEBU CITY\",ownername:\"LAURON, ROMMEL\",owneraddress:\"CEBU CITY\",cancelreason:\"CS\",canceldate:\"2012-03-28\",cancelledbytdnos:\"2010-01-0001-00009\"]','[lgutype:\"CITY\",attributes:[],autonumber:\"0\",pintype:\"new\",barangayid:\"100-01-0001\",barangay:\"BRGY 1\",barangayindex:\"0001\",munidistrictid:\"100-01\",section:\"001\",parcel:\"09\",provcity:\"TAGBILARAN\",provcityindex:\"100\",munidistrict:\"DISTRICT 1\",munidistrictindex:\"01\",pin:\"100-01-0001-001-09\",cadastrallotno:\"2134\",north:\"-\",east:\"-\",south:\"-\",west:\"-\"]','[ry:2010,classid:\"PC-62eb6464:13642754aed:-7ff9\",classcode:\"AGR\",classname:\"AGRICULTURAL\",suffix:0,info:[taxable:true,totalbmv:0.0,totalmv:0.0,totalav:0.0,totalareasqm:0.0,totalareaha:0.0,useswornamount:false,idleland:false,landvalueadjustment:0.0,landdetails:[[objid:\"LD56f5576c:13657cc132b:-69b1\",basevalue:750.00,unitvalue:750.00,taxable:true,basemarketvalue:750.00,marketvalue:7.5E+2,adjustment:0.0,landvalueadjustment:0.0,actualuseadjustment:0.0,assesslevel:40.00,assessedvalue:3E+2,areasqm:10000.0,areaha:1.00,landadjustments:[],adjustments:[],subclass:[specificclasscode:\"CL\",subclassid:\"SC-ab8144b:1364cfce92b:-78f1\",areatype:\"HA\",specificclassname:\"COCO LAND\",subclassname:\"SECOND CLASS\",subclasscode:\"CL2\",actualusecode:\"AGR\",actualusename:\"AGRICULTURAL\",basevalue:750.00,actualuseid:\"PC-62eb6464:13642754aed:-7ff9\",specificclassid:\"SC-ab8144b:1364cfce92b:-7972\"],subclassid:\"SC-ab8144b:1364cfce92b:-78f1\",subclasscode:\"CL2\",subclassname:\"SECOND CLASS\",specificclassid:\"SC-ab8144b:1364cfce92b:-7972\",specificclasscode:\"CL\",specificclassname:\"COCO LAND\",areatype:\"HA\",actualuseid:\"PC-62eb6464:13642754aed:-7ff9\",actualusecode:\"AGR\",actualusename:\"AGRICULTURAL\",al:[assesslevelcode:\"AGR\",assesslevelid:\"AL5a8175e8:1364cd23a8e:-7ff9\",assesslevelname:\"AGRICULTURAL\"],assesslevelid:\"AL5a8175e8:1364cd23a8e:-7ff9\",assesslevelcode:\"AGR\",assesslevelname:\"AGRICULTURAL\",area:1.00]],landtotal:[areasqm:10000.0,areaha:1.0,basemarketvalue:750.00,adjustment:0.0,marketvalue:750.0,assessedvalue:300.0],planttrees:[],planttotal:[bearing:0.00,nonbearing:0.00,basemarketvalue:0.0,adjustment:0.0,marketvalue:0.0,assessedvalue:0.0],adjustments:[]],taxable:true,totalareasqm:10000.0,totalareaha:1.0,rputype:\"land\",fullpin:\"100-01-0001-001-09\",totalbmv:750.00,totalmv:750.0,totalav:300.0]','[]','[txntimestamp:\"201110101\",transmitted:false,lgutype:\"CITY\"]',NULL,NULL,'L-d97c0a6:13657caaf62:-7f9d',NULL),('F-d97c0a6:13657caaf62:-7fae','faas','1.0','CANCELLED',NULL,NULL,'[datacapture:true,prevmv:0.00,prevav:0.00,effectivityqtr:1,memoranda:\"REVISED PURSUANT TO R.A. 7160\",autonumber:false,backtaxyrs:0,claimno:\"-\",annotated:false,txn:[txntype:\"DC\",caption:\"Data Capture\"],txntype:\"DC\",taxpayerid:\"E4eb9968d:13639066586:-7fc5\",taxpayerno:\"00008\",taxpayername:\"CHIONG, EMERSON\",taxpayeraddress:\"CEBU CITY\",ownername:\"CHIONG, EMERSON\",owneraddress:\"CEBU CITY\",issuedate:\"2010-01-01\",effectivityyear:2010,appraisedbyid:\"RPTO-62eb6464:13642754aed:-7fd9\",appraisedby:\"ELMO  NAZARENO\",appraisedbytitle:\"LAOO\",dtappraised:\"2010-01-01\",approvedbyid:\"RPTO-62eb6464:13642754aed:-7fdb\",approvedby:\"REX  ESCARIO\",approvedbytitle:\"MUNICIPAL ASSESSOR\",dtapproved:\"2010-01-01\",tdno:\"10-0001-5000\",cancelreason:\"CS\",canceldate:\"2012-03-28\",cancelledbytdnos:\"2010-01-0001-00009\"]','[lgutype:\"CITY\",attributes:[],autonumber:\"0\",pintype:\"new\",barangayid:\"100-01-0001\",barangay:\"BRGY 1\",barangayindex:\"0001\",munidistrictid:\"100-01\",section:\"001\",parcel:\"08\",provcity:\"TAGBILARAN\",provcityindex:\"100\",munidistrict:\"DISTRICT 1\",munidistrictindex:\"01\",pin:\"100-01-0001-001-08\",cadastrallotno:\"1234\",north:\"-\",east:\"-\",south:\"-\",west:\"-\"]','[ry:2010,classid:\"PC-62eb6464:13642754aed:-7ff9\",classcode:\"AGR\",classname:\"AGRICULTURAL\",suffix:0,info:[taxable:true,totalbmv:0.0,totalmv:0.0,totalav:0.0,totalareasqm:0.0,totalareaha:0.0,useswornamount:false,idleland:false,landvalueadjustment:0.0,landdetails:[[objid:\"LD56f5576c:13657cc132b:-69f7\",basevalue:1000.00,unitvalue:1000.00,taxable:true,basemarketvalue:1000.00,marketvalue:1.00E+3,adjustment:0.0,landvalueadjustment:0.0,actualuseadjustment:0.0,assesslevel:40.00,assessedvalue:4E+2,areasqm:10000.0,areaha:1.00,landadjustments:[],adjustments:[],subclass:[specificclasscode:\"CL\",subclassid:\"SC-ab8144b:1364cfce92b:-78fb\",areatype:\"HA\",specificclassname:\"COCO LAND\",subclassname:\"FIRST CLASS\",subclasscode:\"CL1\",actualusecode:\"AGR\",actualusename:\"AGRICULTURAL\",basevalue:1000.00,actualuseid:\"PC-62eb6464:13642754aed:-7ff9\",specificclassid:\"SC-ab8144b:1364cfce92b:-7972\"],subclassid:\"SC-ab8144b:1364cfce92b:-78fb\",subclasscode:\"CL1\",subclassname:\"FIRST CLASS\",specificclassid:\"SC-ab8144b:1364cfce92b:-7972\",specificclasscode:\"CL\",specificclassname:\"COCO LAND\",areatype:\"HA\",actualuseid:\"PC-62eb6464:13642754aed:-7ff9\",actualusecode:\"AGR\",actualusename:\"AGRICULTURAL\",area:1.00,al:[assesslevelcode:\"AGR\",assesslevelid:\"AL5a8175e8:1364cd23a8e:-7ff9\",assesslevelname:\"AGRICULTURAL\"],assesslevelid:\"AL5a8175e8:1364cd23a8e:-7ff9\",assesslevelcode:\"AGR\",assesslevelname:\"AGRICULTURAL\"]],landtotal:[areasqm:10000.0,areaha:1.0,basemarketvalue:1000.00,adjustment:0.0,marketvalue:1000.0,assessedvalue:400.0],planttrees:[],planttotal:[bearing:0.00,nonbearing:0.00,basemarketvalue:0.0,adjustment:0.0,marketvalue:0.0,assessedvalue:0.0],adjustments:[]],taxable:true,totalareasqm:10000.0,totalareaha:1.0,rputype:\"land\",fullpin:\"100-01-0001-001-08\",totalbmv:1000.00,totalmv:1000.0,totalav:400.0]','[]','[txntimestamp:\"201010101\",transmitted:false,lgutype:\"CITY\"]',NULL,NULL,'L-d97c0a6:13657caaf62:-7fa6',NULL),('F-d97c0a6:13657caaf62:-7ff1','faas','1.0','INTERIM',NULL,NULL,'[datacapture:true,prevmv:0.00,prevav:0.00,effectivityqtr:1,memoranda:\"REVISED PURSUANT TO R.A. 7160\",autonumber:true,backtaxyrs:0,claimno:\"-\",annotated:false,txn:[txntype:\"DC\",caption:\"Data Capture\"],txntype:\"DC\",landfaasid:\"F-a5683f2:136571474b2:-7fd0\",landfaastaxpayerid:\"E2a8c8a24:1363832b9dd:-7fea\",taxable:true,totalbmv:0.0,totalmv:0.0,totalav:0.0,totalareasqm:0.0,totalareaha:0.0,useswornamount:false,tdno:\"10-01-0001-10000\",issuedate:\"2012-01-01\",effectivityyear:2012,appraisedbyid:\"RPTO-62eb6464:13642754aed:-7fd9\",appraisedby:\"ELMO  NAZARENO\",appraisedbytitle:\"LAOO\",approvedbyid:\"RPTO-62eb6464:13642754aed:-7fdb\",approvedby:\"REX  ESCARIO\",approvedbytitle:\"MUNICIPAL ASSESSOR\",dtappraised:\"2012-01-01\",dtapproved:\"2012-01-01\",taxpayerid:\"E-12f70615:1362b0b3421:-7fed\",taxpayerno:\"00001\",taxpayername:\"VERGARA, JAYROME\",taxpayeraddress:\"CEBU CITY\",ownername:\"VERGARA, JAYROME\",owneraddress:\"CEBU CITY\"]','[lgutype:\"CITY\",attributes:[],autonumber:\"0\",pintype:\"new\",barangayid:\"100-01-0001\",barangay:\"BRGY 1\",barangayindex:\"0001\",munidistrictid:\"100-01\",section:\"001\",parcel:\"02\",provcity:\"TAGBILARAN\",provcityindex:\"100\",munidistrict:\"DISTRICT 1\",munidistrictindex:\"01\",pin:\"100-01-0001-001-02\",cadastrallotno:\"1234\",north:\"SOUTH OF LOT 2\",east:\"WEST OF LOT 1\",south:\"NORTH OF LOT 3\",west:\"EAST OF LOT 5\"]','[ry:2010,classid:\"PC-62eb6464:13642754aed:-7ff8\",classcode:\"RES\",classname:\"RESIDENTIAL\",suffix:1001,info:[totalarea:0.00,depreciation:0.00,depreciationvalue:0.0,totaladjustment:0.0,swornstatement:false,swornamount:0.0,predominant:false,firstfloorbasevalue:3300.00,floorcount:1,bldgage:0,condominium:false,autocomputebldgdepreciation:null,depreciatecoreanditemseparately:false,bldguses:[],bldgstructures:[],residualrate:0.0,assesslevel:0.0,percentcompleted:100.00,useswornamount:false,bldgtype:[calcbldgagebasedondtoccupied:0,straightdepreciation:1,predominant:false,bldgtypename:\"REINFORCED CONCRETE\",bldgtypeid:\"BT52647b4a:13642a8c8a1:-26d5\",depreciations:[[ageto:1,rate:1.50,agefrom:1],[ageto:2,rate:2.8,agefrom:2]],depreciatecoreanditemseparately:false,computedepreciationbasedonschedule:false,multistoreyadjustments:[[floorno:1,rate:78.50],[floorno:2,rate:72.33],[floorno:3,rate:70.50],[floorno:4,rate:70.80],[floorno:5,rate:72.50]],bldgtypecode:\"IA\",basevaluetype:\"fix\",residualrate:0.00],bldgkind:null,bldgkindbucc:[bldgkindcode:\"IA-1S\",maxbasevalue:0.00,minarea:0.00,maxarea:0.00,basevalue:3300.00,bldgkindname:\"ONE FAMILY DWELLING\",gapvalue:0,basevaluetype:\"fix\",bldgkindid:\"KBLDG-62eb6464:13642754aed:-7ff1\",minbasevalue:0.00,bldgkindbuccid:\"BU52647b4a:13642a8c8a1:-2449\"],bldgtypeclass:\"CLASS A\"],taxable:true,totalareasqm:0.0,totalareaha:0.0,rputype:\"bldg\",fullpin:\"100-01-0001-001-02-1001\",bldgstructures:[[structureid:\"ST-62eb6464:13642754aed:-7fe9\",structurecode:\"BEM\",structurename:\"BEAMS\",objid:\"BS-d97c0a6:13657caaf62:-7ff0\"],[structureid:\"ST33f47dbb:132fa9e0bc9:-7f9d\",structurecode:\"FL\",structurename:\"FLOORING\",objid:\"BS-d97c0a6:13657caaf62:-7fef\"],[structureid:\"ST33f47dbb:132fa9e0bc9:-7fa3\",structurecode:\"FO\",structurename:\"FOUNDATION\",objid:\"BS-d97c0a6:13657caaf62:-7fee\"],[structureid:\"ST33f47dbb:132fa9e0bc9:-7f9f\",structurecode:\"PT\",structurename:\"PARTITION\",objid:\"BS-d97c0a6:13657caaf62:-7fed\"],[structureid:\"ST33f47dbb:132fa9e0bc9:-7fa1\",structurecode:\"RF\",structurename:\"ROOFING\",objid:\"BS-d97c0a6:13657caaf62:-7fec\"]],issuedate:\"2012-01-01\",totalbmv:0.0,totalmv:0.0,totalav:0.0]','[]','[txntimestamp:\"201210101\",transmitted:false,lgutype:\"CITY\"]',NULL,NULL,NULL,NULL),('F-d97c0a6:13657caaf62:-7ffa','faas','1.0','CURRENT',NULL,NULL,'[datacapture:false,prevmv:0.0,prevav:0.0,effectivityqtr:1,memoranda:\"THIS LAND IS ALSO CLAIMED BY MIKOY OBERES\",autonumber:true,backtaxyrs:10,claimno:\"2\",annotated:false,txntype:\"MC\",txn:[txntype:\"MC\",caption:\"Multiple Claim\"],issuedate:\"2012-03-28\",effectivityyear:2013,appraisedbyid:\"RPTO-62eb6464:13642754aed:-7fd9\",appraisedby:\"ELMO  NAZARENO\",appraisedbytitle:\"LAOO\",dtappraised:\"2012-03-28\",approvedbyid:\"RPTO-62eb6464:13642754aed:-7fdb\",approvedby:\"REX  ESCARIO\",approvedbytitle:\"MUNICIPAL ASSESSOR\",dtapproved:\"2012-03-28\",taxpayerid:\"E-77eb9ad:1362de475cb:-7fa0\",taxpayerno:\"00002\",taxpayername:\"OBERES, MIKOY\",taxpayeraddress:\"SAN CARLOS CITY\",ownername:\"OBERES, MIKOY\",owneraddress:\"SAN CARLOS CITY\",tdno:\"2010-01-0001-00006\",dtrecommended:\"2012-03-28\"]','[lgutype:\"CITY\",attributes:[],autonumber:\"0\",pintype:\"new\",barangayid:\"100-01-0001\",barangay:\"BRGY 1\",barangayindex:\"0001\",munidistrictid:\"100-01\",section:\"001\",parcel:\"05\",provcity:\"TAGBILARAN\",provcityindex:\"100\",munidistrict:\"DISTRICT 1\",munidistrictindex:\"01\",pin:\"100-01-0001-001-05\",cadastrallotno:\"1234\",north:\"SOUTH OF LOT 1\",east:\"WEST OF LOT 2\",south:\"NORTH OF LOT 3\",west:\"EAST OF LOT 4\"]','[ry:2010,classid:\"PC-62eb6464:13642754aed:-7ff9\",classcode:\"AGR\",classname:\"AGRICULTURAL\",suffix:0,info:[taxable:true,totalbmv:0.0,totalmv:0.0,totalav:0.0,totalareasqm:0.0,totalareaha:0.0,useswornamount:false,idleland:false,landvalueadjustment:0.0,landdetails:[[objid:\"LD-601c0c16:1365727eaa6:-7363\",basevalue:1000.00,unitvalue:1000.00,taxable:true,basemarketvalue:3000.00,marketvalue:3.00E+3,adjustment:0.0,landvalueadjustment:0.0,actualuseadjustment:0.0,assesslevel:40.00,assessedvalue:1.2E+3,areasqm:30000.0,areaha:3.00,landadjustments:[],adjustments:[],subclass:[specificclasscode:\"CL\",subclassid:\"SC-ab8144b:1364cfce92b:-78fb\",areatype:\"HA\",specificclassname:\"COCO LAND\",subclassname:\"FIRST CLASS\",subclasscode:\"CL1\",actualusecode:\"AGR\",actualusename:\"AGRICULTURAL\",basevalue:1000.00,actualuseid:\"PC-62eb6464:13642754aed:-7ff9\",specificclassid:\"SC-ab8144b:1364cfce92b:-7972\"],subclassid:\"SC-ab8144b:1364cfce92b:-78fb\",subclasscode:\"CL1\",subclassname:\"FIRST CLASS\",specificclassid:\"SC-ab8144b:1364cfce92b:-7972\",specificclasscode:\"CL\",specificclassname:\"COCO LAND\",areatype:\"HA\",actualuseid:\"PC-62eb6464:13642754aed:-7ff9\",actualusecode:\"AGR\",actualusename:\"AGRICULTURAL\",al:[assesslevelcode:\"AGR\",assesslevelid:\"AL5a8175e8:1364cd23a8e:-7ff9\",assesslevelname:\"AGRICULTURAL\"],assesslevelid:\"AL5a8175e8:1364cd23a8e:-7ff9\",assesslevelcode:\"AGR\",assesslevelname:\"AGRICULTURAL\",area:3.00]],landtotal:[areasqm:30000.0,areaha:3.0,basemarketvalue:3000.00,adjustment:0.0,marketvalue:3000.0,assessedvalue:1200.0],planttrees:[],planttotal:[bearing:0.00,nonbearing:0.00,basemarketvalue:0.0,adjustment:0.0,marketvalue:0.0,assessedvalue:0.0],adjustments:[]],taxable:true,totalareasqm:30000.0,totalareaha:3.0,rputype:\"land\",fullpin:\"100-01-0001-001-05\",totalbmv:3000.00,totalmv:3000.0,totalav:1200.0]','[]','[txntimestamp:\"201210328\",transmitted:false,lgutype:\"CITY\"]',NULL,NULL,'L-d97c0a6:13657caaf62:-7ff6',NULL),('F6a69f048:1367103ed2e:-7ffb','faas','1.0','CURRENT',NULL,NULL,'[datacapture:true,prevmv:0.00,prevav:0.00,effectivityqtr:1,memoranda:\"REVISED PURSUANT TO R.A. 7160\",autonumber:false,backtaxyrs:0,claimno:\"-\",annotated:false,txn:[txntype:\"DC\",caption:\"Data Capture\"],txntype:\"DC\",tdno:\"2012-01-1000-10001\",issuedate:\"2012-01-01\",effectivityyear:2012,appraisedbyid:\"PERSNL-77eb9ad:1362de475cb:-7ffa\",appraisedby:\"ESCARIO, REX \",appraisedbytitle:\"RPT APPRAISER\",dtappraised:\"2012-01-01\",recommendedbyid:\"PERSNL-261cc787:13661fb74d2:-7ff6\",recommendedby:\"ZAMORA, JESSIE \",recommendedbytitle:\"CITY ASSESSOR\",dtrecommended:\"2012-01-01\",approvedbyid:\"PERSNL-12f70615:1362b0b3421:-7ffa\",approvedby:\"VERGARA, JAYROME \",approvedbytitle:\"APPROVER\",dtapproved:\"2012-01-01\",taxpayerid:\"E6a69f048:1367103ed2e:-7ffa\",taxpayerno:\"00010\",taxpayername:\"CABANTAN, GRACE\",taxpayeraddress:\"CEBU CITY\",ownername:\"CABANTAN, GRACE\",owneraddress:\"CEBU CITY\"]','[lgutype:\"CITY\",attributes:[],autonumber:\"0\",pintype:\"new\",barangayid:\"100-01-0001\",barangay:\"BRGY 1\",barangayindex:\"0001\",munidistrictid:\"100-01\",section:\"002\",parcel:\"01\",provcity:\"TAGBILARAN\",provcityindex:\"100\",munidistrict:\"DISTRICT 1\",munidistrictindex:\"01\",pin:\"100-01-0001-002-01\",cadastrallotno:\"1234\",north:\"SOUTH OF LOT 1\",east:\"WEST OF LOT 2\",south:\"NORTH OF LOT 3\",west:\"EAST OF LOT 4\"]','[ry:2010,classid:\"PC-62eb6464:13642754aed:-7ff9\",classcode:\"AGR\",classname:\"AGRICULTURAL\",suffix:0,info:[taxable:true,totalbmv:0.0,totalmv:0.0,totalav:0.0,totalareasqm:0.0,totalareaha:0.0,useswornamount:false,idleland:false,landvalueadjustment:0.0,landdetails:[[objid:\"LDc6ffcc8:13671083bae:-7ff3\",basevalue:1000.00,unitvalue:1000.00,taxable:true,basemarketvalue:2000.00,marketvalue:2.00E+3,adjustment:0.0,landvalueadjustment:0.0,actualuseadjustment:0.0,assesslevel:40.00,assessedvalue:8E+2,areasqm:20000.0,areaha:2.00,landadjustments:[],adjustments:[],subclass:[specificclasscode:\"CL\",subclassid:\"SC-ab8144b:1364cfce92b:-78fb\",areatype:\"HA\",specificclassname:\"COCO LAND\",subclassname:\"FIRST CLASS\",subclasscode:\"CL1\",actualusecode:\"AGR\",actualusename:\"AGRICULTURAL\",basevalue:1000.00,actualuseid:\"PC-62eb6464:13642754aed:-7ff9\",specificclassid:\"SC-ab8144b:1364cfce92b:-7972\"],subclassid:\"SC-ab8144b:1364cfce92b:-78fb\",subclasscode:\"CL1\",subclassname:\"FIRST CLASS\",specificclassid:\"SC-ab8144b:1364cfce92b:-7972\",specificclasscode:\"CL\",specificclassname:\"COCO LAND\",areatype:\"HA\",actualuseid:\"PC-62eb6464:13642754aed:-7ff9\",actualusecode:\"AGR\",actualusename:\"AGRICULTURAL\",al:[assesslevelcode:\"AGR\",assesslevelid:\"AL5a8175e8:1364cd23a8e:-7ff9\",assesslevelname:\"AGRICULTURAL\"],assesslevelid:\"AL5a8175e8:1364cd23a8e:-7ff9\",assesslevelcode:\"AGR\",assesslevelname:\"AGRICULTURAL\",area:2.00]],landtotal:[areasqm:20000.0,areaha:2.0,basemarketvalue:2000.00,adjustment:0.0,marketvalue:2000.0,assessedvalue:800.0],planttrees:[],planttotal:[bearing:0.00,nonbearing:0.00,basemarketvalue:0.0,adjustment:0.0,marketvalue:0.0,assessedvalue:0.0],adjustments:[]],taxable:true,totalareasqm:20000.0,totalareaha:2.0,rputype:\"land\",fullpin:\"100-01-0001-002-01\",totalbmv:2000.00,totalmv:2000.0,totalav:800.0]','[]','[txntimestamp:\"201210101\",transmitted:false,lgutype:\"CITY\"]',NULL,NULL,'L6a69f048:1367103ed2e:-7ff5',NULL),('FA-d97c0a6:13657caaf62:-7f6e','faas','1.0','CURRENT',NULL,NULL,'[datacapture:false,prevmv:7.5000E+5,prevav:6E+5,effectivityqtr:1,memoranda:\"SUBDIVISION\",autonumber:false,backtaxyrs:0,claimno:\"-\",annotated:false,txn:[txntype:\"SD\",caption:\"Subdivision\"],txntype:\"SD\",landfaasid:\"F-d97c0a6:13657caaf62:-7f6f\",landfaastaxpayerid:\"E2a8c8a24:1363832b9dd:-7ffa\",taxable:true,totalbmv:0.0,totalmv:0.0,totalav:0.0,totalareasqm:0.0,totalareaha:0.0,useswornamount:false,issuedate:\"2012-03-28\",effectivityyear:2012,appraisedbyid:\"RPTO-62eb6464:13642754aed:-7fd9\",appraisedby:\"ELMO NAZARENO\",appraisedbytitle:\"LAOO\",dtappraised:\"2012-03-28\",approvedbyid:\"RPTO-62eb6464:13642754aed:-7fdb\",approvedby:\"REX ESCARIO\",approvedbytitle:\"MUNICIPAL ASSESSOR\",dtapproved:\"2012-03-28\",taxpayerid:\"E-12f70615:1362b0b3421:-7fed\",taxpayerno:\"00001\",taxpayername:\"VERGARA, JAYROME\",taxpayeraddress:\"CEBU CITY\",ownername:\"VERGARA, JAYROME\",owneraddress:\"CEBU CITY\",tdno:\"10-01-4000\",prevtdno:\"10-01-100000\",prevpin:\"100-01-0001-001-01-1001\",prevowner:\"VERGARA, JAYROME\",prevtaxpayerid:\"E-12f70615:1362b0b3421:-7fed\",recommendedby:\"WINDHEL PALEN\",recommendedbytitle:\"RECOMMENDING OFFICER\",dtrecommended:\"2012-03-28\"]','[attributes:[],lgutype:\"CITY\",autonumber:\"0\",pintype:\"new\",munidistrict:\"DISTRICT 1\",barangay:\"BRGY 1\",provcityindex:\"100\",barangayid:\"100-01-0001\",munidistrictindex:\"01\",barangayindex:\"0001\",provcity:\"TAGBILARAN\",cadastrallotno:\"1234\",north:\"-\",east:\"-\",south:\"-\",west:\"-\",section:\"01\",parcel:\"06\",pin:\"100-01-0001-01-06\"]','[ry:2010,classid:\"PC-62eb6464:13642754aed:-7ff8\",classcode:\"RES\",classname:\"RESIDENTIAL\",suffix:1001,info:[totalarea:200.00,depreciation:0.00,depreciationvalue:0.0,totaladjustment:0.0,swornstatement:false,swornamount:0.0,predominant:false,firstfloorbasevalue:3750.00,floorcount:1,bldgage:0,condominium:false,autocomputebldgdepreciation:false,depreciatecoreanditemseparately:false,bldguses:[[objid:\"BU56f5576c:13657cc132b:-6c37\",area:200.00,basevalue:0.0,basemarketvalue:750000.00,adjustment:0.0,depreciationvalue:0.0,marketvalue:7.5000E+5,assesslevel:80.00,assessedvalue:6E+5,floors:[[storeyrate:100.0,adjustment:0.0,basevalue:3750.00,unitvalue:3750.00,basemarketvalue:750000.00,depreciationvalue:0.00,marketvalue:750000.00,assesslevel:0.00,assessedvalue:0.00,additionalitems:[],floorno:1,area:200.00,objid:\"BF56f5576c:13657cc132b:-6c24\"]],actualuse:[ranges:[[mvfrom:0.0,mvto:30000.00,rate:15.00],[mvfrom:30000.00,mvto:100000.00,rate:20.00],[mvfrom:100000.00,mvto:500000.00,rate:30.00],[mvfrom:500000.00,mvto:999999999999.00,rate:80.00]],actualusecode:\"RES\",fixrate:false,actualusename:\"RESIDENTIAL\",actualuseid:\"AL-62eb6464:13642754aed:-7fa0\",rate:0.00]]],bldgstructures:[],residualrate:0.0,assesslevel:0.0,percentcompleted:100.00,useswornamount:false,bldgtype:[calcbldgagebasedondtoccupied:0,straightdepreciation:1,predominant:false,bldgtypename:\"TEST TYPE C\",bldgtypeid:\"BT-61115de5:13649793e30:-3e23\",depreciations:[],depreciatecoreanditemseparately:false,computedepreciationbasedonschedule:false,multistoreyadjustments:[],bldgtypecode:\"IC\",basevaluetype:\"fix\",residualrate:0.00],bldgkind:null,bldgkindbucc:[bldgkindcode:\"IA-2S\",maxbasevalue:0.00,minarea:0.00,maxarea:0.00,basevalue:3750.00,bldgkindname:\"TWO FAMILY DWELLING\",gapvalue:0,basevaluetype:\"fix\",bldgkindid:\"KBLDG-62eb6464:13642754aed:-7ff0\",minbasevalue:0.00,bldgkindbuccid:\"BU52647b4a:13642a8c8a1:-2417\"]],taxable:true,totalareasqm:200.00,totalareaha:0.0,rputype:\"bldg\",fullpin:\"100-01-0001-01-06-1001\",bldgstructures:[[structureid:\"ST-62eb6464:13642754aed:-7fe9\",materialname:null,structurecode:\"BEM\",materialid:null,materialcode:null,structurename:\"BEAMS\",objid:\"BS-5dfc4b9f:13651f0a0de:-7fb5\"],[structureid:\"ST33f47dbb:132fa9e0bc9:-7f9d\",materialname:null,structurecode:\"FL\",materialid:null,materialcode:null,structurename:\"FLOORING\",objid:\"BS-5dfc4b9f:13651f0a0de:-7fb4\"],[structureid:\"ST33f47dbb:132fa9e0bc9:-7fa3\",structurecode:\"FO\",structurename:\"FOUNDATION\",objid:\"BS-5dfc4b9f:13651f0a0de:-7fb3\"],[structureid:\"ST33f47dbb:132fa9e0bc9:-7f9f\",structurecode:\"PT\",structurename:\"PARTITION\",objid:\"BS-5dfc4b9f:13651f0a0de:-7fb2\"],[structureid:\"ST33f47dbb:132fa9e0bc9:-7fa1\",structurecode:\"RF\",structurename:\"ROOFING\",objid:\"BS-5dfc4b9f:13651f0a0de:-7fb1\"]],issuedate:\"2010-01-01\",totalbmv:750000.00,totalmv:7.5000E+5,totalav:6E+5]','[[faasid:\"F-5dfc4b9f:13651f0a0de:-7fb6\",tdno:\"10-01-100000\"]]','[txntimestamp:\"201010101\",transmitted:false,lgutype:\"CITY\"]',NULL,NULL,'L-d97c0a6:13657caaf62:-7fdf',NULL);

/*Table structure for table `faasannotation` */

DROP TABLE IF EXISTS `faasannotation`;

CREATE TABLE `faasannotation` (
  `objid` varchar(50) NOT NULL,
  `schemaname` varchar(50) NOT NULL,
  `schemaversion` varchar(5) NOT NULL,
  `docstate` varchar(25) NOT NULL,
  `doctype` varchar(50) NOT NULL,
  `opener` varchar(25) NOT NULL,
  `docno` varchar(15) NOT NULL,
  `fileno` varchar(30) NOT NULL,
  `faasid` varchar(50) NOT NULL,
  `tdno` varchar(25) NOT NULL,
  `fullpin` varchar(25) NOT NULL,
  `cadastrallotno` varchar(200) NOT NULL,
  `surveyno` varchar(50) default NULL,
  `blockno` varchar(50) default NULL,
  `ownername` varchar(1000) NOT NULL,
  `submittedby` varchar(50) default NULL,
  `submittedbytitle` varchar(50) default NULL,
  `dtsubmitted` date default NULL,
  `signedby` varchar(50) default NULL,
  `signedbytitle` varchar(50) default NULL,
  `dtsigned` date default NULL,
  `approvedby` varchar(50) default NULL,
  `approvedbytitle` varchar(50) default NULL,
  `dtapproved` date default NULL,
  `memoranda` varchar(1000) default NULL,
  `orno` varchar(10) NOT NULL,
  `ordate` date NOT NULL,
  `oramount` decimal(12,2) NOT NULL,
  `details` varchar(250) default NULL,
  `extended` text NOT NULL,
  PRIMARY KEY  (`objid`)
) ENGINE=InnoDB DEFAULT CHARSET=latin1;

/*Data for the table `faasannotation` */

insert  into `faasannotation`(`objid`,`schemaname`,`schemaversion`,`docstate`,`doctype`,`opener`,`docno`,`fileno`,`faasid`,`tdno`,`fullpin`,`cadastrallotno`,`surveyno`,`blockno`,`ownername`,`submittedby`,`submittedbytitle`,`dtsubmitted`,`signedby`,`signedbytitle`,`dtsigned`,`approvedby`,`approvedbytitle`,`dtapproved`,`memoranda`,`orno`,`ordate`,`oramount`,`details`,`extended`) values ('A-3bcd7395:136585a9dee:-7ff0','annotation','1.0','APPROVED','bailbond','bailbond','00002','1234','F-a5683f2:136571474b2:-7fc7','2010-01-0001-00005','100-01-0001-001-05','1234',NULL,NULL,'FLORES, WORGIE','MAGLASANG, JERSON',NULL,'2012-03-28','JESSIE ZAMORA','CITY ASSESSOR','2012-02-02','MAGLASANG, JERSON',NULL,'2012-03-28','BAILBOND FOR RAPE CASE UNDER CRIMINAL CASE NO. 123','1234','2012-02-02','40.00',NULL,'[defendant:\"FLORES, WORGIE\",totalmv:3000.00,branchno:\"RTC BRANCH 50\",classcode:\"AGR\",plaintiff:\"PEOPLE OF THE PHILIPPINES\",caseno:\"12\",issuedate:\"2010-01-01\",totalav:1200.00,owneraddress:\"CEBU CITY\"]'),('A-3bcd7395:136585a9dee:-7ff6','annotation','1.0','CANCELLED','mortgage','mortgage','00001','1234','F-a5683f2:136571474b2:-7fc7','2010-01-0001-00005','100-01-0001-001-05','1234',NULL,NULL,'FLORES, WORGIE','MAGLASANG, JERSON',NULL,'2012-03-28','JESSIE ZAMORA','CITY ASSESSOR','2012-02-02','MAGLASANG, JERSON',NULL,'2012-03-28','MORTGAGE TO RURAL BANK OF BOHOL','1234','2012-02-02','30.00',NULL,'[mortgagedate:\"2012-02-01\",loanamount:50000.00,totalmv:3000.00,classcode:\"AGR\",mortgageby:\"FLORES, WORGIE\",issuedate:\"2010-01-01\",totalav:1200.00,owneraddress:\"CEBU CITY\",bank:\"NAZARENO, ELMO\"]');

/*Table structure for table `faasannotationtype` */

DROP TABLE IF EXISTS `faasannotationtype`;

CREATE TABLE `faasannotationtype` (
  `objid` varchar(50) NOT NULL,
  `schemaname` varchar(50) NOT NULL,
  `schemaversion` varchar(5) NOT NULL,
  `annotationtypecode` varchar(10) NOT NULL,
  `annotationtype` varchar(100) NOT NULL,
  PRIMARY KEY  (`objid`),
  UNIQUE KEY `annotationtypecode` (`annotationtypecode`),
  UNIQUE KEY `annotationtype` (`annotationtype`)
) ENGINE=InnoDB DEFAULT CHARSET=latin1;

/*Data for the table `faasannotationtype` */

insert  into `faasannotationtype`(`objid`,`schemaname`,`schemaversion`,`annotationtypecode`,`annotationtype`) values ('LS','faasannotationtype','1.0','LP','LES PENDIENS'),('NL','faasannotationtype','1.0','NL','NOTICE OF LEVY'),('WL','faasannotationtype','1.0','WL','WARRANT OF LEVY');

/*Table structure for table `faasattachment` */

DROP TABLE IF EXISTS `faasattachment`;

CREATE TABLE `faasattachment` (
  `objid` varchar(50) NOT NULL,
  `faasid` varchar(50) NOT NULL,
  `docstate` varchar(25) NOT NULL,
  `type` varchar(100) default NULL,
  `filename` varchar(250) default NULL,
  `directory` varchar(250) default NULL,
  `refno` varchar(50) default NULL,
  `refdate` date default NULL,
  `remarks` text,
  `message` varchar(250) default NULL,
  PRIMARY KEY  (`objid`)
) ENGINE=InnoDB DEFAULT CHARSET=latin1;

/*Data for the table `faasattachment` */

/*Table structure for table `faaslist` */

DROP TABLE IF EXISTS `faaslist`;

CREATE TABLE `faaslist` (
  `objid` varchar(50) NOT NULL,
  `schemaname` varchar(50) NOT NULL,
  `schemaversion` varchar(5) NOT NULL,
  `docstate` varchar(25) NOT NULL,
  `datacapture` int(11) NOT NULL,
  `autonumber` int(11) NOT NULL,
  `claimno` varchar(25) default NULL,
  `backtaxyrs` int(11) NOT NULL,
  `landfaasid` varchar(50) default NULL,
  `landfaastaxpayerid` varchar(50) default NULL,
  `txntype` varchar(5) NOT NULL,
  `tdno` varchar(25) default NULL,
  `prevtdno` varchar(200) default NULL,
  `issuedate` date NOT NULL,
  `effectivityyear` int(11) NOT NULL,
  `effectivityqtr` int(11) NOT NULL,
  `titleno` varchar(50) default NULL,
  `titletype` varchar(10) default NULL,
  `titledate` date default NULL,
  `prevtaxpayerid` varchar(50) default NULL,
  `taxpayerid` varchar(50) NOT NULL,
  `taxpayerno` varchar(25) NOT NULL,
  `taxpayername` varchar(500) NOT NULL,
  `taxpayeraddress` varchar(100) NOT NULL,
  `administratorid` varchar(50) default NULL,
  `administratorno` varchar(25) default NULL,
  `administratorname` varchar(100) default NULL,
  `administratoraddress` varchar(100) default NULL,
  `appraisedby` varchar(75) NOT NULL,
  `appraisedbytitle` varchar(30) NOT NULL,
  `recommendedby` varchar(75) default NULL,
  `recommendedbytitle` varchar(30) default NULL,
  `approvedby` varchar(75) NOT NULL,
  `approvedbytitle` varchar(30) NOT NULL,
  `rputype` varchar(10) NOT NULL,
  `ry` int(11) NOT NULL,
  `fullpin` varchar(30) NOT NULL,
  `classid` varchar(50) NOT NULL,
  `classcode` varchar(5) NOT NULL,
  `taxable` int(11) NOT NULL,
  `totalareasqm` decimal(18,6) NOT NULL,
  `totalareaha` decimal(18,6) NOT NULL,
  `totalmv` decimal(14,2) NOT NULL,
  `totalav` decimal(14,2) NOT NULL,
  `pintype` varchar(5) NOT NULL,
  `pin` varchar(30) NOT NULL,
  `provcityindex` varchar(5) NOT NULL,
  `munidistrictindex` varchar(5) NOT NULL,
  `barangayindex` varchar(5) NOT NULL,
  `provcity` varchar(50) NOT NULL,
  `munidistrict` varchar(50) NOT NULL,
  `barangay` varchar(50) NOT NULL,
  `cadastrallotno` varchar(200) NOT NULL,
  `blockno` varchar(25) default NULL,
  `surveyno` varchar(200) default NULL,
  `cancelreason` varchar(25) default NULL,
  `canceldate` date default NULL,
  `cancelledbytdnos` varchar(250) default NULL,
  `ledgerid` varchar(50) default NULL,
  `barangayid` varchar(50) default NULL,
  `ownername` varchar(500) NOT NULL,
  `owneraddress` varchar(100) NOT NULL,
  `txntimestamp` varchar(25) NOT NULL,
  `section` varchar(3) NOT NULL,
  `parcel` varchar(3) NOT NULL,
  `memoranda` varchar(1000) NOT NULL,
  `exemptid` varchar(50) default NULL,
  `exemptcode` varchar(10) default NULL,
  `annotated` int(11) NOT NULL,
  `restriction` varchar(30) default NULL,
  `message` text,
  PRIMARY KEY  (`objid`),
  KEY `ix_brgy_state_section_taxable` (`barangayid`,`docstate`,`section`,`taxable`),
  KEY `ix_faaslist_barangayid_docstate` (`barangayid`,`docstate`),
  KEY `ix_txntimestamp_docstate` (`txntimestamp`,`docstate`),
  KEY `FK_faaslist` (`taxpayerid`),
  KEY `ix_faaslist_annotated` (`annotated`),
  KEY `ix_faaslist_prevtdno_ry` (`prevtdno`,`ry`),
  KEY `ix_faaslist_prevtdno` (`prevtdno`),
  KEY `ix_faaslist_rydocstate` (`ry`,`docstate`),
  KEY `ix_faaslist_timestamp_docstate_taxable` (`txntimestamp`,`docstate`,`taxable`),
  CONSTRAINT `FK_faaslist` FOREIGN KEY (`taxpayerid`) REFERENCES `entity` (`objid`)
) ENGINE=InnoDB DEFAULT CHARSET=latin1;

/*Data for the table `faaslist` */

insert  into `faaslist`(`objid`,`schemaname`,`schemaversion`,`docstate`,`datacapture`,`autonumber`,`claimno`,`backtaxyrs`,`landfaasid`,`landfaastaxpayerid`,`txntype`,`tdno`,`prevtdno`,`issuedate`,`effectivityyear`,`effectivityqtr`,`titleno`,`titletype`,`titledate`,`prevtaxpayerid`,`taxpayerid`,`taxpayerno`,`taxpayername`,`taxpayeraddress`,`administratorid`,`administratorno`,`administratorname`,`administratoraddress`,`appraisedby`,`appraisedbytitle`,`recommendedby`,`recommendedbytitle`,`approvedby`,`approvedbytitle`,`rputype`,`ry`,`fullpin`,`classid`,`classcode`,`taxable`,`totalareasqm`,`totalareaha`,`totalmv`,`totalav`,`pintype`,`pin`,`provcityindex`,`munidistrictindex`,`barangayindex`,`provcity`,`munidistrict`,`barangay`,`cadastrallotno`,`blockno`,`surveyno`,`cancelreason`,`canceldate`,`cancelledbytdnos`,`ledgerid`,`barangayid`,`ownername`,`owneraddress`,`txntimestamp`,`section`,`parcel`,`memoranda`,`exemptid`,`exemptcode`,`annotated`,`restriction`,`message`) values ('F-5dfc4b9f:13651f0a0de:-7fb6','faas','1.0','CANCELLED',1,0,'-',0,'F-7d229091:1364f0c65c7:-7ff7','E-12f70615:1362b0b3421:-7fed','DC','10-01-100000',NULL,'2010-01-01',2011,1,NULL,NULL,NULL,NULL,'E-12f70615:1362b0b3421:-7fed','00001','VERGARA, JAYROME','CEBU CITY',NULL,NULL,NULL,NULL,'ELMO  NAZARENO','LAOO',NULL,NULL,'REX  ESCARIO','MUNICIPAL ASSESSOR','bldg',2010,'100-01-0001-001-01-1001','PC-62eb6464:13642754aed:-7ff8','RES',1,'200.000000','0.000000','750000.00','600000.00','new','100-01-0001-001-01','100','01','0001','TAGBILARAN','DISTRICT 1','BRGY 1','1234',NULL,NULL,'SD','2012-03-28','10-01-4000','L-d97c0a6:13657caaf62:-7fdf','100-01-0001','VERGARA, JAYROME','CEBU CITY','201010101','001','01','REVISED PURSUANT TO R.A. 7160',NULL,NULL,0,NULL,NULL),('F-5dfc4b9f:13651f0a0de:-7ff7','faas','1.0','CANCELLED',1,0,'-',0,NULL,NULL,'DC','10-0001-00001',NULL,'2010-01-01',2011,1,NULL,NULL,NULL,NULL,'E-5dfc4b9f:13651f0a0de:-7ff9','00009','SPS. OBERES, MIKOY AND ESCARIO, REX','CEBU CITY',NULL,NULL,NULL,NULL,'ELMO  NAZARENO','LAOO','WINDHEL  PALEN','RECOMMENDING OFFICER','REX  ESCARIO','MUNICIPAL ASSESSOR','land',2010,'100-01-0001-001-02','PC-62eb6464:13642754aed:-7ff9','AGR',1,'21000.000000','2.100000','2130.00','850.00','new','100-01-0001-001-02','100','01','0001','TAGBILARAN','DISTRICT 1','BRGY 1','1234',NULL,NULL,'TRE','2012-03-28','2010-01-0001-00002','L-5dfc4b9f:13651f0a0de:-7ff2','100-01-0001','SPS. OBERES, MIKOY AND ESCARIO, REX','CEBU CITY','201010101','001','02','REVISED PURSUANT TO R.A. 7160',NULL,NULL,0,NULL,NULL),('F-64adc1db:136e1effa44:-7ff3','faas','1.0','CURRENT',1,0,'-',0,NULL,NULL,'DC','2012-0001-123',NULL,'2012-01-01',2012,1,NULL,NULL,NULL,NULL,'E4eb9968d:13639066586:-7ff4','00007','LAURON, ROMMEL','CEBU CITY',NULL,NULL,NULL,NULL,'RAMOS, MIKE ','RPT APPRAISER','LAURON, ROMMEL ','CITY ASSESSOR','ZAMORA, JESSIE ','APPROVER','land',2010,'100-01-0001-003-01','PC-62eb6464:13642754aed:-7ff9','AGR',1,'10000.000000','1.000000','1000.00','400.00','new','100-01-0001-003-01','100','01','0001','TAGBILARAN','DISTRICT 1','BRGY 1','1234',NULL,NULL,NULL,NULL,NULL,'L-64adc1db:136e1effa44:-7fe7','100-01-0001','LAURON, ROMMEL','CEBU CITY','201210101','003','01','REVISED PURSUANT TO R.A. 7160',NULL,NULL,0,NULL,NULL),('F-7d229091:1364f0c65c7:-7ff7','faas','1.0','CANCELLED',1,0,'-',0,NULL,NULL,'DC','100-001001',NULL,'2010-01-01',2011,1,NULL,NULL,NULL,NULL,'E-12f70615:1362b0b3421:-7fed','00001','VERGARA, JAYROME','CEBU CITY',NULL,NULL,NULL,NULL,'ELMO  NAZARENO','LAOO',NULL,NULL,'REX  ESCARIO','MUNICIPAL ASSESSOR','land',2010,'100-01-0001-001-01','PC-62eb6464:13642754aed:-7ff9','AGR',1,'20000.000000','2.000000','2000.00','800.00','new','100-01-0001-001-01','100','01','0001','TAGBILARAN','DISTRICT 1','BRGY 1','1234',NULL,NULL,'SD','2012-03-28','2010-01-0001-00008','L43e81b93:1364f33e257:-7ffc','100-01-0001','VERGARA, JAYROME','CEBU CITY','201010101','001','01','REVISED PURSUANT TO R.A. 7160',NULL,NULL,0,NULL,NULL),('F-a5683f2:136571474b2:-7fc7','faas','1.0','CURRENT',0,1,'-',10,NULL,NULL,'ND','2010-01-0001-00005',NULL,'2010-01-01',2011,1,NULL,NULL,NULL,NULL,'E2a8c8a24:1363832b9dd:-7fb9','00006','FLORES, WORGIE','CEBU CITY',NULL,NULL,NULL,NULL,'ELMO  NAZARENO','LAOO',NULL,NULL,'REX  ESCARIO','MUNICIPAL ASSESSOR','land',2010,'100-01-0001-001-05','PC-62eb6464:13642754aed:-7ff9','AGR',1,'30000.000000','3.000000','3000.00','1200.00','new','100-01-0001-001-05','100','01','0001','TAGBILARAN','DISTRICT 1','BRGY 1','1234',NULL,NULL,NULL,NULL,NULL,'L-a5683f2:136571474b2:-7fc3','100-01-0001','FLORES, WORGIE','CEBU CITY','201010101','001','05','REVISED PURSUANT TO R.A. 7160',NULL,NULL,1,NULL,NULL),('F-a5683f2:136571474b2:-7fd0','faas','1.0','CURRENT',0,1,'-',0,NULL,NULL,'RE','2010-01-0001-00004','2010-01-0001-00003','2012-03-28',2013,1,NULL,'TCT',NULL,'E2a8c8a24:1363832b9dd:-7fea','E2a8c8a24:1363832b9dd:-7fea','00005','ESCARIO, REX','CEBU CITY',NULL,NULL,NULL,NULL,'ELMO  NAZARENO','LAOO','WINDHEL  PALEN','RECOMMENDING OFFICER','REX  ESCARIO','MUNICIPAL ASSESSOR','land',2010,'100-01-0001-001-02','PC-62eb6464:13642754aed:-7ff9','AGR',1,'21000.000000','2.100000','1860.00','580.00','new','100-01-0001-001-02','100','01','0001','TAGBILARAN','DISTRICT 1','BRGY 1','1234',NULL,NULL,NULL,NULL,NULL,'L-5dfc4b9f:13651f0a0de:-7ff2','100-01-0001','ESCARIO, REX','CEBU CITY','201210328','001','02','RE AS PER ...',NULL,NULL,0,NULL,NULL),('F-a5683f2:136571474b2:-7fda','faas','1.0','CANCELLED',0,1,'-',0,NULL,NULL,'CE','2010-01-0001-00003','2010-01-0001-00002','2012-03-28',2013,1,NULL,'TCT',NULL,'E2a8c8a24:1363832b9dd:-7fea','E2a8c8a24:1363832b9dd:-7fea','00005','ESCARIO, REX','CEBU CITY',NULL,NULL,NULL,NULL,'ELMO  NAZARENO','LAOO','WINDHEL  PALEN','RECOMMENDING OFFICER','REX  ESCARIO','MUNICIPAL ASSESSOR','land',2010,'100-01-0001-001-02','PC-62eb6464:13642754aed:-7ff9','AGR',1,'21000.000000','2.100000','1880.00','600.00','new','100-01-0001-001-02','100','01','0001','TAGBILARAN','DISTRICT 1','BRGY 1','1234',NULL,NULL,'RE','2012-03-28','2010-01-0001-00004','L-5dfc4b9f:13651f0a0de:-7ff2','100-01-0001','ESCARIO, REX','CEBU CITY','201210328','001','02','CE AS PER REQUESTED BY OWNER',NULL,NULL,0,NULL,NULL),('F-a5683f2:136571474b2:-7fe3','faas','1.0','CANCELLED',0,1,'-',0,NULL,NULL,'TRE','2010-01-0001-00002','2010-01-0001-00001','2012-03-28',2012,1,NULL,'TCT',NULL,'E-12f70615:1362b0b3421:-7fed','E2a8c8a24:1363832b9dd:-7fea','00005','ESCARIO, REX','CEBU CITY',NULL,NULL,NULL,NULL,'ELMO  NAZARENO','LAOO','WINDHEL  PALEN','RECOMMENDING OFFICER','REX  ESCARIO','MUNICIPAL ASSESSOR','land',2010,'100-01-0001-001-02','PC-62eb6464:13642754aed:-7ff9','AGR',1,'21000.000000','2.100000','1880.00','600.00','new','100-01-0001-001-02','100','01','0001','TAGBILARAN','DISTRICT 1','BRGY 1','1234',NULL,NULL,'CE','2012-03-28','2010-01-0001-00003','L-5dfc4b9f:13651f0a0de:-7ff2','100-01-0001','ESCARIO, REX','CEBU CITY','201210328','001','02','TRANSFER WITH RE-ASSESSMENT AS PER ...',NULL,NULL,0,NULL,NULL),('F-a5683f2:136571474b2:-7ffc','faas','1.0','CANCELLED',0,1,'-',0,NULL,NULL,'TR','2010-01-0001-00001','10-0001-00001','2012-03-28',2012,1,NULL,'TCT',NULL,'E-5dfc4b9f:13651f0a0de:-7ff9','E-12f70615:1362b0b3421:-7fed','00001','VERGARA, JAYROME','CEBU CITY',NULL,NULL,NULL,NULL,'ELMO  NAZARENO','LAOO','WINDHEL  PALEN','RECOMMENDING OFFICER','REX  ESCARIO','MUNICIPAL ASSESSOR','land',2010,'100-01-0001-001-02','PC-62eb6464:13642754aed:-7ff9','AGR',1,'21000.000000','2.100000','2130.00','850.00','new','100-01-0001-001-02','100','01','0001','TAGBILARAN','DISTRICT 1','BRGY 1','1234',NULL,NULL,'TRE','2012-03-28','2010-01-0001-00002','L-5dfc4b9f:13651f0a0de:-7ff2','100-01-0001','VERGARA, JAYROME','CEBU CITY','201210328','001','02','TRANSFER AS PER ...',NULL,NULL,0,NULL,NULL),('F-d97c0a6:13657caaf62:-7f61','faas','1.0','CURRENT',0,1,'-',0,NULL,NULL,'CS','2010-01-0001-00009','10-0001-5000,10-01-9000','2012-03-28',2012,1,NULL,NULL,NULL,NULL,'E2a8c8a24:1363832b9dd:-7ffa','00004','ZAMORA, JESSIE','CEBU CITY',NULL,NULL,NULL,NULL,'ELMO NAZARENO','LAOO','WINDHEL PALEN','RECOMMENDING OFFICER','REX ESCARIO','MUNICIPAL ASSESSOR','land',2010,'100-01-0001-01-10','PC-62eb6464:13642754aed:-7ff9','AGR',0,'20000.000000','2.000000','1750.00','700.00','new','100-01-0001-01-10','100','01','0001','TAGBILARAN','DISTRICT 1','BRGY 1','1234',NULL,NULL,NULL,NULL,NULL,'L-d97c0a6:13657caaf62:-7f60','100-01-0001','ZAMORA, JESSIE','CEBU CITY','201210328','01','10','CONSOLIDATION',NULL,NULL,0,NULL,NULL),('F-d97c0a6:13657caaf62:-7f6d','faas','1.0','CURRENT',0,1,'-',0,NULL,NULL,'SD','2010-01-0001-00008','100-001001','2012-03-28',2012,1,NULL,NULL,NULL,NULL,'E4eb9968d:13639066586:-7ff4','00007','LAURON, ROMMEL','CEBU CITY',NULL,NULL,NULL,NULL,'ELMO NAZARENO','LAOO','WINDHEL PALEN','RECOMMENDING OFFICER','REX ESCARIO','MUNICIPAL ASSESSOR','land',2010,'100-01-0001-01-07','PC-62eb6464:13642754aed:-7ff9','AGR',1,'10000.000000','1.000000','1000.00','400.00','new','100-01-0001-01-07','100','01','0001','TAGBILARAN','DISTRICT 1','BRGY 1','1234',NULL,NULL,NULL,NULL,NULL,'L-d97c0a6:13657caaf62:-7f68','100-01-0001','LAURON, ROMMEL','CEBU CITY','201210328','01','07','SUBDIVISION',NULL,NULL,0,NULL,NULL),('F-d97c0a6:13657caaf62:-7f6f','faas','1.0','CURRENT',0,1,'-',0,NULL,NULL,'SD','2010-01-0001-00007','100-001001','2012-03-28',2012,1,NULL,NULL,NULL,NULL,'E2a8c8a24:1363832b9dd:-7ffa','00004','ZAMORA, JESSIE','CEBU CITY',NULL,NULL,NULL,NULL,'ELMO NAZARENO','LAOO','WINDHEL PALEN','RECOMMENDING OFFICER','REX ESCARIO','MUNICIPAL ASSESSOR','land',2010,'100-01-0001-01-06','PC-62eb6464:13642754aed:-7ff9','AGR',1,'10000.000000','1.000000','1000.00','400.00','new','100-01-0001-01-06','100','01','0001','TAGBILARAN','DISTRICT 1','BRGY 1','1234',NULL,NULL,NULL,NULL,NULL,'L-d97c0a6:13657caaf62:-7f6c','100-01-0001','ZAMORA, JESSIE','CEBU CITY','201210328','01','06','SUBDIVISION',NULL,NULL,0,NULL,NULL),('F-d97c0a6:13657caaf62:-7fa1','faas','1.0','CANCELLED',1,0,'-',0,NULL,NULL,'DC','10-01-9000',NULL,'2011-01-01',2011,1,NULL,NULL,NULL,NULL,'E4eb9968d:13639066586:-7ff4','00007','LAURON, ROMMEL','CEBU CITY',NULL,NULL,NULL,NULL,'ELMO  NAZARENO','LAOO',NULL,NULL,'REX  ESCARIO','MUNICIPAL ASSESSOR','land',2010,'100-01-0001-001-09','PC-62eb6464:13642754aed:-7ff9','AGR',1,'10000.000000','1.000000','750.00','300.00','new','100-01-0001-001-09','100','01','0001','TAGBILARAN','DISTRICT 1','BRGY 1','2134',NULL,NULL,'CS','2012-03-28','2010-01-0001-00009','L-d97c0a6:13657caaf62:-7f9d','100-01-0001','LAURON, ROMMEL','CEBU CITY','201110101','001','09','REVISED PURSUANT TO R.A. 7160',NULL,NULL,0,NULL,NULL),('F-d97c0a6:13657caaf62:-7fae','faas','1.0','CANCELLED',1,0,'-',0,NULL,NULL,'DC','10-0001-5000',NULL,'2010-01-01',2010,1,NULL,NULL,NULL,NULL,'E4eb9968d:13639066586:-7fc5','00008','CHIONG, EMERSON','CEBU CITY',NULL,NULL,NULL,NULL,'ELMO  NAZARENO','LAOO',NULL,NULL,'REX  ESCARIO','MUNICIPAL ASSESSOR','land',2010,'100-01-0001-001-08','PC-62eb6464:13642754aed:-7ff9','AGR',1,'10000.000000','1.000000','1000.00','400.00','new','100-01-0001-001-08','100','01','0001','TAGBILARAN','DISTRICT 1','BRGY 1','1234',NULL,NULL,'CS','2012-03-28','2010-01-0001-00009','L-d97c0a6:13657caaf62:-7fa6','100-01-0001','CHIONG, EMERSON','CEBU CITY','201010101','001','08','REVISED PURSUANT TO R.A. 7160',NULL,NULL,0,NULL,NULL),('F-d97c0a6:13657caaf62:-7ff1','faas','1.0','INTERIM',1,1,'-',0,'F-a5683f2:136571474b2:-7fd0','E2a8c8a24:1363832b9dd:-7fea','DC','10-01-0001-10000',NULL,'2012-01-01',2012,1,NULL,NULL,NULL,NULL,'E-12f70615:1362b0b3421:-7fed','00001','VERGARA, JAYROME','CEBU CITY',NULL,NULL,NULL,NULL,'ELMO  NAZARENO','LAOO',NULL,NULL,'REX  ESCARIO','MUNICIPAL ASSESSOR','bldg',2010,'100-01-0001-001-02-1001','PC-62eb6464:13642754aed:-7ff8','RES',1,'0.000000','0.000000','0.00','0.00','new','100-01-0001-001-02','100','01','0001','TAGBILARAN','DISTRICT 1','BRGY 1','1234',NULL,NULL,NULL,NULL,NULL,NULL,'100-01-0001','VERGARA, JAYROME','CEBU CITY','201210101','001','02','REVISED PURSUANT TO R.A. 7160',NULL,NULL,0,NULL,NULL),('F-d97c0a6:13657caaf62:-7ffa','faas','1.0','CURRENT',0,1,'2',10,NULL,NULL,'MC','2010-01-0001-00006',NULL,'2012-03-28',2013,1,NULL,NULL,NULL,NULL,'E-77eb9ad:1362de475cb:-7fa0','00002','OBERES, MIKOY','SAN CARLOS CITY',NULL,NULL,NULL,NULL,'ELMO  NAZARENO','LAOO',NULL,NULL,'REX  ESCARIO','MUNICIPAL ASSESSOR','land',2010,'100-01-0001-001-05','PC-62eb6464:13642754aed:-7ff9','AGR',1,'30000.000000','3.000000','3000.00','1200.00','new','100-01-0001-001-05','100','01','0001','TAGBILARAN','DISTRICT 1','BRGY 1','1234',NULL,NULL,NULL,NULL,NULL,'L-d97c0a6:13657caaf62:-7ff6','100-01-0001','OBERES, MIKOY','SAN CARLOS CITY','201210328','001','05','THIS LAND IS ALSO CLAIMED BY MIKOY OBERES',NULL,NULL,0,NULL,NULL),('F6a69f048:1367103ed2e:-7ffb','faas','1.0','CURRENT',1,0,'-',0,NULL,NULL,'DC','2012-01-1000-10001',NULL,'2012-01-01',2012,1,NULL,NULL,NULL,NULL,'E6a69f048:1367103ed2e:-7ffa','00010','CABANTAN, GRACE','CEBU CITY',NULL,NULL,NULL,NULL,'ESCARIO, REX ','RPT APPRAISER','ZAMORA, JESSIE ','CITY ASSESSOR','VERGARA, JAYROME ','APPROVER','land',2010,'100-01-0001-002-01','PC-62eb6464:13642754aed:-7ff9','AGR',1,'20000.000000','2.000000','2000.00','800.00','new','100-01-0001-002-01','100','01','0001','TAGBILARAN','DISTRICT 1','BRGY 1','1234',NULL,NULL,NULL,NULL,NULL,'L6a69f048:1367103ed2e:-7ff5','100-01-0001','CABANTAN, GRACE','CEBU CITY','201210101','002','01','REVISED PURSUANT TO R.A. 7160',NULL,NULL,0,NULL,NULL),('FA-d97c0a6:13657caaf62:-7f6e','faas','1.0','CURRENT',0,0,'-',0,'F-d97c0a6:13657caaf62:-7f6f','E2a8c8a24:1363832b9dd:-7ffa','SD','10-01-4000','10-01-100000','2012-03-28',2012,1,NULL,NULL,NULL,'E-12f70615:1362b0b3421:-7fed','E-12f70615:1362b0b3421:-7fed','00001','VERGARA, JAYROME','CEBU CITY',NULL,NULL,NULL,NULL,'ELMO NAZARENO','LAOO','WINDHEL PALEN','RECOMMENDING OFFICER','REX ESCARIO','MUNICIPAL ASSESSOR','bldg',2010,'100-01-0001-01-06-1001','PC-62eb6464:13642754aed:-7ff8','RES',1,'200.000000','0.000000','750000.00','600000.00','new','100-01-0001-01-06','100','01','0001','TAGBILARAN','DISTRICT 1','BRGY 1','1234',NULL,NULL,NULL,NULL,NULL,'L-d97c0a6:13657caaf62:-7fdf','100-01-0001','VERGARA, JAYROME','CEBU CITY','201010101','01','06','SUBDIVISION',NULL,NULL,0,NULL,NULL);

/*Table structure for table `filter` */

DROP TABLE IF EXISTS `filter`;

CREATE TABLE `filter` (
  `objid` varchar(50) NOT NULL,
  `name` varchar(250) NOT NULL,
  `refname` varchar(100) NOT NULL,
  `info` text NOT NULL,
  PRIMARY KEY  (`objid`),
  KEY `name` (`name`,`refname`)
) ENGINE=InnoDB DEFAULT CHARSET=latin1;

/*Data for the table `filter` */

insert  into `filter`(`objid`,`name`,`refname`,`info`) values ('F-2cfe6879:133cdb73d15:-7fe7','05 - CANCELLED','faas','[docstate:\"CANCELLED\"]'),('F-2cfe6879:133cdb73d15:-7fe8','04 - CURRENT','faas','[docstate:\"CURRENT\"]'),('F-2cfe6879:133cdb73d15:-7fe9','03 - FOR PROVINCE APPROVAL','faas','[docstate:\"FORPROVAPPROVAL\"]'),('F-2cfe6879:133cdb73d15:-7fea','02 - FOR APPROVAL','faas','[docstate:\"FORAPPROVAL\"]'),('INTERIM','01 - INTERIM','faas','[docstate:\"INTERIM\"]');

/*Table structure for table `form60setup` */

DROP TABLE IF EXISTS `form60setup`;

CREATE TABLE `form60setup` (
  `objid` varchar(50) NOT NULL,
  `items` text NOT NULL,
  PRIMARY KEY  (`objid`)
) ENGINE=InnoDB DEFAULT CHARSET=latin1;

/*Data for the table `form60setup` */

/*Table structure for table `fund` */

DROP TABLE IF EXISTS `fund`;

CREATE TABLE `fund` (
  `objid` varchar(50) NOT NULL,
  `schemaname` varchar(50) NOT NULL,
  `schemaversion` varchar(5) NOT NULL,
  `docstate` varchar(10) NOT NULL,
  `fund` varchar(50) NOT NULL,
  `subfund` varchar(100) NOT NULL,
  `fundname` varchar(150) NOT NULL,
  PRIMARY KEY  (`objid`)
) ENGINE=InnoDB DEFAULT CHARSET=latin1 CHECKSUM=1 DELAY_KEY_WRITE=1 ROW_FORMAT=DYNAMIC;

/*Data for the table `fund` */

insert  into `fund`(`objid`,`schemaname`,`schemaversion`,`docstate`,`fund`,`subfund`,`fundname`) values ('GENERAL','fund:fund','1.0','APPROVED','GENERAL','GENERAL','GENERAL'),('SEF','fund:fund','1.0','APPROVED','SEF','SEF','SEF'),('TRUST','fund:fund','1.0','APPROVED','TRUST','TRUST','TRUST');

/*Table structure for table `incomeaccount` */

DROP TABLE IF EXISTS `incomeaccount`;

CREATE TABLE `incomeaccount` (
  `objid` varchar(50) NOT NULL,
  `schemaname` varchar(50) NOT NULL,
  `schemaversion` varchar(5) NOT NULL,
  `docstate` varchar(25) NOT NULL,
  `acctno` varchar(25) default NULL,
  `accttitle` varchar(150) NOT NULL,
  `acctcode` varchar(50) default NULL,
  `defaultvalue` decimal(12,2) NOT NULL,
  `systype` varchar(25) default NULL,
  `ngasid` varchar(50) default NULL,
  `ngastitle` varchar(100) default NULL,
  `ngassubacctid` varchar(50) default NULL,
  `ngassubaccttitle` varchar(100) default NULL,
  `sreid` varchar(50) default NULL,
  `sretitle` varchar(100) default NULL,
  `sresubacctid` varchar(50) default NULL,
  `sresubaccttitle` varchar(100) default NULL,
  `fundid` varchar(50) default NULL,
  `fundname` varchar(150) default NULL,
  `amounttype` varchar(25) default NULL,
  `groupid` varchar(100) default NULL,
  PRIMARY KEY  (`objid`),
  UNIQUE KEY `ix_incomeacct_title` (`accttitle`)
) ENGINE=InnoDB DEFAULT CHARSET=latin1;

/*Data for the table `incomeaccount` */

insert  into `incomeaccount`(`objid`,`schemaname`,`schemaversion`,`docstate`,`acctno`,`accttitle`,`acctcode`,`defaultvalue`,`systype`,`ngasid`,`ngastitle`,`ngassubacctid`,`ngassubaccttitle`,`sreid`,`sretitle`,`sresubacctid`,`sresubaccttitle`,`fundid`,`fundname`,`amounttype`,`groupid`) values ('IA-3c544d8e:136bdf9ac02:-7fdd','incomeacct:incomeacct','1.0','APPROVED',NULL,'CTC - BASIC TAX',NULL,'0.00',NULL,NULL,NULL,NULL,NULL,NULL,'SECRETARY\'S FEES',NULL,NULL,'GENERAL','GENERAL',NULL,NULL),('IA-4184fe6b:135efbfb375:-7cc2','incomeacct:incomeacct','1.0','APPROVED',NULL,'PERMIT FEE (MEDICAL AIDE)',NULL,'100.00',NULL,NULL,NULL,NULL,NULL,NULL,NULL,NULL,NULL,'GENERAL','GENERAL','FIX',NULL),('IA-4184fe6b:135efbfb375:-7cc8','incomeacct:incomeacct','1.0','APPROVED',NULL,'PERMIT FEE (MATCHMAKER)',NULL,'100.00',NULL,NULL,NULL,NULL,NULL,NULL,NULL,NULL,NULL,'GENERAL','GENERAL','FIX',NULL),('IA-4184fe6b:135efbfb375:-7ccb','incomeacct:incomeacct','1.0','APPROVED',NULL,'PERMIT FEE (GAFFER)',NULL,'100.00',NULL,NULL,NULL,NULL,NULL,NULL,NULL,NULL,NULL,'GENERAL','GENERAL','FIX',NULL),('IA-4184fe6b:135efbfb375:-7cce','incomeacct:incomeacct','1.0','APPROVED',NULL,'PERMIT FEE (REFEREE)',NULL,'100.00',NULL,NULL,NULL,NULL,NULL,NULL,NULL,NULL,NULL,'GENERAL','GENERAL','FIX',NULL),('IA-4184fe6b:135efbfb375:-7cd4','incomeacct:incomeacct','1.0','APPROVED',NULL,'PERMIT FEE (BET TAKER)',NULL,'100.00',NULL,NULL,NULL,NULL,NULL,NULL,NULL,NULL,NULL,'GENERAL','GENERAL','FIX',NULL),('IA-4184fe6b:135efbfb375:-7cd7','incomeacct:incomeacct','1.0','APPROVED',NULL,'PERMIT FEE (BET MANAGER)',NULL,'100.00',NULL,NULL,NULL,NULL,NULL,NULL,NULL,NULL,NULL,'GENERAL','GENERAL','FIX',NULL),('IA-4184fe6b:135efbfb375:-7cda','incomeacct:incomeacct','1.0','APPROVED',NULL,'PERMIT FEE (COCKPIT MANAGER)',NULL,'500.00',NULL,NULL,NULL,NULL,NULL,NULL,NULL,NULL,NULL,'GENERAL','GENERAL','FIX',NULL),('IA-4184fe6b:135efbfb375:-7d46','incomeacct:incomeacct','1.0','APPROVED',NULL,'RENT OF CEMETERY (SUCCEEDING 5 YRS.)',NULL,'3360.00',NULL,NULL,NULL,NULL,NULL,NULL,'SECRETARY\'S FEES',NULL,NULL,'GENERAL','GENERAL','FIX',NULL),('IA-4184fe6b:135efbfb375:-7d49','incomeacct:incomeacct','1.0','APPROVED',NULL,'RENT OF CEMETERY (INDIGENT RESIDENT)',NULL,'1960.00',NULL,NULL,NULL,NULL,NULL,NULL,'SECRETARY\'S FEES',NULL,NULL,'GENERAL','GENERAL','FIX',NULL),('IA-4184fe6b:135efbfb375:-7d4c','incomeacct:incomeacct','1.0','APPROVED',NULL,'RENT OF CEMETERY (NON-RESIDENT DECEASED)',NULL,'4000.00',NULL,NULL,NULL,NULL,NULL,NULL,'SECRETARY\'S FEES',NULL,NULL,'GENERAL','GENERAL','FIX',NULL),('IA-4184fe6b:135efbfb375:-7d4f','incomeacct:incomeacct','1.0','APPROVED',NULL,'RENT OF CEMETERY (RESIDENT DECEASED)',NULL,'2800.00',NULL,NULL,NULL,NULL,NULL,NULL,'SECRETARY\'S FEES',NULL,NULL,'GENERAL','GENERAL','FIX',NULL),('IA-4184fe6b:135efbfb375:-7e96','incomeacct:incomeacct','1.0','APPROVED',NULL,'PERMIT FEES - COCKPIT',NULL,'0.00',NULL,NULL,NULL,NULL,NULL,NULL,NULL,NULL,NULL,'GENERAL','GENERAL',NULL,NULL),('IA-674651c6:135f4ea60bf:-7d40','incomeacct:incomeacct','1.0','APPROVED',NULL,'RENTAL OF NICHE',NULL,'0.00',NULL,NULL,NULL,NULL,NULL,NULL,NULL,NULL,NULL,'GENERAL','GENERAL',NULL,NULL),('IA-674651c6:135f4ea60bf:-7d43','incomeacct:incomeacct','1.0','APPROVED',NULL,'MAYORS PERMIT FEE FOR ELECTRICAL INSTALLATION',NULL,'50.00',NULL,NULL,NULL,NULL,NULL,NULL,NULL,NULL,NULL,'GENERAL','GENERAL','FIX',NULL),('IA-674651c6:135f4ea60bf:-7d4a','incomeacct:incomeacct','1.0','APPROVED',NULL,'RENTAL FOR THE USE OF THE MUNICIPAL COVERED GYM',NULL,'0.00',NULL,NULL,NULL,NULL,NULL,NULL,NULL,NULL,NULL,'GENERAL','GENERAL',NULL,NULL),('IA-674651c6:135f4ea60bf:-7d5b','incomeacct:incomeacct','1.0','APPROVED',NULL,'BUILDING PERMIT',NULL,'0.00',NULL,NULL,NULL,NULL,NULL,NULL,NULL,NULL,NULL,'GENERAL','GENERAL',NULL,NULL),('IA-674651c6:135f4ea60bf:-7d6e','incomeacct:incomeacct','1.0','APPROVED',NULL,'ZONING CLEARANCE FEE',NULL,'0.00',NULL,NULL,NULL,NULL,NULL,NULL,NULL,NULL,NULL,'GENERAL','GENERAL',NULL,NULL),('IA-674651c6:135f4ea60bf:-7dbc','incomeacct:incomeacct','1.0','APPROVED',NULL,'POLICE BLOTTER REPORT',NULL,'30.00',NULL,NULL,NULL,NULL,NULL,NULL,NULL,NULL,NULL,'GENERAL','GENERAL','FIX',NULL),('IA-77eb9ad:1362de475cb:-7f42','incomeacct:incomeacct','1.0','APPROVED',NULL,'MARKET COLLECTION',NULL,'0.00',NULL,NULL,NULL,NULL,NULL,NULL,'SECRETARY\'S FEES',NULL,NULL,'GENERAL','GENERAL',NULL,NULL),('IA-77eb9ad:1362de475cb:-7f79','incomeacct:incomeacct','1.0','APPROVED',NULL,'PARKING FEE',NULL,'0.00',NULL,NULL,NULL,NULL,NULL,NULL,'SECRETARY\'S FEES',NULL,NULL,'GENERAL','GENERAL',NULL,NULL),('IA193875f9:135eaac4707:-7fb9','incomeacct:incomeacct','1.0','APPROVED',NULL,'ANNUAL LICENSE FEE',NULL,'0.00',NULL,NULL,NULL,NULL,NULL,NULL,NULL,NULL,NULL,'GENERAL','GENERAL',NULL,NULL),('IA2a8c8a24:1363832b9dd:-7fce','incomeacct:incomeacct','1.0','APPROVED',NULL,'INTEREST FOR BUSINESS',NULL,'0.00','INTEREST',NULL,NULL,NULL,NULL,NULL,'SECRETARY\'S FEES',NULL,NULL,'GENERAL','GENERAL',NULL,NULL),('IA2a8c8a24:1363832b9dd:-7fd1','incomeacct:incomeacct','1.0','APPROVED',NULL,'SURCHARGE FOR BUSINESS',NULL,'0.00','SURCHARGE',NULL,NULL,NULL,NULL,NULL,'SECRETARY\'S FEES',NULL,NULL,'GENERAL','GENERAL',NULL,NULL),('IA3b52a903:1362da0716c:-7ff6','incomeacct:incomeacct','1.0','APPROVED',NULL,'BUSINESS TAX ON RETAILER',NULL,'0.00','BUSINESS_TAX',NULL,NULL,NULL,NULL,NULL,'BASIC - CURRENT',NULL,NULL,'GENERAL','GENERAL',NULL,NULL),('IA41a0f494:13564c96212:-7f22','incomeacct:incomeacct','1.0','APPROVED',NULL,'BASIC CURRENT',NULL,'0.00','RPT_BASIC',NULL,NULL,NULL,NULL,'A-384c5e2e:131f28590ba:-7ffa','BASIC - CURRENT',NULL,NULL,'GENERAL','GENERAL',NULL,NULL),('IA41a0f494:13564c96212:-7f25','incomeacct:incomeacct','1.0','APPROVED',NULL,'BASIC PREVIOUS',NULL,'0.00','RPT_BASICPREV',NULL,NULL,NULL,NULL,'A-384c5e2e:131f28590ba:-7ff8','BASIC PREVIOUS',NULL,NULL,'GENERAL','GENERAL',NULL,NULL),('IA41a0f494:13564c96212:-7f28','incomeacct:incomeacct','1.0','APPROVED',NULL,'BASIC CURRENT PENALTY',NULL,'0.00','RPT_BASICINT',NULL,NULL,NULL,NULL,'A-384c5e2e:131f28590ba:-7ff9','BASIC CURRENT PENALTY',NULL,NULL,'GENERAL','GENERAL',NULL,NULL),('IA41a0f494:13564c96212:-7f30','incomeacct:incomeacct','1.0','APPROVED',NULL,'BASIC PREVIOUS PENALTY',NULL,'0.00','RPT_BASICPREVINT',NULL,NULL,NULL,NULL,'A-384c5e2e:131f28590ba:-7ff7','BASIC PREVIOUS PENALTY',NULL,NULL,'GENERAL','GENERAL',NULL,NULL),('IA41a0f494:13564c96212:-7f36','incomeacct:incomeacct','1.0','APPROVED',NULL,'SEF CURRENT',NULL,'0.00','RPT_SEF',NULL,NULL,NULL,NULL,'A-384c5e2e:131f28590ba:-7ff6','SEF CURRENT',NULL,NULL,'SEF','SEF',NULL,NULL),('IA41a0f494:13564c96212:-7f3e','incomeacct:incomeacct','1.0','APPROVED',NULL,'SEF PREVIOUS',NULL,'0.00','RPT_SEFPREV',NULL,NULL,NULL,NULL,'A-384c5e2e:131f28590ba:-7ff4','SEF PREVIOUS',NULL,NULL,'SEF','SEF',NULL,NULL),('IA41a0f494:13564c96212:-7f51','incomeacct:incomeacct','1.0','APPROVED',NULL,'SEF CURRENT PENALTY',NULL,'0.00','RPT_SEFINT',NULL,NULL,NULL,NULL,'A-384c5e2e:131f28590ba:-7ff5','SEF CURRENT PENALTY',NULL,NULL,'SEF','SEF',NULL,NULL),('IA41a0f494:13564c96212:-7f59','incomeacct:incomeacct','1.0','APPROVED',NULL,'SEF PREVIOUS PENALTY',NULL,'0.00','RPT_SEFPREVINT',NULL,NULL,NULL,NULL,'A-384c5e2e:131f28590ba:-7ff3','SEF PREVIOUS PENALTY',NULL,NULL,'SEF','SEF',NULL,NULL),('IA45c5662b:13633239641:-7f8e','incomeacct:incomeacct','1.0','APPROVED',NULL,'GARBAGE FEE',NULL,'0.00','REG_FEE',NULL,NULL,NULL,NULL,NULL,'SECRETARY\'S FEES',NULL,NULL,'GENERAL','GENERAL',NULL,NULL),('IA4eb9968d:13639066586:-7f89','incomeacct:incomeacct','1.0','APPROVED',NULL,'MAYOR\'S PERMIT',NULL,'0.00','REG_FEE',NULL,NULL,NULL,NULL,NULL,NULL,NULL,NULL,'GENERAL','GENERAL',NULL,NULL),('IA57e27d97:135e1abe297:-7f3e','incomeacct:incomeacct','1.0','APPROVED',NULL,'MEDICO-LEGAL CERTIFICATES',NULL,'100.00',NULL,NULL,NULL,NULL,NULL,NULL,NULL,NULL,NULL,'GENERAL','GENERAL','FIX',NULL),('IA57e27d97:135e1abe297:-7f42','incomeacct:incomeacct','1.0','APPROVED',NULL,'HEALTH CARDS',NULL,'50.00',NULL,NULL,NULL,NULL,NULL,NULL,NULL,NULL,NULL,'GENERAL','GENERAL','FIX',NULL),('IA57e27d97:135e1abe297:-7f46','incomeacct:incomeacct','1.0','APPROVED',NULL,'DENTAL CERTIFICATE',NULL,'25.00',NULL,NULL,NULL,NULL,NULL,NULL,NULL,NULL,NULL,'GENERAL','GENERAL','FIX',NULL),('IA57e27d97:135e1abe297:-7f4a','incomeacct:incomeacct','1.0','APPROVED',NULL,'MEDICAL CERTIFICATE',NULL,'25.00',NULL,NULL,NULL,NULL,NULL,NULL,NULL,NULL,NULL,'GENERAL','GENERAL','FIX',NULL),('IA57e27d97:135e1abe297:-7f4d','incomeacct:incomeacct','1.0','APPROVED',NULL,'SANITARY PERMIT (COMMERCIAL)',NULL,'100.00',NULL,NULL,NULL,NULL,NULL,NULL,NULL,NULL,NULL,'GENERAL','GENERAL','FIX',NULL),('IA57e27d97:135e1abe297:-7f50','incomeacct:incomeacct','1.0','APPROVED',NULL,'SANITARY PERMIT (SARI-SARI)',NULL,'50.00',NULL,NULL,NULL,NULL,NULL,NULL,NULL,NULL,NULL,'GENERAL','GENERAL','FIX',NULL),('IA57e27d97:135e1abe297:-7f53','incomeacct:incomeacct','1.0','APPROVED',NULL,'SUTURING',NULL,'5.00',NULL,NULL,NULL,NULL,NULL,NULL,NULL,NULL,NULL,'GENERAL','GENERAL','FIXUNIT',NULL),('IA57e27d97:135e1abe297:-7f56','incomeacct:incomeacct','1.0','APPROVED',NULL,'SUTURE REMOVAL',NULL,'10.00',NULL,NULL,NULL,NULL,NULL,NULL,NULL,NULL,NULL,'GENERAL','GENERAL','FIX',NULL),('IA57e27d97:135e1abe297:-7f59','incomeacct:incomeacct','1.0','APPROVED',NULL,'WOUND DRESSING',NULL,'10.00',NULL,NULL,NULL,NULL,NULL,NULL,NULL,NULL,NULL,'GENERAL','GENERAL','FIX',NULL),('IA57e27d97:135e1abe297:-7f5c','incomeacct:incomeacct','1.0','APPROVED',NULL,'EXCISION',NULL,'100.00',NULL,NULL,NULL,NULL,NULL,NULL,NULL,NULL,NULL,'GENERAL','GENERAL','FIX',NULL),('IA57e27d97:135e1abe297:-7f5f','incomeacct:incomeacct','1.0','APPROVED',NULL,'CIRCUMCISION',NULL,'100.00',NULL,NULL,NULL,NULL,NULL,NULL,NULL,NULL,NULL,'GENERAL','GENERAL','FIX',NULL),('IA57e27d97:135e1abe297:-7f62','incomeacct:incomeacct','1.0','APPROVED',NULL,'PREGNANCY TEST',NULL,'100.00',NULL,NULL,NULL,NULL,NULL,NULL,NULL,NULL,NULL,'GENERAL','GENERAL','FIX',NULL),('IA57e27d97:135e1abe297:-7f65','incomeacct:incomeacct','1.0','APPROVED',NULL,'BLOOD TYPING (ANTI-SERUM)',NULL,'30.00',NULL,NULL,NULL,NULL,NULL,NULL,NULL,NULL,NULL,'GENERAL','GENERAL','FIX',NULL),('IA57e27d97:135e1abe297:-7f68','incomeacct:incomeacct','1.0','APPROVED',NULL,'RANDOM BLOOD SUGAR (STRIP)',NULL,'80.00',NULL,NULL,NULL,NULL,NULL,NULL,NULL,NULL,NULL,'GENERAL','GENERAL','FIX',NULL),('IA57e27d97:135e1abe297:-7f6c','incomeacct:incomeacct','1.0','APPROVED',NULL,'SPUTUM EXAMINATION',NULL,'60.00',NULL,NULL,NULL,NULL,NULL,NULL,NULL,NULL,NULL,'GENERAL','GENERAL','FIXUNIT',NULL),('IA57e27d97:135e1abe297:-7f6f','incomeacct:incomeacct','1.0','APPROVED',NULL,'FECALYSIS',NULL,'30.00',NULL,NULL,NULL,NULL,NULL,NULL,NULL,NULL,NULL,'GENERAL','GENERAL','FIX',NULL),('IA57e27d97:135e1abe297:-7f72','incomeacct:incomeacct','1.0','APPROVED',NULL,'URINALYSIS',NULL,'30.00',NULL,NULL,NULL,NULL,NULL,NULL,NULL,NULL,NULL,'GENERAL','GENERAL','FIX',NULL),('IA57e27d97:135e1abe297:-7f76','incomeacct:incomeacct','1.0','APPROVED',NULL,'SALE OF AF 51',NULL,'150.00',NULL,NULL,NULL,NULL,NULL,NULL,NULL,NULL,NULL,'GENERAL','GENERAL','FIX',NULL),('IA57e27d97:135e1abe297:-7f79','incomeacct:incomeacct','1.0','APPROVED',NULL,'CTC INDIVIDUAL',NULL,'0.00',NULL,NULL,NULL,NULL,NULL,NULL,NULL,NULL,NULL,'GENERAL','GENERAL',NULL,NULL),('IA57e27d97:135e1abe297:-7f7c','incomeacct:incomeacct','1.0','APPROVED',NULL,'CTC PENALTY',NULL,'0.00',NULL,NULL,NULL,NULL,NULL,NULL,NULL,NULL,NULL,'GENERAL','GENERAL',NULL,NULL),('IA57e27d97:135e1abe297:-7f82','incomeacct:incomeacct','1.0','APPROVED',NULL,'CBC W/ P CT',NULL,'40.00',NULL,NULL,NULL,NULL,NULL,NULL,NULL,NULL,NULL,'GENERAL','GENERAL','FIX',NULL),('IA57e27d97:135e1abe297:-7f86','incomeacct:incomeacct','1.0','APPROVED',NULL,'LABORATORY FEE (PH CT)',NULL,'30.00',NULL,NULL,NULL,NULL,NULL,NULL,NULL,NULL,NULL,'GENERAL','GENERAL','FIX',NULL),('IA57e27d97:135e1abe297:-7f9b','incomeacct:incomeacct','1.0','APPROVED',NULL,'LARGE CATTLE OF OWNERSHIP',NULL,'5.00',NULL,NULL,NULL,NULL,NULL,NULL,NULL,NULL,NULL,'GENERAL','GENERAL','FIX',NULL),('IA57e27d97:135e1abe297:-7f9e','incomeacct:incomeacct','1.0','APPROVED',NULL,'LARGE CATTLE OF TRANSFER',NULL,'5.00',NULL,NULL,NULL,NULL,NULL,NULL,NULL,NULL,NULL,'GENERAL','GENERAL','FIX',NULL),('IA57e27d97:135e1abe297:-7fa1','incomeacct:incomeacct','1.0','APPROVED',NULL,'REGISTRATION OF LARGE CATTLE',NULL,'20.00',NULL,NULL,NULL,NULL,NULL,NULL,NULL,NULL,NULL,'GENERAL','GENERAL','FIX',NULL),('IA57e27d97:135e1abe297:-7fa4','incomeacct:incomeacct','1.0','APPROVED',NULL,'MARRIAGE LICENSE FORM',NULL,'2.00',NULL,NULL,NULL,NULL,NULL,NULL,'SECRETARY\'S FEES',NULL,NULL,'GENERAL','GENERAL','FIX',NULL),('IA57e27d97:135e1abe297:-7fa7','incomeacct:incomeacct','1.0','APPROVED',NULL,'TRANSFER OF CADAVER',NULL,'100.00',NULL,NULL,NULL,NULL,NULL,NULL,NULL,NULL,NULL,'GENERAL','GENERAL','FIX',NULL),('IA57e27d97:135e1abe297:-7faa','incomeacct:incomeacct','1.0','APPROVED',NULL,'EXHUMATION FEE',NULL,'100.00',NULL,NULL,NULL,NULL,NULL,NULL,NULL,NULL,NULL,'GENERAL','GENERAL','FIX',NULL),('IA57e27d97:135e1abe297:-7fad','incomeacct:incomeacct','1.0','APPROVED',NULL,'BURIAL PERMIT',NULL,'50.00',NULL,'A-34e92527:131d514840c:-7fd8','REGISTRATION FEES',NULL,NULL,NULL,NULL,NULL,NULL,'GENERAL','GENERAL','FIX',NULL),('IA57e27d97:135e1abe297:-7fb0','incomeacct:incomeacct','1.0','APPROVED',NULL,'FILING (CHANGE OF FIRST NAME)',NULL,'3000.00',NULL,NULL,NULL,NULL,NULL,NULL,'SECRETARY\'S FEES',NULL,NULL,'GENERAL','GENERAL','FIX',NULL),('IA57e27d97:135e1abe297:-7fb3','incomeacct:incomeacct','1.0','APPROVED',NULL,'FILING FEES (CORRECTION OF CLERICAL ERROR)',NULL,'1000.00',NULL,NULL,NULL,NULL,NULL,NULL,'SECRETARY\'S FEES',NULL,NULL,'GENERAL','GENERAL','FIX',NULL),('IA57e27d97:135e1abe297:-7fb6','incomeacct:incomeacct','1.0','APPROVED',NULL,'OTHER LEGAL DOCUMENTS',NULL,'100.00',NULL,NULL,NULL,NULL,NULL,NULL,'SECRETARY\'S FEES',NULL,NULL,'GENERAL','GENERAL','FIX',NULL),('IA57e27d97:135e1abe297:-7fb9','incomeacct:incomeacct','1.0','APPROVED',NULL,'NATURALIZATION',NULL,'500.00',NULL,NULL,NULL,NULL,NULL,NULL,'SECRETARY\'S FEES',NULL,NULL,'GENERAL','GENERAL','FIX',NULL),('IA57e27d97:135e1abe297:-7fbc','incomeacct:incomeacct','1.0','APPROVED',NULL,'LEGAL SEPARATION',NULL,'1000.00',NULL,NULL,NULL,NULL,NULL,NULL,NULL,NULL,NULL,'GENERAL','GENERAL','FIX',NULL),('IA57e27d97:135e1abe297:-7fbf','incomeacct:incomeacct','1.0','APPROVED',NULL,'ANNULMENT',NULL,'1000.00',NULL,NULL,NULL,NULL,NULL,NULL,NULL,NULL,NULL,'GENERAL','GENERAL','FIX',NULL),('IA57e27d97:135e1abe297:-7fc2','incomeacct:incomeacct','1.0','APPROVED',NULL,'ADOPTION',NULL,'100.00',NULL,NULL,NULL,NULL,NULL,NULL,NULL,NULL,NULL,'GENERAL','GENERAL','FIX','TEST'),('IA57e27d97:135e1abe297:-7fc5','incomeacct:incomeacct','1.0','APPROVED',NULL,'LEGITIMATION',NULL,'100.00',NULL,NULL,NULL,NULL,NULL,NULL,NULL,NULL,NULL,'GENERAL','GENERAL','FIX',NULL),('IA57e27d97:135e1abe297:-7fc8','incomeacct:incomeacct','1.0','APPROVED',NULL,'PRE-MARRIAGE COUNSELING CERTIFICAT',NULL,'25.00',NULL,NULL,NULL,NULL,NULL,NULL,NULL,NULL,NULL,'GENERAL','GENERAL','FIX',NULL),('IA57e27d97:135e1abe297:-7fcb','incomeacct:incomeacct','1.0','APPROVED',NULL,'MARRIAGE COUNSELING',NULL,'30.00',NULL,NULL,NULL,NULL,NULL,NULL,'SECRETARY\'S FEES',NULL,NULL,'GENERAL','GENERAL','FIX',NULL),('IA57e27d97:135e1abe297:-7fce','incomeacct:incomeacct','1.0','APPROVED',NULL,'APPLICATION FOR MARRIAGE LICENSE (FOREIGNER)',NULL,'200.00',NULL,NULL,NULL,NULL,NULL,NULL,'SECRETARY\'S FEES',NULL,NULL,'GENERAL','GENERAL','FIX',NULL),('IA57e27d97:135e1abe297:-7fd1','incomeacct:incomeacct','1.0','APPROVED',NULL,'APPLICATION FOR MARRIAGE LICENSE (NON-RESIDENT)',NULL,'60.00',NULL,NULL,NULL,NULL,NULL,NULL,'SECRETARY\'S FEES',NULL,NULL,'GENERAL','GENERAL','FIX',NULL),('IA57e27d97:135e1abe297:-7fd4','incomeacct:incomeacct','1.0','APPROVED',NULL,'APPLICATION FOR MARRIAGE LICENSE (RESIDENT)',NULL,'30.00',NULL,NULL,NULL,NULL,NULL,NULL,'SECRETARY\'S FEES',NULL,NULL,'GENERAL','GENERAL','FIX',NULL),('IA57e27d97:135e1abe297:-7fd7','incomeacct:incomeacct','1.0','APPROVED',NULL,'MARRIAGE SOLEMNIZATION FEES',NULL,'200.00',NULL,NULL,NULL,NULL,NULL,NULL,NULL,NULL,NULL,'GENERAL','GENERAL','FIX',NULL),('IA57e27d97:135e1abe297:-7fe0','incomeacct:incomeacct','1.0','APPROVED',NULL,'ADMINISTERING OATH',NULL,'50.00',NULL,NULL,NULL,NULL,NULL,NULL,'SECRETARY\'S FEES',NULL,NULL,'GENERAL','GENERAL','FIX','TEST'),('IA57e27d97:135e1abe297:-7fe3','incomeacct:incomeacct','1.0','APPROVED',NULL,'AFFIDAVITS (DISCREPANCY)',NULL,'50.00',NULL,NULL,NULL,NULL,NULL,NULL,'SECRETARY\'S FEES',NULL,NULL,'GENERAL','GENERAL','FIX',NULL),('IA57e27d97:135e1abe297:-7fe6','incomeacct:incomeacct','1.0','APPROVED',NULL,'AFFIDAVITS (DEATH)',NULL,'50.00',NULL,NULL,NULL,NULL,NULL,NULL,'SECRETARY\'S FEES',NULL,NULL,'GENERAL','GENERAL','FIX',NULL),('IA57e27d97:135e1abe297:-7fe9','incomeacct:incomeacct','1.0','APPROVED',NULL,'AFFIDAVITS (BIRTH)',NULL,'50.00',NULL,NULL,NULL,NULL,NULL,NULL,'SECRETARY\'S FEES',NULL,NULL,'GENERAL','GENERAL','FIX',NULL),('IA57e27d97:135e1abe297:-7fec','incomeacct:incomeacct','1.0','APPROVED',NULL,'CERTIFIED MACHINE COPY',NULL,'30.00',NULL,NULL,NULL,NULL,NULL,'A52380147:131d8fe3efb:-7fc9','SECRETARY\'S FEES',NULL,NULL,'GENERAL','GENERAL','FIXUNIT',NULL),('IA57e27d97:135e1abe297:-7fef','incomeacct:incomeacct','1.0','APPROVED',NULL,'CERTIFIED TRUE COPY (MARRIAGE CONTRACT)',NULL,'30.00',NULL,NULL,NULL,NULL,NULL,'A52380147:131d8fe3efb:-7fc9','SECRETARY\'S FEES',NULL,NULL,'GENERAL','GENERAL','FIX',NULL),('IA57e27d97:135e1abe297:-7ff2','incomeacct:incomeacct','1.0','APPROVED',NULL,'CERTIFIED TRUE COPY (DEATH)',NULL,'30.00',NULL,NULL,NULL,NULL,NULL,'A52380147:131d8fe3efb:-7fc9','SECRETARY\'S FEES',NULL,NULL,'GENERAL','GENERAL','FIX',NULL),('IA57e27d97:135e1abe297:-7ff5','incomeacct:incomeacct','1.0','APPROVED',NULL,'CERTIFIED TRUE COPY (BIRTH)',NULL,'30.00',NULL,NULL,NULL,NULL,NULL,'A52380147:131d8fe3efb:-7fc9','SECRETARY\'S FEES',NULL,NULL,'GENERAL','GENERAL','FIX',NULL),('IA57e27d97:135e1abe297:-7ff8','incomeacct:incomeacct','1.0','APPROVED',NULL,'CERTIFICATION CLEARANCE FEES',NULL,'30.00',NULL,NULL,NULL,NULL,NULL,'A52380147:131d8fe3efb:-7fc9','SECRETARY\'S FEES',NULL,NULL,'GENERAL','GENERAL','FIX',NULL),('IA68fbd6ca:135e5876658:-7e80','incomeacct:incomeacct','1.0','APPROVED',NULL,'BENEFIT DANCE',NULL,'0.00',NULL,NULL,NULL,NULL,NULL,NULL,NULL,NULL,NULL,'GENERAL','GENERAL',NULL,NULL);

/*Table structure for table `incomeaccountgroup` */

DROP TABLE IF EXISTS `incomeaccountgroup`;

CREATE TABLE `incomeaccountgroup` (
  `objid` varchar(100) NOT NULL,
  PRIMARY KEY  (`objid`)
) ENGINE=InnoDB DEFAULT CHARSET=latin1;

/*Data for the table `incomeaccountgroup` */

insert  into `incomeaccountgroup`(`objid`) values ('TEST');

/*Table structure for table `iraf` */

DROP TABLE IF EXISTS `iraf`;

CREATE TABLE `iraf` (
  `objid` varchar(50) NOT NULL,
  `schemaname` varchar(50) NOT NULL,
  `schemaversion` varchar(10) NOT NULL,
  `docstate` varchar(25) NOT NULL,
  `txnno` varchar(50) NOT NULL,
  `txndate` timestamp NULL default NULL,
  `preparedby` varchar(100) default NULL,
  `preparedbytitle` varchar(100) default NULL,
  `info` text NOT NULL,
  `requesteditems` text NOT NULL,
  `rcvitems` text,
  `rivid` varchar(50) default NULL,
  `rivno` varchar(50) default NULL,
  `rivrequestedby` varchar(100) default NULL,
  `rivrequestedbytitle` varchar(100) default NULL,
  PRIMARY KEY  (`objid`)
) ENGINE=InnoDB DEFAULT CHARSET=latin1;

/*Data for the table `iraf` */

insert  into `iraf`(`objid`,`schemaname`,`schemaversion`,`docstate`,`txnno`,`txndate`,`preparedby`,`preparedbytitle`,`info`,`requesteditems`,`rcvitems`,`rivid`,`rivno`,`rivrequestedby`,`rivrequestedbytitle`) values ('IRAF-18094b30:136a9665945:-7feb','iraf:iraf','1.0','APPROVED','222222','2012-04-13 10:24:17','ESCARIO, REX','ACCOUNTABLE FORM OFFICER','[rivtype:\"LGU\",rivid:\"R-18094b30:136a9665945:-7fef\",rivno:\"2012000008\",rivdate:\"2012-04-13\",rivrequestedbyid:\"PERSNL-77eb9ad:1362de475cb:-7ffa\",rivrequestedby:\"REX ESCARIO\",rivrequestedbytitle:\"ACCOUNTABLE FORM OFFICER\",txndate:\"2012-04-13 10:24:17\",txnno:\"\",docstate:\"DRAFT\",preparedby:\"ESCARIO, REX\",preparedbytitle:\"ACCOUNTABLE FORM OFFICER\"]','[[afid:\"0017\",aftype:\"serial\",afunit:\"stub\",afpcsperunit:50,qtydelivered:5,qtyrequested:5,qtyreceived:5]]','[[qtyreceived:5,startseries:3000001,afid:\"0017\",aftype:\"serial\",prefix:\"CTCC\",suffix:\"\",endseries:3000250,stuborqty:5,afinventoryid:\"AFI-18094b30:136a9665945:-7fea\",stubfrom:1]]','R-18094b30:136a9665945:-7fef','2012000008','REX ESCARIO','ACCOUNTABLE FORM OFFICER'),('IRAF-18094b30:136a9665945:-7ff0','iraf:iraf','1.0','APPROVED','IRAF-C0000052012','2012-04-13 10:23:28','ESCARIO, REX','ACCOUNTABLE FORM OFFICER','[rivtype:\"COLLECTOR\",rivid:\"R-18094b30:136a9665945:-7ff4\",rivno:\"2012000007\",rivdate:\"2012-04-13\",rivrequestedbyid:\"PERSNL-12f70615:1362b0b3421:-7ffa\",rivrequestedby:\"JAYROME VERGARA\",rivrequestedbytitle:\"LRCO - I\",txndate:\"2012-04-13 10:23:28\",txnno:\"\",docstate:\"DRAFT\",preparedby:\"ESCARIO, REX\",preparedbytitle:\"ACCOUNTABLE FORM OFFICER\"]','[[afid:\"0017\",aftype:\"serial\",afunit:\"stub\",afpcsperunit:50,qtydelivered:1,qtyrequested:1,qtyreceived:1]]','[[afid:\"0017\",afinventoryid:\"AFI-18094b30:136a9665945:-7fea\",startseries:3000001,endseries:3000050,prefix:\"CTCC\",suffix:\"\",stubno:\"222222-1\",qtyreceived:1]]','R-18094b30:136a9665945:-7ff4','2012000007','JAYROME VERGARA','LRCO - I'),('IRAF-7ab16a27:136de149d9c:-7ff1','iraf:iraf','1.0','APPROVED','IRAF-C0000062012','2012-04-23 16:35:53','ESCARIO, REX','ACCOUNTABLE FORM OFFICER','[rivtype:\"COLLECTOR\",rivid:\"R-7ab16a27:136de149d9c:-7ff5\",rivno:\"2012000009\",rivdate:\"2012-04-23\",rivrequestedbyid:\"PERSNL2e03615d:136b8c85690:-7ffb\",rivrequestedby:\"WINDHEL PALEN\",rivrequestedbytitle:\"RCCO - 01\",txndate:\"2012-04-23 16:35:53\",txnno:\"\",docstate:\"DRAFT\",preparedby:\"ESCARIO, REX\",preparedbytitle:\"ACCOUNTABLE FORM OFFICER\"]','[[afid:\"51\",aftype:\"serial\",afunit:\"stub\",afpcsperunit:50,qtydelivered:1,qtyrequested:1,qtyreceived:1]]','[[afid:\"51\",afinventoryid:\"AFI67f5cacc:136a0623237:-7fd8\",startseries:5000101,endseries:5000150,prefix:\"W\",suffix:\"G\",stubno:\"12345-3\",qtyreceived:1]]','R-7ab16a27:136de149d9c:-7ff5','2012000009','WINDHEL PALEN','RCCO - 01'),('IRAF67f5cacc:136a0623237:-7fd5','iraf:iraf','1.0','APPROVED','IRAF-C0000042012','2012-04-11 16:28:57','ESCARIO, REX','ACCOUNTABLE FORM OFFICER','[rivtype:\"COLLECTOR\",rivid:\"R67f5cacc:136a0623237:-7fe5\",rivno:\"2012000005\",rivdate:\"2012-04-11\",rivrequestedbyid:\"PERSNL-77eb9ad:1362de475cb:-7f2e\",rivrequestedby:\"JERSON MAGLASANG\",rivrequestedbytitle:\"LRCO - II\",txndate:\"2012-04-11 16:28:57\",txnno:\"\",docstate:\"DRAFT\",preparedby:\"ESCARIO, REX\",preparedbytitle:\"ACCOUNTABLE FORM OFFICER\"]','[[afid:\"51\",aftype:\"serial\",afunit:\"stub\",afpcsperunit:50,qtydelivered:2,qtyrequested:2,qtyreceived:2]]','[[afid:\"51\",afinventoryid:\"AFI67f5cacc:136a0623237:-7fd8\",startseries:5000001,endseries:5000050,prefix:\"W\",suffix:\"G\",stubno:\"12345-1\",qtyreceived:1],[afid:\"51\",afinventoryid:\"AFI67f5cacc:136a0623237:-7fd8\",startseries:5000051,endseries:5000100,prefix:\"W\",suffix:\"G\",stubno:\"12345-2\",qtyreceived:1]]','R67f5cacc:136a0623237:-7fe5','2012000005','JERSON MAGLASANG','LRCO - II'),('IRAF67f5cacc:136a0623237:-7fd9','iraf:iraf','1.0','APPROVED','12345','2012-04-11 16:27:57','ESCARIO, REX','ACCOUNTABLE FORM OFFICER','[rivtype:\"LGU\",rivid:\"R67f5cacc:136a0623237:-7fdc\",rivno:\"2012000006\",rivdate:\"2012-04-11\",rivrequestedbyid:\"PERSNL-77eb9ad:1362de475cb:-7ffa\",rivrequestedby:\"REX ESCARIO\",rivrequestedbytitle:\"ACCOUNTABLE FORM OFFICER\",txndate:\"2012-04-11 16:27:57\",txnno:\"\",docstate:\"DRAFT\",preparedby:\"ESCARIO, REX\",preparedbytitle:\"ACCOUNTABLE FORM OFFICER\"]','[[afid:\"51\",aftype:\"serial\",afunit:\"stub\",afpcsperunit:50,qtydelivered:5,qtyrequested:5,qtyreceived:5]]','[[qtyreceived:5,startseries:5000001,afid:\"51\",aftype:\"serial\",prefix:\"W\",suffix:\"G\",endseries:5000250,stuborqty:5,afinventoryid:\"AFI67f5cacc:136a0623237:-7fd8\",stubfrom:1]]','R67f5cacc:136a0623237:-7fdc','2012000006','REX ESCARIO','ACCOUNTABLE FORM OFFICER');

/*Table structure for table `iraf_list` */

DROP TABLE IF EXISTS `iraf_list`;

CREATE TABLE `iraf_list` (
  `objid` varchar(50) NOT NULL,
  `schemaname` varchar(50) NOT NULL,
  `schemaversion` varchar(10) NOT NULL,
  `state` varchar(25) NOT NULL,
  `docno` varchar(25) default NULL,
  `docdate` date default NULL,
  `preparedby` varchar(50) NOT NULL,
  `rivno` varchar(25) NOT NULL,
  `rivdate` date NOT NULL,
  `rivrequester` varchar(50) NOT NULL,
  PRIMARY KEY  (`objid`)
) ENGINE=InnoDB DEFAULT CHARSET=latin1;

/*Data for the table `iraf_list` */

/*Table structure for table `jobposition` */

DROP TABLE IF EXISTS `jobposition`;

CREATE TABLE `jobposition` (
  `objid` varchar(50) NOT NULL,
  `code` varchar(20) default NULL,
  `title` varchar(50) default NULL,
  `jobgroup` varchar(10) default NULL,
  `roleclass` varchar(50) default NULL,
  `role` varchar(50) default NULL,
  `excluded` mediumtext,
  `orgunitid` varchar(50) default NULL,
  `assigneeid` varchar(50) default NULL,
  `jobstatus` char(1) default NULL,
  PRIMARY KEY  (`objid`),
  KEY `FK_jobposition` (`orgunitid`),
  KEY `FK_jobposition_roleclass` (`roleclass`),
  KEY `FK_jobposition_role` (`role`),
  KEY `FK_jobposition_personnel` (`assigneeid`),
  CONSTRAINT `FK_jobposition` FOREIGN KEY (`orgunitid`) REFERENCES `orgunit` (`objid`),
  CONSTRAINT `FK_jobposition_assignee` FOREIGN KEY (`assigneeid`) REFERENCES `personnel` (`objid`),
  CONSTRAINT `FK_jobposition_role` FOREIGN KEY (`role`) REFERENCES `role` (`name`)
) ENGINE=InnoDB DEFAULT CHARSET=latin1;

/*Data for the table `jobposition` */

insert  into `jobposition`(`objid`,`code`,`title`,`jobgroup`,`roleclass`,`role`,`excluded`,`orgunitid`,`assigneeid`,`jobstatus`) values ('ADMIN','ADMIN','ADMIN',NULL,'ADMIN','ADMIN_DEFAULT',NULL,'HR','ADMIN','R'),('JOBP-12f70615:1362b0b3421:-7ff9','LRCO1','LRCO - I',NULL,'TREASURY','COLLECTOR',NULL,'TR','PERSNL-12f70615:1362b0b3421:-7ffa','R'),('JOBP-261cc787:13661fb74d2:-7ff5','APPROVER','APPROVER',NULL,'RPT','RPT_APPRAISER',NULL,'TR','PERSNL-261cc787:13661fb74d2:-7ff6','R'),('JOBP-43d5c38b:136a5adf016:-7ff9','TEST2','TEST2',NULL,'ACCOUNTING','ACCOUNTING_DEFAULT',NULL,'HR',NULL,'R'),('JOBP-43d5c38b:136a5adf016:-7ffb','TEST','TEST',NULL,'ACCOUNTING','ACCOUNTING_DEFAULT',NULL,'HR',NULL,'R'),('JOBP-62eb6464:13642754aed:-7f74','HD01','HELP DESK 01',NULL,'TREASURY','TEST',NULL,'IT',NULL,'R'),('JOBP-62eb6464:13642754aed:-7ffb','RPT_ADMIN','RPT_ADMIN',NULL,'RPT','RPT_ADMIN',NULL,'TR',NULL,'R'),('JOBP-6d40d6b:136615a26f4:-7ffb','RCCO','RCCO - 01',NULL,'TREASURY','COLLECTOR',NULL,'TR','PERSNL2e03615d:136b8c85690:-7ffb','R'),('JOBP-77eb9ad:1362de475cb:-7f2f','LRCO2','LRCO - II',NULL,'TREASURY','COLLECTOR',NULL,'TR','PERSNL-77eb9ad:1362de475cb:-7f2e','R'),('JOBP-77eb9ad:1362de475cb:-7faf','BPLO','BP ADMIN',NULL,'BP','BP_ADMIN','[]','TR','PERSNL-77eb9ad:1362de475cb:-7fb1','R'),('JOBP-77eb9ad:1362de475cb:-7fe9','CASHIER','CASHIER 1',NULL,'TREASURY','CASHIER',NULL,'TR','PERSNL-77eb9ad:1362de475cb:-7fe7','R'),('JOBP-77eb9ad:1362de475cb:-7fea','LIQ','LIQUIDATING OFFICER',NULL,'TREASURY','LIQUIDATING_OFFICER',NULL,'TR','PERSNL-77eb9ad:1362de475cb:-7fe6','R'),('JOBP-77eb9ad:1362de475cb:-7feb','AFO','ACCOUNTABLE FORM OFFICER',NULL,'TREASURY','AFO','[]','TR','PERSNL-77eb9ad:1362de475cb:-7ffa','R'),('JOBP-77eb9ad:1362de475cb:-7ffb','AC-1','ACCOUNTING CLERK - I',NULL,'ACCOUNTING','ACCOUNTING_DEFAULT',NULL,'TR',NULL,'R'),('JOBP-7868cd55:1364e41642d:-7fd6','ASSESSOR','CITY ASSESSOR',NULL,'RPT','ASSESSOR',NULL,'TR','PERSNL2a8c8a24:1363832b9dd:-7fc3','R'),('JOBP-7868cd55:1364e41642d:-7fec','APPRAISER','RPT APPRAISER',NULL,'RPT','RPT_APPRAISER',NULL,'TR','PERSNL-77eb9ad:1362de475cb:-7fe8','R'),('JOBP2a8c8a24:1363832b9dd:-7fc2','BPL','BP LICENSING',NULL,'BP','BP_LICENSING',NULL,'TR',NULL,'R'),('JOBP2e03615d:136b8c85690:-7ff9','HD02','HELP DESK 02',NULL,'TREASURY','TEST',NULL,'IT','PERSNL2e03615d:136b8c85690:-7ffb','R'),('JOBP43e81b93:1364f33e257:-7ff5','LANDTAX','LANDTAX OFFICER',NULL,'RPT','LANDTAX',NULL,'TR','PERSNL-12f70615:1362b0b3421:-7ffa','R');

/*Table structure for table `jobposition_tag` */

DROP TABLE IF EXISTS `jobposition_tag`;

CREATE TABLE `jobposition_tag` (
  `jobid` varchar(50) NOT NULL,
  `tagid` varchar(50) NOT NULL,
  PRIMARY KEY  (`jobid`,`tagid`)
) ENGINE=InnoDB DEFAULT CHARSET=latin1;

/*Data for the table `jobposition_tag` */

insert  into `jobposition_tag`(`jobid`,`tagid`) values ('JOBP-12f70615:1362b0b3421:-7ff9','COLLECTOR'),('JOBP-261cc787:13661fb74d2:-7ff5','APPROVER'),('JOBP-6d40d6b:136615a26f4:-7ffb','COLLECTOR'),('JOBP-77eb9ad:1362de475cb:-7f2f','COLLECTOR'),('JOBP-77eb9ad:1362de475cb:-7fe9','CASHIER'),('JOBP-77eb9ad:1362de475cb:-7fea','LIQUIDATING_OFFICER'),('JOBP-77eb9ad:1362de475cb:-7feb','AFO'),('JOBP-7868cd55:1364e41642d:-7fd6','ASSESSOR'),('JOBP-7868cd55:1364e41642d:-7fd6','RECOMMENDER'),('JOBP-7868cd55:1364e41642d:-7fec','APPRAISER');

/*Table structure for table `kindofbuilding` */

DROP TABLE IF EXISTS `kindofbuilding`;

CREATE TABLE `kindofbuilding` (
  `objid` varchar(50) NOT NULL,
  `schemaname` varchar(50) NOT NULL,
  `schemaversion` varchar(10) NOT NULL,
  `bldgcode` varchar(10) NOT NULL,
  `bldgkind` varchar(100) NOT NULL,
  PRIMARY KEY  (`objid`)
) ENGINE=MyISAM DEFAULT CHARSET=latin1;

/*Data for the table `kindofbuilding` */

insert  into `kindofbuilding`(`objid`,`schemaname`,`schemaversion`,`bldgcode`,`bldgkind`) values ('KBLDG-62eb6464:13642754aed:-7ff1','kindofbuilding:kindofbuilding','1.0','IA-1S','ONE FAMILY DWELLING'),('KBLDG-62eb6464:13642754aed:-7ff0','kindofbuilding:kindofbuilding','1.0','IA-2S','TWO FAMILY DWELLING');

/*Table structure for table `landactualuseadjustment` */

DROP TABLE IF EXISTS `landactualuseadjustment`;

CREATE TABLE `landactualuseadjustment` (
  `objid` varchar(50) NOT NULL,
  `adjustmentcode` varchar(10) NOT NULL,
  `adjustmentname` varchar(100) NOT NULL,
  `unit` varchar(50) default NULL,
  `appliedto` varchar(100) default NULL,
  `classifications` text,
  `expression` varchar(500) NOT NULL,
  `landrysettingid` varchar(50) NOT NULL,
  `previd` varchar(50) default NULL,
  `classids` varchar(500) default NULL,
  PRIMARY KEY  (`objid`)
) ENGINE=InnoDB DEFAULT CHARSET=latin1;

/*Data for the table `landactualuseadjustment` */

/*Table structure for table `landadjustment` */

DROP TABLE IF EXISTS `landadjustment`;

CREATE TABLE `landadjustment` (
  `objid` varchar(50) NOT NULL,
  `adjustmentcode` varchar(10) NOT NULL,
  `adjustmentname` varchar(100) NOT NULL,
  `classids` text,
  `classifications` text,
  `expression` varchar(1000) NOT NULL,
  `landrysettingid` varchar(50) NOT NULL,
  `appliedto` varchar(150) NOT NULL,
  `previd` varchar(50) default NULL,
  PRIMARY KEY  (`objid`)
) ENGINE=InnoDB DEFAULT CHARSET=latin1;

/*Data for the table `landadjustment` */

insert  into `landadjustment`(`objid`,`adjustmentcode`,`adjustmentname`,`classids`,`classifications`,`expression`,`landrysettingid`,`appliedto`,`previd`) values ('LA-ab8144b:1364cfce92b:-75d0','NRO','NO ROAD OUTLET','PC-62eb6464:13642754aed:-7ff9','[[propertyclass:[classname:\"AGRICULTURAL\",classcode:\"AGR\",classid:\"PC-62eb6464:13642754aed:-7ff9\"],propertyid:\"PC-62eb6464:13642754aed:-7ff9\",propertycode:\"AGR\",propertyname:\"AGRICULTURAL\"]]','SYS_UNIT_VALUE * 0.09','LRY-ab8144b:1364cfce92b:-7fd8','AGR',NULL),('LA-ab8144b:1364cfce92b:-75d1','DR','DIRT ROADS','PC-62eb6464:13642754aed:-7ff9','[[propertyclass:[classname:\"AGRICULTURAL\",classcode:\"AGR\",classid:\"PC-62eb6464:13642754aed:-7ff9\"],propertyid:\"PC-62eb6464:13642754aed:-7ff9\",propertycode:\"AGR\",propertyname:\"AGRICULTURAL\"]]','SYS_UNIT_VALUE * 0.06','LRY-ab8144b:1364cfce92b:-7fd8','AGR',NULL),('LA-ab8144b:1364cfce92b:-75d2','AWR','ALL WEATHER ROADS','PC-62eb6464:13642754aed:-7ff9','[[propertyclass:[classname:\"AGRICULTURAL\",classcode:\"AGR\",classid:\"PC-62eb6464:13642754aed:-7ff9\"],propertyid:\"PC-62eb6464:13642754aed:-7ff9\",propertycode:\"AGR\",propertyname:\"AGRICULTURAL\"]]','SYS_UNIT_VALUE * 0.03','LRY-ab8144b:1364cfce92b:-7fd8','AGR',NULL);

/*Table structure for table `landassesslevel` */

DROP TABLE IF EXISTS `landassesslevel`;

CREATE TABLE `landassesslevel` (
  `objid` varchar(50) NOT NULL,
  `classcode` varchar(10) NOT NULL,
  `classname` varchar(100) NOT NULL,
  `fixrate` tinyint(4) NOT NULL,
  `rate` decimal(10,2) NOT NULL,
  `previd` varchar(50) default NULL,
  `landrysettingid` varchar(50) NOT NULL,
  `ranges` text,
  PRIMARY KEY  (`objid`)
) ENGINE=MyISAM DEFAULT CHARSET=latin1;

/*Data for the table `landassesslevel` */

insert  into `landassesslevel`(`objid`,`classcode`,`classname`,`fixrate`,`rate`,`previd`,`landrysettingid`,`ranges`) values ('AL5a8175e8:1364cd23a8e:-7ff9','AGR','AGRICULTURAL',1,'40.00',NULL,'LRY-ab8144b:1364cfce92b:-7fd8','[]'),('AL5a8175e8:1364cd23a8e:-7ff8','RES','RESIDENTIAL',1,'20.00',NULL,'LRY-ab8144b:1364cfce92b:-7fd8','[]'),('AL5a8175e8:1364cd23a8e:-7ff7','COM','COMMERCIAL',1,'50.00',NULL,'LRY-ab8144b:1364cfce92b:-7fd8','[]'),('AL5a8175e8:1364cd23a8e:-7ff6','REL','RELIGIOUS',1,'15.00',NULL,'LRY-ab8144b:1364cfce92b:-7fd8','[]'),('AL5a8175e8:1364cd23a8e:-7ff5','GOV','GOVERNMENT',1,'15.00',NULL,'LRY-ab8144b:1364cfce92b:-7fd8','[]'),('AL-ab8144b:1364cfce92b:-7cbb','IND','INDUSTRIAL',1,'50.00',NULL,'LRY-ab8144b:1364cfce92b:-7fd8','[]'),('AL-ab8144b:1364cfce92b:-7ad7','MIN','MINERAL',1,'50.00',NULL,'LRY-ab8144b:1364cfce92b:-7fd8','[]');

/*Table structure for table `landrysetting` */

DROP TABLE IF EXISTS `landrysetting`;

CREATE TABLE `landrysetting` (
  `objid` varchar(50) NOT NULL,
  `schemaname` varchar(50) NOT NULL,
  `schemaversion` varchar(10) NOT NULL,
  `ry` int(11) NOT NULL,
  `previd` varchar(50) default NULL,
  PRIMARY KEY  (`objid`)
) ENGINE=InnoDB DEFAULT CHARSET=latin1;

/*Data for the table `landrysetting` */

insert  into `landrysetting`(`objid`,`schemaname`,`schemaversion`,`ry`,`previd`) values ('LRY-ab8144b:1364cfce92b:-7fd8','landrysetting:landrysetting','1.0',2010,NULL);

/*Table structure for table `lcuv` */

DROP TABLE IF EXISTS `lcuv`;

CREATE TABLE `lcuv` (
  `objid` varchar(50) NOT NULL,
  `classcode` varchar(10) NOT NULL,
  `classname` varchar(100) NOT NULL,
  `landrysettingid` varchar(50) NOT NULL,
  `previd` varchar(50) default NULL,
  PRIMARY KEY  (`objid`)
) ENGINE=MyISAM DEFAULT CHARSET=latin1;

/*Data for the table `lcuv` */

insert  into `lcuv`(`objid`,`classcode`,`classname`,`landrysettingid`,`previd`) values ('PC-62eb6464:13642754aed:-7ff9','AGR','AGRICULTURAL','LRY-ab8144b:1364cfce92b:-7fd8',NULL),('PC-62eb6464:13642754aed:-7ff8','RES','RESIDENTIAL','LRY-ab8144b:1364cfce92b:-7fd8',NULL),('PC5a8175e8:1364cd23a8e:-7ffc','COM','COMMERCIAL','LRY-ab8144b:1364cfce92b:-7fd8',NULL),('PC-62eb6464:13642754aed:-7ff7','REL','RELIGIOUS','LRY-ab8144b:1364cfce92b:-7fd8',NULL),('PC-62eb6464:13642754aed:-7ff6','GOV','GOVERNMENT','LRY-ab8144b:1364cfce92b:-7fd8',NULL);

/*Table structure for table `lcuvspecificclass` */

DROP TABLE IF EXISTS `lcuvspecificclass`;

CREATE TABLE `lcuvspecificclass` (
  `objid` varchar(50) NOT NULL,
  `classcode` varchar(10) NOT NULL,
  `classname` varchar(100) NOT NULL,
  `areatype` varchar(10) NOT NULL,
  `lcuvid` varchar(50) NOT NULL,
  `previd` varchar(50) default NULL,
  `landrysettingid` varchar(50) NOT NULL,
  PRIMARY KEY  (`objid`)
) ENGINE=InnoDB DEFAULT CHARSET=latin1;

/*Data for the table `lcuvspecificclass` */

insert  into `lcuvspecificclass`(`objid`,`classcode`,`classname`,`areatype`,`lcuvid`,`previd`,`landrysettingid`) values ('SC-601c0c16:1365727eaa6:-76ec','RL','RES. LAND','SQM','PC-62eb6464:13642754aed:-7ff8',NULL,'LRY-ab8144b:1364cfce92b:-7fd8'),('SC-ab8144b:1364cfce92b:-7972','CL','COCO LAND','HA','PC-62eb6464:13642754aed:-7ff9',NULL,'LRY-ab8144b:1364cfce92b:-7fd8');

/*Table structure for table `lcuvstripping` */

DROP TABLE IF EXISTS `lcuvstripping`;

CREATE TABLE `lcuvstripping` (
  `objid` varchar(50) NOT NULL,
  `striplevel` int(11) NOT NULL,
  `rate` decimal(10,2) NOT NULL,
  `lcuvid` varchar(50) NOT NULL,
  `previd` varchar(50) default NULL,
  `landrysettingid` varchar(50) NOT NULL,
  PRIMARY KEY  (`objid`)
) ENGINE=InnoDB DEFAULT CHARSET=latin1;

/*Data for the table `lcuvstripping` */

/*Table structure for table `lcuvsubclass` */

DROP TABLE IF EXISTS `lcuvsubclass`;

CREATE TABLE `lcuvsubclass` (
  `objid` varchar(50) NOT NULL,
  `subclasscode` varchar(50) NOT NULL,
  `subclassname` varchar(50) NOT NULL,
  `unitvalue` decimal(10,2) NOT NULL,
  `specificclassid` varchar(50) NOT NULL,
  `previd` varchar(50) default NULL,
  `landrysettingid` varchar(50) NOT NULL,
  PRIMARY KEY  (`objid`)
) ENGINE=InnoDB DEFAULT CHARSET=latin1;

/*Data for the table `lcuvsubclass` */

insert  into `lcuvsubclass`(`objid`,`subclasscode`,`subclassname`,`unitvalue`,`specificclassid`,`previd`,`landrysettingid`) values ('SC-ab8144b:1364cfce92b:-78f1','CL2','SECOND CLASS','750.00','SC-ab8144b:1364cfce92b:-7972',NULL,'LRY-ab8144b:1364cfce92b:-7fd8'),('SC-ab8144b:1364cfce92b:-78fb','CL1','FIRST CLASS','1000.00','SC-ab8144b:1364cfce92b:-7972',NULL,'LRY-ab8144b:1364cfce92b:-7fd8');

/*Table structure for table `lgu` */

DROP TABLE IF EXISTS `lgu`;

CREATE TABLE `lgu` (
  `objid` varchar(50) NOT NULL,
  `schemaname` varchar(50) NOT NULL,
  `schemaversion` varchar(5) NOT NULL,
  `docstate` varchar(10) NOT NULL,
  `lgutype` varchar(25) NOT NULL,
  `indexno` varchar(4) NOT NULL,
  `pin` varchar(25) NOT NULL,
  `lguname` varchar(50) NOT NULL,
  `formalname` varchar(50) NOT NULL,
  `parentid` varchar(50) default NULL,
  PRIMARY KEY  (`objid`)
) ENGINE=InnoDB DEFAULT CHARSET=latin1;

/*Data for the table `lgu` */

insert  into `lgu`(`objid`,`schemaname`,`schemaversion`,`docstate`,`lgutype`,`indexno`,`pin`,`lguname`,`formalname`,`parentid`) values ('100','lgu','1.0','DRAFT','CITY','100','100','TAGBILARAN','CITY OF TAGBILARAN',NULL),('100-01','lgu','1.0','DRAFT','DISTRICT','01','100-01','DISTRICT 1','DISTRICT OF DISTRICT 1','100'),('100-01-0001','lgu','1.0','DRAFT','BARANGAY','0001','100-01-0001','BRGY 1','BARANGAY BRGY 1','100-01'),('100-01-0002','lgu','1.0','DRAFT','BARANGAY','0002','100-01-0002','BRGY 2','BARANGAY BRGY 2','100-01'),('100-01-0003','lgu','1.0','DRAFT','BARANGAY','0003','100-01-0003','BRGY 3','BARANGAY BRGY 3','100-01'),('100-02','lgu','1.0','DRAFT','DISTRICT','02','100-02','DISTRICT 2','DISTRICT OF DISTRICT 2','100'),('100-03','lgu','1.0','DRAFT','DISTRICT','03','100-03','DISTRICT 03','DISTRICT OF DISTRICT 03','100');

/*Table structure for table `liquidation` */

DROP TABLE IF EXISTS `liquidation`;

CREATE TABLE `liquidation` (
  `objid` varchar(50) NOT NULL,
  `schemaname` varchar(50) NOT NULL,
  `schemaversion` varchar(20) NOT NULL,
  `docstate` varchar(20) NOT NULL,
  `dtposted` date NOT NULL,
  `info` text NOT NULL,
  `depositid` varchar(50) default NULL,
  `dtdeposited` date default NULL,
  `rcds` text,
  `opener` varchar(50) NOT NULL,
  PRIMARY KEY  (`objid`)
) ENGINE=InnoDB DEFAULT CHARSET=latin1;

/*Data for the table `liquidation` */

insert  into `liquidation`(`objid`,`schemaname`,`schemaversion`,`docstate`,`dtposted`,`info`,`depositid`,`dtdeposited`,`rcds`,`opener`) values ('LIQ-3bcd7395:136585a9dee:-7fc9','liquidation:liquidation','1.0','OPEN','2012-03-28','[txndate:\"2012-03-28\",liquidatingofficerid:\"PERSNL-77eb9ad:1362de475cb:-7fe6\",liquidatingofficername:\"ARNEL RETIZA\",liquidatingofficertitle:\"LIQUIDATING OFFICER\",amount:30307.95,totalcash:30307.95,totalotherpayment:0.00,d1000qty:0,d500qty:0,d200qty:0,d100qty:0,d50qty:0,d20qty:0,d10qty:0,coins:0.00,treasurername:null,treasurertitle:null,denominations:[[caption:\"1000.00\",denomination:1000.00,qty:30,amount:30000.00],[caption:\"500.00\",denomination:500.00,qty:0,amount:0.0],[caption:\"200.00\",denomination:200.00,qty:0,amount:0.0],[caption:\"100.00\",denomination:100.00,qty:3,amount:300.00],[caption:\"50.00\",denomination:50.00,qty:0,amount:0.0],[caption:\"20.00\",denomination:20.00,qty:0,amount:0.0],[caption:\"10.00\",denomination:10.00,qty:0,amount:0.0],[caption:\"Coins\",denomination:1.00,qty:7.95,amount:7.9500]],txnno:\"LIQ-2012-00002\",depositedbyid:\"PERSNL-77eb9ad:1362de475cb:-7fe7\",depositedbyname:\"WORGIE FLORES\",depositedbytitle:\"CASHIER 1\"]',NULL,NULL,'[[noncash:0.0,cash:17023.35,amount:17023.35,cashiername:\"WORGIE FLORES\",cashierid:\"PERSNL-77eb9ad:1362de475cb:-7fe7\",cashiertitle:\"CASHIER 1\",denominations:[[caption:\"1000.00\",denomination:1000.00,qty:30,amount:30000.00],[caption:\"500.00\",denomination:500.00,qty:0,amount:0.0],[caption:\"200.00\",denomination:200.00,qty:0,amount:0.0],[caption:\"100.00\",denomination:100.00,qty:3,amount:300.00],[caption:\"50.00\",denomination:50.00,qty:0,amount:0.0],[caption:\"20.00\",denomination:20.00,qty:0,amount:0.0],[caption:\"10.00\",denomination:10.00,qty:0,amount:0.0],[caption:\"Coins\",denomination:1.00,qty:7.95,amount:7.9500]],cashier:null,fundname:\"GENERAL\",fundid:\"GENERAL\",noncashpayments:[]],[noncash:0.0,cash:13284.60,amount:13284.60,cashiername:\"WORGIE FLORES\",cashierid:\"PERSNL-77eb9ad:1362de475cb:-7fe7\",cashiertitle:\"CASHIER 1\",denominations:[[caption:\"1000.00\",denomination:1000.00,qty:30,amount:30000.00],[caption:\"500.00\",denomination:500.00,qty:0,amount:0.0],[caption:\"200.00\",denomination:200.00,qty:0,amount:0.0],[caption:\"100.00\",denomination:100.00,qty:3,amount:300.00],[caption:\"50.00\",denomination:50.00,qty:0,amount:0.0],[caption:\"20.00\",denomination:20.00,qty:0,amount:0.0],[caption:\"10.00\",denomination:10.00,qty:0,amount:0.0],[caption:\"Coins\",denomination:1.00,qty:7.95,amount:7.9500]],cashier:null,fundname:\"SEF\",fundid:\"SEF\",noncashpayments:[]]]','single'),('LIQ-64adc1db:136e1effa44:-7fa1','liquidation:liquidation','1.0','OPEN','2012-04-24','[txndate:\"2012-04-24\",liquidatingofficerid:\"PERSNL-77eb9ad:1362de475cb:-7fe6\",liquidatingofficername:\"ARNEL RETIZA\",liquidatingofficertitle:\"LIQUIDATING OFFICER\",amount:18.00,totalcash:18.00,totalotherpayment:0.00,d1000qty:0,d500qty:0,d200qty:0,d100qty:0,d50qty:0,d20qty:0,d10qty:0,coins:0.00,treasurername:null,treasurertitle:null,denominations:[[caption:\"1000.00\",denomination:1000.00,qty:0,amount:0.0],[caption:\"500.00\",denomination:500.00,qty:0,amount:0.0],[caption:\"200.00\",denomination:200.00,qty:0,amount:0.0],[caption:\"100.00\",denomination:100.00,qty:0,amount:0.0],[caption:\"50.00\",denomination:50.00,qty:0,amount:0.0],[caption:\"20.00\",denomination:20.00,qty:0,amount:0.0],[caption:\"10.00\",denomination:10.00,qty:1,amount:10.00],[caption:\"Coins\",denomination:1.00,qty:8.00,amount:8.00]],txnno:\"LIQ-2012-00004\",depositedbyid:\"PERSNL-77eb9ad:1362de475cb:-7fe7\",depositedbyname:\"WORGIE FLORES\",depositedbytitle:\"CASHIER 1\"]',NULL,NULL,'[[noncash:0.0,cash:14.00,amount:14.00,cashiername:\"WORGIE FLORES\",cashierid:\"PERSNL-77eb9ad:1362de475cb:-7fe7\",cashiertitle:\"CASHIER 1\",denominations:[[caption:\"1000.00\",denomination:1000.00,qty:0,amount:0.0],[caption:\"500.00\",denomination:500.00,qty:0,amount:0.0],[caption:\"200.00\",denomination:200.00,qty:0,amount:0.0],[caption:\"100.00\",denomination:100.00,qty:0,amount:0.0],[caption:\"50.00\",denomination:50.00,qty:0,amount:0.0],[caption:\"20.00\",denomination:20.00,qty:0,amount:0.0],[caption:\"10.00\",denomination:10.00,qty:1,amount:10.00],[caption:\"Coins\",denomination:1.00,qty:8.00,amount:8.00]],cashier:null,fundname:\"GENERAL\",fundid:\"GENERAL\",noncashpayments:[]],[noncash:0.0,cash:4.00,amount:4.00,cashiername:\"WORGIE FLORES\",cashierid:\"PERSNL-77eb9ad:1362de475cb:-7fe7\",cashiertitle:\"CASHIER 1\",denominations:[[caption:\"1000.00\",denomination:1000.00,qty:0,amount:0.0],[caption:\"500.00\",denomination:500.00,qty:0,amount:0.0],[caption:\"200.00\",denomination:200.00,qty:0,amount:0.0],[caption:\"100.00\",denomination:100.00,qty:0,amount:0.0],[caption:\"50.00\",denomination:50.00,qty:0,amount:0.0],[caption:\"20.00\",denomination:20.00,qty:0,amount:0.0],[caption:\"10.00\",denomination:10.00,qty:1,amount:10.00],[caption:\"Coins\",denomination:1.00,qty:8.00,amount:8.00]],cashier:null,fundname:\"SEF\",fundid:\"SEF\",noncashpayments:[]]]','single'),('LIQ-64adc1db:136e1effa44:-7fc4','liquidation:liquidation','1.0','OPEN','2012-04-24','[txndate:\"2012-04-24\",liquidatingofficerid:\"PERSNL-77eb9ad:1362de475cb:-7fe6\",liquidatingofficername:\"ARNEL RETIZA\",liquidatingofficertitle:\"LIQUIDATING OFFICER\",amount:2100.00,totalcash:2100.00,totalotherpayment:0.00,d1000qty:0,d500qty:0,d200qty:0,d100qty:0,d50qty:0,d20qty:0,d10qty:0,coins:0.00,treasurername:null,treasurertitle:null,denominations:[[caption:\"1000.00\",denomination:1000.00,qty:2,amount:2000.00],[caption:\"500.00\",denomination:500.00,qty:0,amount:0.0],[caption:\"200.00\",denomination:200.00,qty:0,amount:0.0],[caption:\"100.00\",denomination:100.00,qty:1,amount:100.00],[caption:\"50.00\",denomination:50.00,qty:0,amount:0.0],[caption:\"20.00\",denomination:20.00,qty:0,amount:0.0],[caption:\"10.00\",denomination:10.00,qty:0,amount:0.0],[caption:\"Coins\",denomination:1.00,qty:0,amount:0.0]],txnno:\"LIQ-2012-00003\",depositedbyid:\"PERSNL-77eb9ad:1362de475cb:-7fe7\",depositedbyname:\"WORGIE FLORES\",depositedbytitle:\"CASHIER 1\"]',NULL,NULL,'[[noncash:0.0,cash:2100.00,amount:2100.00,cashiername:\"WORGIE FLORES\",cashierid:\"PERSNL-77eb9ad:1362de475cb:-7fe7\",cashiertitle:\"CASHIER 1\",denominations:[[caption:\"1000.00\",denomination:1000.00,qty:2,amount:2000.00],[caption:\"500.00\",denomination:500.00,qty:0,amount:0.0],[caption:\"200.00\",denomination:200.00,qty:0,amount:0.0],[caption:\"100.00\",denomination:100.00,qty:1,amount:100.00],[caption:\"50.00\",denomination:50.00,qty:0,amount:0.0],[caption:\"20.00\",denomination:20.00,qty:0,amount:0.0],[caption:\"10.00\",denomination:10.00,qty:0,amount:0.0],[caption:\"Coins\",denomination:1.00,qty:0,amount:0.0]],cashier:null,fundname:\"GENERAL\",fundid:\"GENERAL\",noncashpayments:[]]]','single'),('LIQ-77eb9ad:1362de475cb:-7fbb','liquidation:liquidation','1.0','OPEN','2012-03-20','[txndate:\"2012-03-20\",liquidatingofficerid:\"PERSNL-77eb9ad:1362de475cb:-7fe6\",liquidatingofficername:\"ARNEL RETIZA\",liquidatingofficertitle:\"LIQUIDATING OFFICER\",amount:202.00,totalcash:102.00,totalotherpayment:100.00,d1000qty:0,d500qty:0,d200qty:0,d100qty:0,d50qty:0,d20qty:0,d10qty:0,coins:0.00,treasurername:null,treasurertitle:null,denominations:[[caption:\"1000.00\",denomination:1000.00,qty:0,amount:0.0],[caption:\"500.00\",denomination:500.00,qty:0,amount:0.0],[caption:\"200.00\",denomination:200.00,qty:0,amount:0.0],[caption:\"100.00\",denomination:100.00,qty:0,amount:0.0],[caption:\"50.00\",denomination:50.00,qty:2,amount:100.00],[caption:\"20.00\",denomination:20.00,qty:0,amount:0.0],[caption:\"10.00\",denomination:10.00,qty:0,amount:0.0],[caption:\"Coins\",denomination:1.00,qty:2.00,amount:2.00]],txnno:\"LIQ-2012-00001\",depositedbyid:\"PERSNL-77eb9ad:1362de475cb:-7fe7\",depositedbyname:\"WORGIE FLORES\",depositedbytitle:\"CASHIER 1\"]',NULL,NULL,'[[noncash:0.0,cash:202.00,amount:202.00,cashiername:\"WORGIE FLORES\",cashierid:\"PERSNL-77eb9ad:1362de475cb:-7fe7\",cashiertitle:\"CASHIER 1\",denominations:[[caption:\"1000.00\",denomination:1000.00,qty:0,amount:0.0],[caption:\"500.00\",denomination:500.00,qty:0,amount:0.0],[caption:\"200.00\",denomination:200.00,qty:0,amount:0.0],[caption:\"100.00\",denomination:100.00,qty:0,amount:0.0],[caption:\"50.00\",denomination:50.00,qty:2,amount:100.00],[caption:\"20.00\",denomination:20.00,qty:0,amount:0.0],[caption:\"10.00\",denomination:10.00,qty:0,amount:0.0],[caption:\"Coins\",denomination:1.00,qty:2.00,amount:2.00]],cashier:null,fundname:\"GENERAL\",fundid:\"GENERAL\",noncashpayments:[]]]','single'),('LIQ77418285:1361e9efa56:-7fde','liquidation:liquidation','1.0','OPEN','2012-03-17','[txndate:\"2012-03-17\",liquidatingofficerid:\"PERSNL2ee013e8:1361a54a166:-7ff7\",liquidatingofficername:\"WINDHEL PALEN\",liquidatingofficertitle:\"LIQUIDATING OFFICER - III\",amount:50.00,totalcash:50.00,totalotherpayment:0.00,d1000qty:0,d500qty:0,d200qty:0,d100qty:0,d50qty:0,d20qty:0,d10qty:0,coins:0.00,treasurername:\"JESSIE ZAMORA\",treasurertitle:\"MUNICIPAL TREASURER\",denominations:[[caption:\"1000.00\",denomination:1000.00,qty:0,amount:0.0],[caption:\"500.00\",denomination:500.00,qty:0,amount:0.0],[caption:\"200.00\",denomination:200.00,qty:0,amount:0.0],[caption:\"100.00\",denomination:100.00,qty:0,amount:0.0],[caption:\"50.00\",denomination:50.00,qty:1,amount:50.00],[caption:\"20.00\",denomination:20.00,qty:0,amount:0.0],[caption:\"10.00\",denomination:10.00,qty:0,amount:0.0],[caption:\"Coins\",denomination:1.00,qty:0,amount:0.0]],txnno:\"LIQ-2012-00001\",depositedbyid:\"PERSNL77418285:1361e9efa56:-7fe6\",depositedbyname:\"JESSIE ZAMORA\",depositedbytitle:\"CASHIER - I\"]',NULL,NULL,'[[noncash:0.0,cash:50.00,amount:50.00,cashiername:\"JESSIE ZAMORA\",cashierid:\"PERSNL77418285:1361e9efa56:-7fe6\",cashiertitle:\"CASHIER - I\",denominations:[[caption:\"1000.00\",denomination:1000.00,qty:0,amount:0.0],[caption:\"500.00\",denomination:500.00,qty:0,amount:0.0],[caption:\"200.00\",denomination:200.00,qty:0,amount:0.0],[caption:\"100.00\",denomination:100.00,qty:0,amount:0.0],[caption:\"50.00\",denomination:50.00,qty:1,amount:50.00],[caption:\"20.00\",denomination:20.00,qty:0,amount:0.0],[caption:\"10.00\",denomination:10.00,qty:0,amount:0.0],[caption:\"Coins\",denomination:1.00,qty:0,amount:0.0]],cashier:null,fundname:\"GENERAL\",fundid:\"GENERAL\",noncashpayments:[]]]','single');

/*Table structure for table `liquidationlist` */

DROP TABLE IF EXISTS `liquidationlist`;

CREATE TABLE `liquidationlist` (
  `objid` varchar(50) NOT NULL,
  `docstate` varchar(50) NOT NULL,
  `txnno` varchar(20) NOT NULL,
  `txndate` date NOT NULL,
  `iyear` int(11) NOT NULL,
  `iqtr` int(11) NOT NULL,
  `imonth` int(11) NOT NULL,
  `iday` int(11) NOT NULL,
  `txntimestamp` varchar(15) NOT NULL,
  `liquidatingofficerid` varchar(50) NOT NULL,
  `liquidatingofficername` varchar(100) NOT NULL,
  `liquidatingofficertitle` varchar(30) NOT NULL,
  `amount` decimal(10,2) default NULL,
  `totalcash` decimal(10,2) default NULL,
  `totalotherpayment` decimal(10,2) default NULL,
  `depositid` varchar(50) default NULL,
  `dtdeposited` date default NULL,
  `depositedbyid` varchar(50) default NULL,
  `depositedbyname` varchar(100) default NULL,
  `depositedbytitle` varchar(50) default NULL,
  `opener` varchar(50) NOT NULL,
  PRIMARY KEY  (`objid`),
  KEY `ix_liquidationlist_period` (`iyear`,`iqtr`,`imonth`),
  CONSTRAINT `FK_liquidation` FOREIGN KEY (`objid`) REFERENCES `liquidation` (`objid`)
) ENGINE=InnoDB DEFAULT CHARSET=latin1;

/*Data for the table `liquidationlist` */

insert  into `liquidationlist`(`objid`,`docstate`,`txnno`,`txndate`,`iyear`,`iqtr`,`imonth`,`iday`,`txntimestamp`,`liquidatingofficerid`,`liquidatingofficername`,`liquidatingofficertitle`,`amount`,`totalcash`,`totalotherpayment`,`depositid`,`dtdeposited`,`depositedbyid`,`depositedbyname`,`depositedbytitle`,`opener`) values ('LIQ-3bcd7395:136585a9dee:-7fc9','OPEN','LIQ-2012-00002','2012-03-28',2012,1,3,28,'201210328','PERSNL-77eb9ad:1362de475cb:-7fe6','ARNEL RETIZA','LIQUIDATING OFFICER','30307.95','30307.95','0.00',NULL,NULL,'PERSNL-77eb9ad:1362de475cb:-7fe7','WORGIE FLORES','CASHIER 1','single'),('LIQ-64adc1db:136e1effa44:-7fa1','CLOSED','LIQ-2012-00004','2012-04-24',2012,2,4,24,'201220424','PERSNL-77eb9ad:1362de475cb:-7fe6','ARNEL RETIZA','LIQUIDATING OFFICER','18.00','18.00','0.00',NULL,NULL,'PERSNL-77eb9ad:1362de475cb:-7fe7','WORGIE FLORES','CASHIER 1','single'),('LIQ-64adc1db:136e1effa44:-7fc4','CLOSED','LIQ-2012-00003','2012-04-24',2012,2,4,24,'201220424','PERSNL-77eb9ad:1362de475cb:-7fe6','ARNEL RETIZA','LIQUIDATING OFFICER','2100.00','2100.00','0.00',NULL,NULL,'PERSNL-77eb9ad:1362de475cb:-7fe7','WORGIE FLORES','CASHIER 1','single'),('LIQ-77eb9ad:1362de475cb:-7fbb','OPEN','LIQ-2012-00001','2012-03-20',2012,1,3,20,'201210320','PERSNL-77eb9ad:1362de475cb:-7fe6','ARNEL RETIZA','LIQUIDATING OFFICER','202.00','102.00','100.00',NULL,NULL,'PERSNL-77eb9ad:1362de475cb:-7fe7','WORGIE FLORES','CASHIER 1','single');

/*Table structure for table `liquidationrcd` */

DROP TABLE IF EXISTS `liquidationrcd`;

CREATE TABLE `liquidationrcd` (
  `objid` varchar(50) NOT NULL,
  `docstate` varchar(20) NOT NULL,
  `schemaname` varchar(25) NOT NULL,
  `schemaversion` varchar(5) NOT NULL,
  `liquidationid` varchar(50) NOT NULL,
  `liquidationno` varchar(25) NOT NULL,
  `liquidationdate` date NOT NULL,
  `lqofficerid` varchar(50) NOT NULL,
  `lqofficername` varchar(100) NOT NULL,
  `lqofficertitle` varchar(50) NOT NULL,
  `fundid` varchar(50) NOT NULL,
  `fundname` varchar(100) NOT NULL,
  `cashierid` varchar(50) NOT NULL,
  `cashiername` varchar(100) NOT NULL,
  `cashiertitle` varchar(50) NOT NULL,
  `cash` decimal(14,2) NOT NULL,
  `noncash` decimal(14,2) NOT NULL,
  `amount` decimal(14,2) NOT NULL,
  `denominations` text NOT NULL,
  `noncashpayments` text NOT NULL,
  `depositid` varchar(50) default NULL,
  `dtdeposited` date default NULL,
  PRIMARY KEY  (`objid`),
  KEY `FK_liquidationrcd` (`liquidationid`),
  KEY `FK_liquidationrcd_fund` (`fundid`),
  KEY `lqofficerid` (`lqofficerid`),
  KEY `ix_liquidationrcd_cashierid` (`cashierid`),
  CONSTRAINT `FK_liquidationrcd` FOREIGN KEY (`liquidationid`) REFERENCES `liquidation` (`objid`),
  CONSTRAINT `FK_liquidationrcd_fund` FOREIGN KEY (`fundid`) REFERENCES `fund` (`objid`)
) ENGINE=InnoDB DEFAULT CHARSET=latin1;

/*Data for the table `liquidationrcd` */

insert  into `liquidationrcd`(`objid`,`docstate`,`schemaname`,`schemaversion`,`liquidationid`,`liquidationno`,`liquidationdate`,`lqofficerid`,`lqofficername`,`lqofficertitle`,`fundid`,`fundname`,`cashierid`,`cashiername`,`cashiertitle`,`cash`,`noncash`,`amount`,`denominations`,`noncashpayments`,`depositid`,`dtdeposited`) values ('LR-3bcd7395:136585a9dee:-7fc7','CLOSED','liquidationrcd','1.0','LIQ-3bcd7395:136585a9dee:-7fc9','LIQ-2012-00002','2012-03-28','PERSNL-77eb9ad:1362de475cb:-7fe6','ARNEL RETIZA','LIQUIDATING OFFICER','SEF','SEF','PERSNL-77eb9ad:1362de475cb:-7fe7','WORGIE FLORES','CASHIER 1','13284.60','0.00','13284.60','[[caption:\"1000.00\",denomination:1000.00,qty:30,amount:30000.00],[caption:\"500.00\",denomination:500.00,qty:0,amount:0.0],[caption:\"200.00\",denomination:200.00,qty:0,amount:0.0],[caption:\"100.00\",denomination:100.00,qty:3,amount:300.00],[caption:\"50.00\",denomination:50.00,qty:0,amount:0.0],[caption:\"20.00\",denomination:20.00,qty:0,amount:0.0],[caption:\"10.00\",denomination:10.00,qty:0,amount:0.0],[caption:\"Coins\",denomination:1.00,qty:7.95,amount:7.9500]]','[]','D-3bcd7395:136585a9dee:-7fc2','2012-03-28'),('LR-3bcd7395:136585a9dee:-7fc8','CLOSED','liquidationrcd','1.0','LIQ-3bcd7395:136585a9dee:-7fc9','LIQ-2012-00002','2012-03-28','PERSNL-77eb9ad:1362de475cb:-7fe6','ARNEL RETIZA','LIQUIDATING OFFICER','GENERAL','GENERAL','PERSNL-77eb9ad:1362de475cb:-7fe7','WORGIE FLORES','CASHIER 1','17023.35','0.00','17023.35','[[caption:\"1000.00\",denomination:1000.00,qty:30,amount:30000.00],[caption:\"500.00\",denomination:500.00,qty:0,amount:0.0],[caption:\"200.00\",denomination:200.00,qty:0,amount:0.0],[caption:\"100.00\",denomination:100.00,qty:3,amount:300.00],[caption:\"50.00\",denomination:50.00,qty:0,amount:0.0],[caption:\"20.00\",denomination:20.00,qty:0,amount:0.0],[caption:\"10.00\",denomination:10.00,qty:0,amount:0.0],[caption:\"Coins\",denomination:1.00,qty:7.95,amount:7.9500]]','[]','D-3bcd7395:136585a9dee:-7fc2','2012-03-28'),('LR-64adc1db:136e1effa44:-7f9f','CLOSED','liquidationrcd','1.0','LIQ-64adc1db:136e1effa44:-7fa1','LIQ-2012-00004','2012-04-24','PERSNL-77eb9ad:1362de475cb:-7fe6','ARNEL RETIZA','LIQUIDATING OFFICER','SEF','SEF','PERSNL-77eb9ad:1362de475cb:-7fe7','WORGIE FLORES','CASHIER 1','4.00','0.00','4.00','[[caption:\"1000.00\",denomination:1000.00,qty:0,amount:0.0],[caption:\"500.00\",denomination:500.00,qty:0,amount:0.0],[caption:\"200.00\",denomination:200.00,qty:0,amount:0.0],[caption:\"100.00\",denomination:100.00,qty:0,amount:0.0],[caption:\"50.00\",denomination:50.00,qty:0,amount:0.0],[caption:\"20.00\",denomination:20.00,qty:0,amount:0.0],[caption:\"10.00\",denomination:10.00,qty:1,amount:10.00],[caption:\"Coins\",denomination:1.00,qty:8.00,amount:8.00]]','[]','D-64adc1db:136e1effa44:-7f9d','2012-04-24'),('LR-64adc1db:136e1effa44:-7fa0','CLOSED','liquidationrcd','1.0','LIQ-64adc1db:136e1effa44:-7fa1','LIQ-2012-00004','2012-04-24','PERSNL-77eb9ad:1362de475cb:-7fe6','ARNEL RETIZA','LIQUIDATING OFFICER','GENERAL','GENERAL','PERSNL-77eb9ad:1362de475cb:-7fe7','WORGIE FLORES','CASHIER 1','14.00','0.00','14.00','[[caption:\"1000.00\",denomination:1000.00,qty:0,amount:0.0],[caption:\"500.00\",denomination:500.00,qty:0,amount:0.0],[caption:\"200.00\",denomination:200.00,qty:0,amount:0.0],[caption:\"100.00\",denomination:100.00,qty:0,amount:0.0],[caption:\"50.00\",denomination:50.00,qty:0,amount:0.0],[caption:\"20.00\",denomination:20.00,qty:0,amount:0.0],[caption:\"10.00\",denomination:10.00,qty:1,amount:10.00],[caption:\"Coins\",denomination:1.00,qty:8.00,amount:8.00]]','[]','D-64adc1db:136e1effa44:-7f9d','2012-04-24'),('LR-64adc1db:136e1effa44:-7fc3','CLOSED','liquidationrcd','1.0','LIQ-64adc1db:136e1effa44:-7fc4','LIQ-2012-00003','2012-04-24','PERSNL-77eb9ad:1362de475cb:-7fe6','ARNEL RETIZA','LIQUIDATING OFFICER','GENERAL','GENERAL','PERSNL-77eb9ad:1362de475cb:-7fe7','WORGIE FLORES','CASHIER 1','2100.00','0.00','2100.00','[[caption:\"1000.00\",denomination:1000.00,qty:2,amount:2000.00],[caption:\"500.00\",denomination:500.00,qty:0,amount:0.0],[caption:\"200.00\",denomination:200.00,qty:0,amount:0.0],[caption:\"100.00\",denomination:100.00,qty:1,amount:100.00],[caption:\"50.00\",denomination:50.00,qty:0,amount:0.0],[caption:\"20.00\",denomination:20.00,qty:0,amount:0.0],[caption:\"10.00\",denomination:10.00,qty:0,amount:0.0],[caption:\"Coins\",denomination:1.00,qty:0,amount:0.0]]','[]','D-64adc1db:136e1effa44:-7fc1','2012-04-24'),('LR-77eb9ad:1362de475cb:-7fba','CLOSED','liquidationrcd','1.0','LIQ-77eb9ad:1362de475cb:-7fbb','LIQ-2012-00001','2012-03-20','PERSNL-77eb9ad:1362de475cb:-7fe6','ARNEL RETIZA','LIQUIDATING OFFICER','GENERAL','GENERAL','PERSNL-77eb9ad:1362de475cb:-7fe7','WORGIE FLORES','CASHIER 1','202.00','0.00','202.00','[[caption:\"1000.00\",denomination:1000.00,qty:0,amount:0.0],[caption:\"500.00\",denomination:500.00,qty:0,amount:0.0],[caption:\"200.00\",denomination:200.00,qty:0,amount:0.0],[caption:\"100.00\",denomination:100.00,qty:0,amount:0.0],[caption:\"50.00\",denomination:50.00,qty:2,amount:100.00],[caption:\"20.00\",denomination:20.00,qty:0,amount:0.0],[caption:\"10.00\",denomination:10.00,qty:0,amount:0.0],[caption:\"Coins\",denomination:1.00,qty:2.00,amount:2.00]]','[]','D-77eb9ad:1362de475cb:-7fb8','2012-03-20');

/*Table structure for table `lob` */

DROP TABLE IF EXISTS `lob`;

CREATE TABLE `lob` (
  `objid` varchar(50) NOT NULL,
  `schemaname` varchar(25) NOT NULL,
  `schemaversion` varchar(5) NOT NULL,
  `docstate` varchar(10) NOT NULL,
  `name` varchar(100) NOT NULL,
  `classificationid` varchar(50) NOT NULL,
  `classification` varchar(50) NOT NULL,
  `attributes` text,
  PRIMARY KEY  (`objid`),
  UNIQUE KEY `ux_lob_name` (`name`),
  KEY `FK_lob` (`classificationid`),
  CONSTRAINT `FK_lob` FOREIGN KEY (`classificationid`) REFERENCES `lobclassification` (`objid`)
) ENGINE=InnoDB DEFAULT CHARSET=latin1;

/*Data for the table `lob` */

insert  into `lob`(`objid`,`schemaname`,`schemaversion`,`docstate`,`name`,`classificationid`,`classification`,`attributes`) values ('L-12f70615:1362b0b3421:-7feb','lob','1.0','APPROVED','SARI2X STORE','LC68fbd6ca:135e5876658:-7fe3','RETAILERS','[]'),('L-67039395:136b9d6e2fe:-7ff5','lob','1.0','APPROVED','INTERNET SHOP','LC68fbd6ca:135e5876658:-7fdf','SERVICES','[]'),('L45c5662b:13633239641:-7fa3','lob','1.0','APPROVED','MAHJONG','LC68fbd6ca:135e5876658:-7fc7','AMUSEMENTS','[[description:\"BUSINESS WITH TABLES\",name:\"WITH_TABLES\",objid:\"WITH_TABLES\"]]'),('L45c5662b:13633239641:-7fb1','lob','1.0','APPROVED','BILLIARD','LC68fbd6ca:135e5876658:-7fc7','AMUSEMENTS','[[description:\"BUSINESS WITH TABLES\",name:\"WITH_TABLES\",objid:\"WITH_TABLES\"]]'),('L45c5662b:13633239641:-7ff6','lob','1.0','APPROVED','ICE CREAM MAKER','LC68fbd6ca:135e5876658:-7fe1','MANUFACTURERS','[[description:\"ESSENTIAL\",name:\"ESSENTIAL\",objid:\"ESSENTIAL\"]]'),('L45c5662b:13633239641:-7ff8','lob','1.0','APPROVED','RICE RETAILER','LC68fbd6ca:135e5876658:-7fe3','RETAILERS','[[description:\"ESSENTIAL\",name:\"ESSENTIAL\",objid:\"ESSENTIAL\"]]');

/*Table structure for table `lobattribute` */

DROP TABLE IF EXISTS `lobattribute`;

CREATE TABLE `lobattribute` (
  `objid` varchar(50) NOT NULL,
  `name` varchar(50) NOT NULL,
  `description` varchar(100) default NULL,
  PRIMARY KEY  (`objid`)
) ENGINE=InnoDB DEFAULT CHARSET=latin1;

/*Data for the table `lobattribute` */

insert  into `lobattribute`(`objid`,`name`,`description`) values ('ESSENTIAL','ESSENTIAL','ESSENTIAL'),('HAS_WEIGHTS_AND_MEASURE','HAS_WEIGHTS_AND_MEASURE','HAS WEIGHTS AND MEASURE'),('WITH_TABLES','WITH_TABLES','BUSINESS WITH TABLES');

/*Table structure for table `lobclassification` */

DROP TABLE IF EXISTS `lobclassification`;

CREATE TABLE `lobclassification` (
  `objid` varchar(50) NOT NULL,
  `schemaname` varchar(25) NOT NULL,
  `schemaversion` varchar(5) NOT NULL,
  `name` varchar(100) NOT NULL,
  `remarks` varchar(100) default NULL,
  PRIMARY KEY  (`objid`),
  UNIQUE KEY `ux_lobclassification_name` (`name`)
) ENGINE=InnoDB DEFAULT CHARSET=latin1;

/*Data for the table `lobclassification` */

insert  into `lobclassification`(`objid`,`schemaname`,`schemaversion`,`name`,`remarks`) values ('LC68fbd6ca:135e5876658:-7e49','lobclassification','1.0','REPACKERS',NULL),('LC68fbd6ca:135e5876658:-7e64','lobclassification','1.0','IMPORTERS',NULL),('LC68fbd6ca:135e5876658:-7e79','lobclassification','1.0','DISTILLERS',NULL),('LC68fbd6ca:135e5876658:-7e7b','lobclassification','1.0','PROCESSORS',NULL),('LC68fbd6ca:135e5876658:-7e7d','lobclassification','1.0','ASSEMBLERS',NULL),('LC68fbd6ca:135e5876658:-7fbf','lobclassification','1.0','WHOLESALERS',NULL),('LC68fbd6ca:135e5876658:-7fc7','lobclassification','1.0','AMUSEMENTS',NULL),('LC68fbd6ca:135e5876658:-7fd4','lobclassification','1.0','DEALERS',NULL),('LC68fbd6ca:135e5876658:-7fd8','lobclassification','1.0','DISTRIBUTORS',NULL),('LC68fbd6ca:135e5876658:-7fda','lobclassification','1.0','PRODUCERS',NULL),('LC68fbd6ca:135e5876658:-7fdf','lobclassification','1.0','SERVICES',NULL),('LC68fbd6ca:135e5876658:-7fe1','lobclassification','1.0','MANUFACTURERS',NULL),('LC68fbd6ca:135e5876658:-7fe3','lobclassification','1.0','RETAILERS',NULL);

/*Table structure for table `machassesslevel` */

DROP TABLE IF EXISTS `machassesslevel`;

CREATE TABLE `machassesslevel` (
  `objid` varchar(50) NOT NULL,
  `machrysettingid` varchar(50) NOT NULL,
  `code` varchar(10) NOT NULL,
  `name` varchar(50) NOT NULL,
  `fixrate` int(11) NOT NULL,
  `rate` decimal(10,2) NOT NULL,
  `previd` varchar(50) default NULL,
  `ranges` text,
  PRIMARY KEY  (`objid`)
) ENGINE=MyISAM DEFAULT CHARSET=latin1;

/*Data for the table `machassesslevel` */

insert  into `machassesslevel`(`objid`,`machrysettingid`,`code`,`name`,`fixrate`,`rate`,`previd`,`ranges`) values ('AL-62eb6464:13642754aed:-7f97','MRY52647b4a:13642a8c8a1:-2294','AGR','AGRICULTURAL',1,'40.00',NULL,'[]'),('AL-62eb6464:13642754aed:-7f96','MRY52647b4a:13642a8c8a1:-2294','80','RESIDENTIAL',1,'80.00',NULL,'[]'),('AL-62eb6464:13642754aed:-7f95','MRY52647b4a:13642a8c8a1:-2294','REL','RELIGIOUS',1,'80.00',NULL,'[]'),('AL-62eb6464:13642754aed:-7f94','MRY52647b4a:13642a8c8a1:-2294','GOV','GOVERNMENT',1,'40.00',NULL,'[]');

/*Table structure for table `machforex` */

DROP TABLE IF EXISTS `machforex`;

CREATE TABLE `machforex` (
  `objid` varchar(50) NOT NULL,
  `machrysettingid` varchar(50) NOT NULL,
  `iyear` int(10) NOT NULL,
  `forex` decimal(10,6) NOT NULL,
  `previd` varchar(50) default NULL,
  PRIMARY KEY  (`objid`)
) ENGINE=MyISAM DEFAULT CHARSET=latin1;

/*Data for the table `machforex` */

/*Table structure for table `machines` */

DROP TABLE IF EXISTS `machines`;

CREATE TABLE `machines` (
  `objid` varchar(50) NOT NULL,
  `schemaname` varchar(50) NOT NULL,
  `schemaversion` varchar(10) NOT NULL,
  `machinecode` varchar(10) NOT NULL,
  `machinedesc` varchar(100) NOT NULL,
  `economiclife` int(11) NOT NULL,
  `residualrate` decimal(10,2) NOT NULL,
  PRIMARY KEY  (`objid`)
) ENGINE=InnoDB DEFAULT CHARSET=latin1 ROW_FORMAT=DYNAMIC;

/*Data for the table `machines` */

insert  into `machines`(`objid`,`schemaname`,`schemaversion`,`machinecode`,`machinedesc`,`economiclife`,`residualrate`) values ('MACH-62eb6464:13642754aed:-7fe1','machines:machines','1.0','03','ELEVATOR',0,'40.00'),('MACH-62eb6464:13642754aed:-7fe4','machines:machines','1.0','02','AIRCONDITION',0,'40.00'),('MACH-62eb6464:13642754aed:-7fe5','machines:machines','1.0','01','TABLE SAW',0,'10.00');

/*Table structure for table `machrysetting` */

DROP TABLE IF EXISTS `machrysetting`;

CREATE TABLE `machrysetting` (
  `objid` varchar(50) NOT NULL,
  `schemaname` varchar(50) NOT NULL,
  `schemaversion` varchar(5) NOT NULL,
  `ry` int(11) NOT NULL,
  `previd` varchar(50) default NULL,
  PRIMARY KEY  (`objid`)
) ENGINE=MyISAM DEFAULT CHARSET=latin1;

/*Data for the table `machrysetting` */

insert  into `machrysetting`(`objid`,`schemaname`,`schemaversion`,`ry`,`previd`) values ('MRY52647b4a:13642a8c8a1:-2294','machrysetting','1.0',2010,NULL);

/*Table structure for table `materials` */

DROP TABLE IF EXISTS `materials`;

CREATE TABLE `materials` (
  `objid` varchar(50) NOT NULL,
  `schemaname` varchar(50) NOT NULL,
  `schemaversion` varchar(10) NOT NULL,
  `materialcode` varchar(10) NOT NULL,
  `materialdesc` varchar(100) NOT NULL,
  PRIMARY KEY  (`objid`)
) ENGINE=InnoDB DEFAULT CHARSET=latin1 ROW_FORMAT=DYNAMIC;

/*Data for the table `materials` */

insert  into `materials`(`objid`,`schemaname`,`schemaversion`,`materialcode`,`materialdesc`) values ('MAT-62eb6464:13642754aed:-7fe7','materials:materials','1.0','ST','STEEL'),('MAT-62eb6464:13642754aed:-7fe8','materials:materials','1.0','WD','WOOD'),('MAT-62eb6464:13642754aed:-7fea','materials:materials','1.0','RC','REINFORCED CONCRETE'),('MAT-62eb6464:13642754aed:-7feb','materials:materials','1.0','A10','AMACAN & PLYWOOD'),('MAT-62eb6464:13642754aed:-7fec','materials:materials','1.0','A1','AMACAN');

/*Table structure for table `miscassesslevel` */

DROP TABLE IF EXISTS `miscassesslevel`;

CREATE TABLE `miscassesslevel` (
  `objid` varchar(50) NOT NULL,
  `miscrysettingid` varchar(50) NOT NULL,
  `code` varchar(10) NOT NULL,
  `name` varchar(50) NOT NULL,
  `fixrate` int(11) NOT NULL,
  `rate` decimal(10,2) NOT NULL,
  `previd` varchar(50) default NULL,
  `ranges` text,
  PRIMARY KEY  (`objid`)
) ENGINE=MyISAM DEFAULT CHARSET=latin1;

/*Data for the table `miscassesslevel` */

/*Table structure for table `miscitems` */

DROP TABLE IF EXISTS `miscitems`;

CREATE TABLE `miscitems` (
  `objid` varchar(50) NOT NULL,
  `schemaname` varchar(50) NOT NULL,
  `schemaversion` varchar(10) NOT NULL,
  `misccode` varchar(10) NOT NULL,
  `miscdesc` varchar(100) NOT NULL,
  PRIMARY KEY  (`objid`)
) ENGINE=InnoDB DEFAULT CHARSET=latin1 ROW_FORMAT=DYNAMIC;

/*Data for the table `miscitems` */

insert  into `miscitems`(`objid`,`schemaname`,`schemaversion`,`misccode`,`miscdesc`) values ('MISC-62eb6464:13642754aed:-7fdc','miscitems:miscitems','1.0','WT','WATER TANKS'),('MISC-62eb6464:13642754aed:-7fdd','miscitems:miscitems','1.0','PF','PEREMETER FENCE');

/*Table structure for table `miscitemvalue` */

DROP TABLE IF EXISTS `miscitemvalue`;

CREATE TABLE `miscitemvalue` (
  `objid` varchar(50) NOT NULL,
  `miscrysettingid` varchar(50) NOT NULL,
  `miscitemid` varchar(50) NOT NULL,
  `miscitemcode` varchar(10) NOT NULL,
  `miscitemname` varchar(100) NOT NULL,
  `expr` varchar(100) NOT NULL,
  `previd` varchar(50) default NULL,
  PRIMARY KEY  (`objid`)
) ENGINE=InnoDB DEFAULT CHARSET=latin1;

/*Data for the table `miscitemvalue` */

/*Table structure for table `miscrysetting` */

DROP TABLE IF EXISTS `miscrysetting`;

CREATE TABLE `miscrysetting` (
  `objid` varchar(50) NOT NULL,
  `schemaname` varchar(50) NOT NULL,
  `schemaversion` varchar(5) NOT NULL,
  `ry` int(11) NOT NULL,
  `previd` varchar(50) default NULL,
  PRIMARY KEY  (`objid`)
) ENGINE=MyISAM DEFAULT CHARSET=latin1;

/*Data for the table `miscrysetting` */

/*Table structure for table `municipal_taxpayer` */

DROP TABLE IF EXISTS `municipal_taxpayer`;

CREATE TABLE `municipal_taxpayer` (
  `objid` varchar(50) NOT NULL,
  `lgu` varchar(50) NOT NULL,
  `taxpayerNo` varchar(15) default NULL,
  `name` varchar(500) NOT NULL,
  `address` varchar(100) NOT NULL,
  `mailAddress` varchar(100) default NULL,
  `provTaxpayerId` varchar(50) default NULL,
  `provTaxpayerNo` varchar(25) default NULL,
  `provTaxpayerName` varchar(500) default NULL,
  `provTaxpayerAddress` varchar(100) default NULL,
  PRIMARY KEY  (`objid`)
) ENGINE=InnoDB DEFAULT CHARSET=latin1;

/*Data for the table `municipal_taxpayer` */

/*Table structure for table `noticeofassessment` */

DROP TABLE IF EXISTS `noticeofassessment`;

CREATE TABLE `noticeofassessment` (
  `objid` varchar(50) NOT NULL,
  `docstate` varchar(25) NOT NULL,
  `docno` varchar(25) NOT NULL,
  `issuedate` date NOT NULL,
  `preparedby` varchar(50) NOT NULL,
  `taxpayername` varchar(1000) NOT NULL,
  `taxpayeraddress` varchar(100) NOT NULL,
  `preparedbytitle` varchar(50) NOT NULL,
  `approvedby` varchar(50) NOT NULL,
  `approvedbytitle` varchar(50) NOT NULL,
  `lgutype` varchar(25) NOT NULL,
  `parentlguname` varchar(50) NOT NULL,
  `lguname` varchar(50) NOT NULL,
  `dtdelivered` date default NULL,
  `receivedby` varchar(50) default NULL,
  `remarks` varchar(200) default NULL,
  `items` text,
  PRIMARY KEY  (`objid`)
) ENGINE=InnoDB DEFAULT CHARSET=latin1;

/*Data for the table `noticeofassessment` */

insert  into `noticeofassessment`(`objid`,`docstate`,`docno`,`issuedate`,`preparedby`,`taxpayername`,`taxpayeraddress`,`preparedbytitle`,`approvedby`,`approvedbytitle`,`lgutype`,`parentlguname`,`lguname`,`dtdelivered`,`receivedby`,`remarks`,`items`) values ('00001','OPEN','00001','2012-03-28','JERSON MAGLASANG','FLORES, WORGIE','CEBU CITY','RPT ASSESSOR','JESSIE ZAMORA','CITY ASSESSOR','CITY','PROVINCE OF BOHOL','CITY OF TAGBILARAN',NULL,NULL,NULL,'[[fullpin:\"100-01-0001-001-05\",rputype:\"land\",txntype:\"ND\",cadastrallotno:\"1234\",totalareasqm:30000.000000,totalav:1200.00,classcode:\"AGR\",barangay:\"BRGY 1\",totalareaha:3.000000,totalmv:3000.00,objid:\"F-a5683f2:136571474b2:-7fc7\",tdno:\"2010-01-0001-00005\"]]'),('00002','OPEN','00002','2012-03-28','JERSON MAGLASANG','VERGARA, JAYROME','CEBU CITY','RPT ASSESSOR','JESSIE ZAMORA','CITY ASSESSOR','CITY','PROVINCE OF BOHOL','CITY OF TAGBILARAN',NULL,NULL,NULL,'[[fullpin:\"100-01-0001-01-06-1001\",rputype:\"bldg\",txntype:\"SD\",cadastrallotno:\"1234\",totalareasqm:200.000000,totalav:600000.00,classcode:\"RES\",barangay:\"BRGY 1\",totalareaha:0.000000,totalmv:750000.00,objid:\"FA-d97c0a6:13657caaf62:-7f6e\",tdno:\"10-01-4000\"]]'),('00003','OPEN','00003','2012-03-28','JERSON MAGLASANG','ZAMORA, JESSIE','CEBU CITY','RPT ASSESSOR','JESSIE ZAMORA','CITY ASSESSOR','CITY','PROVINCE OF BOHOL','CITY OF TAGBILARAN',NULL,NULL,NULL,'[[fullpin:\"100-01-0001-01-06\",rputype:\"land\",txntype:\"SD\",cadastrallotno:\"1234\",totalareasqm:10000.000000,totalav:400.00,classcode:\"AGR\",barangay:\"BRGY 1\",totalareaha:1.000000,totalmv:1000.00,objid:\"F-d97c0a6:13657caaf62:-7f6f\",tdno:\"2010-01-0001-00007\"],[fullpin:\"100-01-0001-01-10\",rputype:\"land\",txntype:\"CS\",cadastrallotno:\"1234\",totalareasqm:20000.000000,totalav:700.00,classcode:\"AGR\",barangay:\"BRGY 1\",totalareaha:2.000000,totalmv:1750.00,objid:\"F-d97c0a6:13657caaf62:-7f61\",tdno:\"2010-01-0001-00009\"]]');

/*Table structure for table `orgtype` */

DROP TABLE IF EXISTS `orgtype`;

CREATE TABLE `orgtype` (
  `name` varchar(50) NOT NULL,
  PRIMARY KEY  (`name`)
) ENGINE=InnoDB DEFAULT CHARSET=latin1;

/*Data for the table `orgtype` */

insert  into `orgtype`(`name`) values ('ADMIN_UNIT'),('BARANGAY');

/*Table structure for table `orgunit` */

DROP TABLE IF EXISTS `orgunit`;

CREATE TABLE `orgunit` (
  `objid` varchar(50) NOT NULL,
  `code` varchar(50) default NULL,
  `title` varchar(255) default NULL,
  `orgtype` varchar(50) default NULL,
  `parentid` varchar(50) default NULL,
  `system` smallint(6) default NULL,
  `reftype` varchar(50) default NULL,
  `refid` varchar(50) default NULL,
  PRIMARY KEY  (`objid`),
  KEY `FK_orgunit` (`orgtype`),
  CONSTRAINT `FK_orgunit` FOREIGN KEY (`orgtype`) REFERENCES `orgtype` (`name`)
) ENGINE=InnoDB DEFAULT CHARSET=latin1;

/*Data for the table `orgunit` */

insert  into `orgunit`(`objid`,`code`,`title`,`orgtype`,`parentid`,`system`,`reftype`,`refid`) values ('AC','AC','ACCOUNTING DEPARTMENT','ADMIN_UNIT',NULL,1,NULL,NULL),('AO','AO','ASSESSOR\'S OFFICE','ADMIN_UNIT',NULL,1,NULL,NULL),('BPLO','BPLO','BUSINESS PERMIT LICENSING OFFICE','ADMIN_UNIT',NULL,1,NULL,NULL),('HR','HR','HR DEPARTMENT','ADMIN_UNIT',NULL,1,NULL,NULL),('IT','IT','IT DEPARTMENT','ADMIN_UNIT',NULL,1,NULL,NULL),('TR','TR','TREASURY DEPARTMENT','ADMIN_UNIT',NULL,1,NULL,NULL);

/*Table structure for table `paymentitem` */

DROP TABLE IF EXISTS `paymentitem`;

CREATE TABLE `paymentitem` (
  `objid` varchar(50) NOT NULL,
  `receiptid` varchar(50) NOT NULL,
  `paytype` varchar(25) NOT NULL,
  `particulars` varchar(200) NOT NULL,
  `amount` decimal(10,2) NOT NULL,
  `extended` text,
  `liquidationid` varchar(50) default NULL,
  `liquidationrcdid` varchar(50) default NULL,
  PRIMARY KEY  (`objid`),
  KEY `ix_paymentitem_rctid` (`receiptid`),
  KEY `ix_paymentitem_rctid_paytype` (`receiptid`,`paytype`),
  KEY `ix_paymentitem_receiptid` (`receiptid`),
  KEY `ix_paymentitem_liquidationid` (`liquidationid`),
  KEY `ix_paymentitem_liquidationrcdid` (`liquidationrcdid`)
) ENGINE=InnoDB DEFAULT CHARSET=latin1;

/*Data for the table `paymentitem` */

insert  into `paymentitem`(`objid`,`receiptid`,`paytype`,`particulars`,`amount`,`extended`,`liquidationid`,`liquidationrcdid`) values ('P-12f70615:1362b0b3421:-7ff0','RCT-12f70615:1362b0b3421:-7ff2','CASH','CASH PAYMENT','100.00','[:]',NULL,NULL),('P-1aba4021:136aa0fa9a0:-7ff6','RCT-1aba4021:136aa0fa9a0:-7ff8','CASH','CASH PAYMENT','10.00','[:]',NULL,NULL),('P-333079d1:136a5c04167:-7ff7','RCT-333079d1:136a5c04167:-7ff9','CASH','CASH PAYMENT','10.00','[:]',NULL,NULL),('P-4fbbdd06:136aab87818:-7ff1','RCT-4fbbdd06:136aab87818:-7ff3','CASH','CASH PAYMENT','10.00','[:]',NULL,NULL),('P-4fbbdd06:136aab87818:-7ff8','RCT-4fbbdd06:136aab87818:-7ffa','CASH','CASH PAYMENT','10.00','[:]',NULL,NULL),('P-5ca1f272:136aa8ef9cc:-7ff3','RCT-5ca1f272:136aa8ef9cc:-7ff5','CASH','CASH PAYMENT','10.00','[:]',NULL,NULL),('P-5dfc4b9f:13651f0a0de:-7fc3','RCT-5dfc4b9f:13651f0a0de:-7fc4','CASH','CASH PAYMENT','50.00','[:]',NULL,NULL),('P-64adc1db:136e1effa44:-7fd2','RCT-64adc1db:136e1effa44:-7fd3','CASH','CASH PAYMENT','10.00','[:]',NULL,NULL),('P-77eb9ad:1362de475cb:-7f33','RCT-77eb9ad:1362de475cb:-7f35','CASH','CASH PAYMENT','1000.00','[:]',NULL,NULL),('P-77eb9ad:1362de475cb:-7f6c','RCT-77eb9ad:1362de475cb:-7f6e','CASH','CASH PAYMENT','100.00','[:]',NULL,NULL),('P-77eb9ad:1362de475cb:-7f9c','RCT-77eb9ad:1362de475cb:-7f9e','CASH','CASH','200.00','[:]',NULL,NULL),('P-77eb9ad:1362de475cb:-7fce','RCT-77eb9ad:1362de475cb:-7fd0','CHECK','CHECK NO.: 123456  DATE: 2012-03-20  BANK: BDO','100.00','[bank:\"BDO\",checkdate:\"2012-03-20\",checkno:\"123456\",checktype:null]',NULL,NULL),('P-77eb9ad:1362de475cb:-7fd4','RCT-77eb9ad:1362de475cb:-7fd6','CASH','CASH PAYMENT','5.00','[:]',NULL,NULL),('P-77eb9ad:1362de475cb:-7fd8','RCT-77eb9ad:1362de475cb:-7fda','CASH','CASH PAYMENT','100.00','[:]',NULL,NULL),('P-787d141c:1363d5b6fa2:-7fd1','RCT-787d141c:1363d5b6fa2:-7fd2','CASH','CASH PAYMENT','30.00','[:]',NULL,NULL),('P-787d141c:1363d5b6fa2:-7fd6','RCT-787d141c:1363d5b6fa2:-7fd7','CASH','CASH PAYMENT','50.00','[:]',NULL,NULL),('P-787d141c:1363d5b6fa2:-7fe7','RCT-787d141c:1363d5b6fa2:-7fe8','CASH','CASH PAYMENT','20.00','[:]',NULL,NULL),('P-787d141c:1363d5b6fa2:-7fec','RCT-787d141c:1363d5b6fa2:-7fed','CASH','CASH PAYMENT','20.00','[:]',NULL,NULL),('P-7ab16a27:136de149d9c:-7fe8','RCT-7ab16a27:136de149d9c:-7fea','CASH','CASH PAYMENT','100.00','[:]',NULL,NULL),('P-a5683f2:136571474b2:-7ff2','RCT-a5683f2:136571474b2:-7ff3','CASH','CASH PAYMENT','50.00','[:]',NULL,NULL),('P-d97c0a6:13657caaf62:-7f7f','RCT-d97c0a6:13657caaf62:-7f80','CASH','CASH PAYMENT','20.00','[:]',NULL,NULL),('P-d97c0a6:13657caaf62:-7f8f','RCT-d97c0a6:13657caaf62:-7f90','CASH','CASH PAYMENT','30.00','[:]',NULL,NULL),('P-d97c0a6:13657caaf62:-7fc5','RCT-d97c0a6:13657caaf62:-7fc6','CASH','CASH PAYMENT','30000.00','[:]',NULL,NULL),('P2a8c8a24:1363832b9dd:-7ff1','RCT2a8c8a24:1363832b9dd:-7ff3','CASH','CASH PAYMENT','100.00','[:]',NULL,NULL),('P3284830e:136dfa7dffc:-7fe1','RCT3284830e:136dfa7dffc:-7fe3','CASH','CASH PAYMENT','500.00','[:]',NULL,NULL),('P3284830e:136dfa7dffc:-7ff0','RCT3284830e:136dfa7dffc:-7ff3','CASH','CASH PAYMENT','2000.00','[:]',NULL,NULL),('P3600cbb4:136a52373df:-7fc8','RCT3600cbb4:136a52373df:-7fca','CASH','CASH PAYMENT','100.00','[:]',NULL,NULL),('P3600cbb4:136a52373df:-7fe0','RCT3600cbb4:136a52373df:-7fe2','CASH','CASH PAYMENT','10.00','[:]',NULL,NULL),('P4eb9968d:13639066586:-7fb9','RCT4eb9968d:13639066586:-7fbb','CASH','CASH PAYMENT','4000.00','[:]',NULL,NULL);

/*Table structure for table `personnel` */

DROP TABLE IF EXISTS `personnel`;

CREATE TABLE `personnel` (
  `objid` varchar(50) NOT NULL,
  `staffno` varchar(50) NOT NULL,
  `firstname` varchar(50) default NULL,
  `lastname` varchar(50) default NULL,
  `middlename` varchar(50) default NULL,
  `gender` char(1) default NULL,
  `birthdate` date default NULL,
  `birthplace` varchar(100) default NULL,
  `civilstatus` varchar(20) default NULL,
  `religion` varchar(20) default NULL,
  `citizenship` varchar(20) default NULL,
  `email` varchar(255) default NULL,
  `contactinfo` mediumtext,
  `primaryaddress` mediumtext,
  `secondaryaddress` mediumtext,
  `spouseinfo` mediumtext,
  PRIMARY KEY  (`objid`),
  UNIQUE KEY `staffno` (`staffno`)
) ENGINE=InnoDB DEFAULT CHARSET=latin1;

/*Data for the table `personnel` */

insert  into `personnel`(`objid`,`staffno`,`firstname`,`lastname`,`middlename`,`gender`,`birthdate`,`birthplace`,`civilstatus`,`religion`,`citizenship`,`email`,`contactinfo`,`primaryaddress`,`secondaryaddress`,`spouseinfo`) values ('admin','00000000','admin','admin',NULL,NULL,NULL,NULL,NULL,NULL,NULL,NULL,NULL,NULL,NULL,NULL),('PERSNL-12f70615:1362b0b3421:-7ffa','1000','JAYROME','VERGARA',NULL,'M',NULL,NULL,NULL,NULL,NULL,'jay@gmail.com',NULL,NULL,NULL,NULL),('PERSNL-261cc787:13661fb74d2:-7ff6','12345','JESSIE','ZAMORA',NULL,'M',NULL,NULL,NULL,NULL,NULL,'jzamss@gmail.com',NULL,NULL,NULL,NULL),('PERSNL-77eb9ad:1362de475cb:-7f2e','7000','JERSON','MAGLASANG',NULL,'M',NULL,NULL,NULL,NULL,NULL,'-',NULL,NULL,NULL,NULL),('PERSNL-77eb9ad:1362de475cb:-7fb1','6000','EMERSON','CHIONG',NULL,'M',NULL,NULL,NULL,NULL,NULL,'-',NULL,NULL,NULL,NULL),('PERSNL-77eb9ad:1362de475cb:-7fe6','5000','ARNEL','RETIZA',NULL,'M',NULL,NULL,NULL,NULL,NULL,'arnel@gmail.com',NULL,NULL,NULL,NULL),('PERSNL-77eb9ad:1362de475cb:-7fe7','4000','WORGIE','FLORES',NULL,'M',NULL,NULL,NULL,NULL,NULL,'worgie@gmail.com',NULL,NULL,NULL,NULL),('PERSNL-77eb9ad:1362de475cb:-7fe8','3000','MIKE','RAMOS',NULL,'M',NULL,NULL,NULL,NULL,NULL,'mike@gmail.com',NULL,NULL,NULL,NULL),('PERSNL-77eb9ad:1362de475cb:-7ffa','2000','REX','ESCARIO',NULL,'M',NULL,NULL,NULL,NULL,NULL,'rex@lgu.gov.ph',NULL,NULL,NULL,NULL),('PERSNL2a8c8a24:1363832b9dd:-7fc3','222222','ROMMEL','LAURON',NULL,'M',NULL,NULL,NULL,NULL,NULL,'rommel@gmail.com',NULL,NULL,NULL,NULL),('PERSNL2e03615d:136b8c85690:-7ffb','888','WINDHEL','PALEN','G','M','1988-01-01',NULL,NULL,NULL,NULL,'windhel@gmail.com',NULL,NULL,NULL,NULL);

/*Table structure for table `pin` */

DROP TABLE IF EXISTS `pin`;

CREATE TABLE `pin` (
  `pin` varchar(30) NOT NULL,
  `claimno` varchar(10) NOT NULL,
  `docstate` varchar(25) NOT NULL,
  PRIMARY KEY  (`pin`,`claimno`),
  UNIQUE KEY `ux_pin_pinclaimno` (`pin`,`claimno`)
) ENGINE=InnoDB DEFAULT CHARSET=latin1;

/*Data for the table `pin` */

insert  into `pin`(`pin`,`claimno`,`docstate`) values ('100-01-0001-001-01','-','CURRENT'),('100-01-0001-001-01-1001','-','CURRENT'),('100-01-0001-001-02','-','CURRENT'),('100-01-0001-001-02-1001','-','INTERIM'),('100-01-0001-001-05','-','CURRENT'),('100-01-0001-001-05','2','CURRENT'),('100-01-0001-001-08','-','CURRENT'),('100-01-0001-001-09','-','CURRENT'),('100-01-0001-002-01','-','CURRENT'),('100-01-0001-003-01','-','CURRENT');

/*Table structure for table `plantsandtrees` */

DROP TABLE IF EXISTS `plantsandtrees`;

CREATE TABLE `plantsandtrees` (
  `objid` varchar(50) NOT NULL,
  `schemaname` varchar(50) NOT NULL,
  `schemaversion` varchar(10) NOT NULL,
  `planttreecode` varchar(20) NOT NULL,
  `planttreedesc` varchar(100) NOT NULL,
  PRIMARY KEY  (`objid`)
) ENGINE=InnoDB DEFAULT CHARSET=latin1 ROW_FORMAT=DYNAMIC;

/*Data for the table `plantsandtrees` */

insert  into `plantsandtrees`(`objid`,`schemaname`,`schemaversion`,`planttreecode`,`planttreedesc`) values ('PT5a8175e8:1364cd23a8e:-7ffa','plantsandtrees:plantsandtrees','1.0','BA','BANANA');

/*Table structure for table `planttreerysetting` */

DROP TABLE IF EXISTS `planttreerysetting`;

CREATE TABLE `planttreerysetting` (
  `objid` varchar(50) NOT NULL,
  `schemaname` varchar(50) NOT NULL,
  `schemaversion` varchar(5) NOT NULL,
  `ry` int(11) NOT NULL,
  `applyagriadjustment` int(11) NOT NULL,
  `previd` varchar(50) default NULL,
  `assesslevels` text NOT NULL,
  `planttreeunits` text NOT NULL,
  PRIMARY KEY  (`objid`)
) ENGINE=MyISAM DEFAULT CHARSET=latin1;

/*Data for the table `planttreerysetting` */

insert  into `planttreerysetting`(`objid`,`schemaname`,`schemaversion`,`ry`,`applyagriadjustment`,`previd`,`assesslevels`,`planttreeunits`) values ('TRY-ab8144b:1364cfce92b:-6477','planttreerysetting','1.0',2010,1,NULL,'[]','[[planttreename:\"BANANA\",planttreerysettingid:\"TRY-ab8144b:1364cfce92b:-6477\",planttreecode:\"BA\",planttreeid:\"PT5a8175e8:1364cd23a8e:-7ffa\"]]');

/*Table structure for table `planttreeunitvalue` */

DROP TABLE IF EXISTS `planttreeunitvalue`;

CREATE TABLE `planttreeunitvalue` (
  `objid` varchar(50) NOT NULL,
  `planttreerysettingid` varchar(50) NOT NULL,
  `planttreeid` varchar(50) NOT NULL,
  `planttreecode` varchar(10) NOT NULL,
  `planttreename` varchar(50) NOT NULL,
  `code` varchar(10) NOT NULL,
  `name` varchar(25) NOT NULL,
  `unitvalue` decimal(10,2) NOT NULL,
  `previd` varchar(50) default NULL,
  PRIMARY KEY  (`objid`)
) ENGINE=InnoDB DEFAULT CHARSET=latin1;

/*Data for the table `planttreeunitvalue` */

/*Table structure for table `postcapture` */

DROP TABLE IF EXISTS `postcapture`;

CREATE TABLE `postcapture` (
  `objid` varchar(50) NOT NULL,
  `schemaname` varchar(50) NOT NULL,
  `schemaversion` varchar(5) NOT NULL,
  `docstate` varchar(25) NOT NULL,
  `dtposted` date NOT NULL,
  `collectorid` varchar(50) NOT NULL,
  `collectorname` varchar(75) NOT NULL,
  `collectortitle` varchar(25) NOT NULL,
  `postedbyid` varchar(50) NOT NULL,
  `postedbyname` varchar(75) NOT NULL,
  `postedbytitle` varchar(25) NOT NULL,
  `amount` decimal(12,2) NOT NULL,
  `summaries` text NOT NULL,
  PRIMARY KEY  (`objid`)
) ENGINE=InnoDB DEFAULT CHARSET=latin1;

/*Data for the table `postcapture` */

insert  into `postcapture`(`objid`,`schemaname`,`schemaversion`,`docstate`,`dtposted`,`collectorid`,`collectorname`,`collectortitle`,`postedbyid`,`postedbyname`,`postedbytitle`,`amount`,`summaries`) values ('PC-787d141c:1363d5b6fa2:-7fcf','postcapture:postcapture','1.0','POSTED','2012-03-23','PERSNL-12f70615:1362b0b3421:-7ffa','VERGARA, JAYROME ','LRCO - I','PERSNL-12f70615:1362b0b3421:-7ffa','VERGARA, JAYROME','LRCO - I','80.00','[[amount:80.00,icount:2,details:[[amount:50.00,serialno:\"0000003\",voided:0,stubno:\"1111111\",payoraddress:\"BOHOL\",opener:\"tc:general_collection\",payorname:\"MIKOY\",voidreason:null,collectiontype:\"GENERAL COLLECTION\",afid:\"51\",objid:\"RCT-787d141c:1363d5b6fa2:-7fd7\"],[amount:30.00,serialno:\"0000004\",voided:0,stubno:\"1111111\",payoraddress:\"BOHOL\",opener:\"tc:general_collection\",payorname:\"REX\",voidreason:null,collectiontype:\"GENERAL COLLECTION\",afid:\"51\",objid:\"RCT-787d141c:1363d5b6fa2:-7fd2\"]],afid:\"51\",detailSize:2]]'),('PC-787d141c:1363d5b6fa2:-7fe5','postcapture:postcapture','1.0','POSTED','2012-03-23','PERSNL-12f70615:1362b0b3421:-7ffa','VERGARA, JAYROME ','LRCO - I','PERSNL-12f70615:1362b0b3421:-7ffa','VERGARA, JAYROME','LRCO - I','40.00','[[amount:40.00,icount:2,details:[[amount:20.00,serialno:\"0000001\",voided:0,stubno:\"1111111\",payoraddress:\"BOHOL\",opener:\"tc:general_collection\",payorname:\"VERGARA JAYROME\",voidreason:null,collectiontype:\"GENERAL COLLECTION\",afid:\"51\",objid:\"RCT-787d141c:1363d5b6fa2:-7fed\"],[amount:20.00,serialno:\"0000002\",voided:0,stubno:\"1111111\",payoraddress:\"BOHOL\",opener:\"tc:general_collection\",payorname:\"OBERES MIKOY\",voidreason:null,collectiontype:\"GENERAL COLLECTION\",afid:\"51\",objid:\"RCT-787d141c:1363d5b6fa2:-7fe8\"]],afid:\"51\",detailSize:2]]');

/*Table structure for table `propertyclassification` */

DROP TABLE IF EXISTS `propertyclassification`;

CREATE TABLE `propertyclassification` (
  `objid` varchar(50) NOT NULL,
  `schemaname` varchar(50) NOT NULL,
  `schemaversion` varchar(5) NOT NULL,
  `propertycode` varchar(10) NOT NULL,
  `propertydesc` varchar(100) NOT NULL,
  `special` tinyint(4) NOT NULL,
  `orderno` int(11) NOT NULL,
  PRIMARY KEY  (`objid`)
) ENGINE=InnoDB DEFAULT CHARSET=latin1 ROW_FORMAT=DYNAMIC;

/*Data for the table `propertyclassification` */

insert  into `propertyclassification`(`objid`,`schemaname`,`schemaversion`,`propertycode`,`propertydesc`,`special`,`orderno`) values ('PC-62eb6464:13642754aed:-7ff6','propertyclassification:propertyclassification','1.0','GOV','GOVERNMENT',1,4),('PC-62eb6464:13642754aed:-7ff7','propertyclassification:propertyclassification','1.0','REL','RELIGIOUS',1,3),('PC-62eb6464:13642754aed:-7ff8','propertyclassification:propertyclassification','1.0','RES','RESIDENTIAL',0,2),('PC-62eb6464:13642754aed:-7ff9','propertyclassification:propertyclassification','1.0','AGR','AGRICULTURAL',0,1),('PC5a8175e8:1364cd23a8e:-7ff2','propertyclassification:propertyclassification','1.0','MIN','MINERAL',0,7),('PC5a8175e8:1364cd23a8e:-7ff3','propertyclassification:propertyclassification','1.0','IND','INDUSTRIAL',0,6),('PC5a8175e8:1364cd23a8e:-7ffc','propertyclassification:propertyclassification','1.0','COM','COMMERCIAL',0,2);

/*Table structure for table `propertypayer` */

DROP TABLE IF EXISTS `propertypayer`;

CREATE TABLE `propertypayer` (
  `objid` varchar(50) NOT NULL,
  `taxpayerid` varchar(50) NOT NULL,
  `taxpayername` varchar(100) NOT NULL,
  `taxpayeraddress` varchar(150) NOT NULL,
  PRIMARY KEY  (`objid`)
) ENGINE=InnoDB DEFAULT CHARSET=latin1;

/*Data for the table `propertypayer` */

/*Table structure for table `propertypayeritem` */

DROP TABLE IF EXISTS `propertypayeritem`;

CREATE TABLE `propertypayeritem` (
  `objid` varchar(50) NOT NULL,
  `propertypayerid` varchar(50) NOT NULL,
  `ledgerid` varchar(50) NOT NULL,
  PRIMARY KEY  (`objid`),
  UNIQUE KEY `ux_propertypayerid_ledgerid` (`propertypayerid`,`ledgerid`)
) ENGINE=InnoDB DEFAULT CHARSET=latin1;

/*Data for the table `propertypayeritem` */

/*Table structure for table `province_taxpayer` */

DROP TABLE IF EXISTS `province_taxpayer`;

CREATE TABLE `province_taxpayer` (
  `objid` varchar(50) NOT NULL,
  `lgu` varchar(50) NOT NULL,
  `taxpayerNo` varchar(15) default NULL,
  `name` varchar(500) NOT NULL,
  `address` varchar(100) NOT NULL,
  `mailAddress` varchar(100) default NULL,
  `mappings` text,
  PRIMARY KEY  (`objid`)
) ENGINE=InnoDB DEFAULT CHARSET=latin1;

/*Data for the table `province_taxpayer` */

/*Table structure for table `reassignedlgu` */

DROP TABLE IF EXISTS `reassignedlgu`;

CREATE TABLE `reassignedlgu` (
  `objid` varchar(50) NOT NULL,
  `schemaName` varchar(50) NOT NULL,
  `schemaVersion` varchar(5) NOT NULL,
  `state` varchar(25) NOT NULL,
  `assignedFromId` varchar(50) NOT NULL,
  `assignedFrom` varchar(100) NOT NULL,
  `assignedToId` varchar(50) NOT NULL,
  `assignedTo` varchar(100) NOT NULL,
  `validUntil` date NOT NULL,
  `reason` varchar(200) NOT NULL,
  `municipalities` varchar(2500) NOT NULL,
  PRIMARY KEY  (`objid`)
) ENGINE=InnoDB DEFAULT CHARSET=latin1;

/*Data for the table `reassignedlgu` */

/*Table structure for table `receipt` */

DROP TABLE IF EXISTS `receipt`;

CREATE TABLE `receipt` (
  `objid` varchar(50) NOT NULL,
  `schemaname` varchar(100) NOT NULL,
  `schemaversion` varchar(25) NOT NULL,
  `docstate` varchar(25) NOT NULL,
  `doctype` varchar(50) NOT NULL,
  `opener` varchar(50) NOT NULL,
  `collectorid` varchar(50) NOT NULL,
  `remittanceid` varchar(50) default NULL,
  `remittanceno` varchar(25) default NULL,
  `remittancedate` date default NULL,
  `info` text NOT NULL,
  `items` text NOT NULL,
  `payments` text NOT NULL,
  `extended` text,
  `voided` int(11) NOT NULL,
  `voidreason` varchar(50) default NULL,
  `capturedbyid` varchar(50) default NULL,
  PRIMARY KEY  (`objid`),
  KEY `ix_receipt_remid` (`remittanceid`),
  KEY `ix_receipt_remno` (`remittanceno`)
) ENGINE=InnoDB DEFAULT CHARSET=latin1;

/*Data for the table `receipt` */

insert  into `receipt`(`objid`,`schemaname`,`schemaversion`,`docstate`,`doctype`,`opener`,`collectorid`,`remittanceid`,`remittanceno`,`remittancedate`,`info`,`items`,`payments`,`extended`,`voided`,`voidreason`,`capturedbyid`) values ('RCT-12f70615:1362b0b3421:-7ff2','receipt:receipt','1.0','CLOSED','MISC','tc:general_collection','PERSNL-12f70615:1362b0b3421:-7ffa','REM-77eb9ad:1362de475cb:-7fc0','REM-2012-00001','2012-03-20','[mode:\"ONLINE\",afid:\"51\",aftype:\"serial\",afcontrolid:\"AF7383e27:1362b22f380:-7ffe\",series:1000001,serialno:\"GP-1000001-W\",stubno:\"1234\",collectiontypeid:\"C1a4bc292:12fb40a39d4:-7ffb\",collectiontype:\"GENERAL COLLECTION\",payorrequired:0,collectorid:\"PERSNL-12f70615:1362b0b3421:-7ffa\",collectorname:\"VERGARA, JAYROME \",collectortitle:\"LOCAL REVENUE COLLECTION OFFICER - I\",amount:50.00,totalpayment:100.00,cash:50.00,otherpayment:0.0,change:50.00,paidby:\"VERGARA, JAYROME\",paidbyaddress:\"CEBU CITY\",dtposted:\"2012-03-19\",txndate:\"2012-03-19\",payorid:null,payorname:\"VERGARA, JAYROME\",payoraddress:\"CEBU CITY\"]','[[acct:null,acctid:\"IA57e27d97:135e1abe297:-7fe0\",acctno:null,accttitle:\"ADMINISTERING OATH\",fundid:\"GENERAL\",fundname:\"GENERAL\",amount:50.00]]','[[paytype:\"CASH\",particulars:\"CASH PAYMENT\",amount:100.00]]','[:]',0,NULL,NULL),('RCT-1aba4021:136aa0fa9a0:-7ff8','receipt:receipt','1.0','CLOSED','CTCI','tc:ctc_individual','PERSNL-12f70615:1362b0b3421:-7ffa','REM-5ca1f272:136aa8ef9cc:-7fdd','REM-2012-00006','2012-04-13','[mode:\"ONLINE\",afid:\"0016\",aftype:\"serial\",afcontrolid:\"AF7b0b31e9:13675dac338:-7ffa\",series:103,serialno:\"00000103\",stubno:\"36\",collectiontypeid:\"C-3adb2070:13322276f1e:-72eb\",collectiontype:\"CTC-INDIVIDUAL\",payorrequired:0,collectorid:\"PERSNL-12f70615:1362b0b3421:-7ffa\",collectorname:\"VERGARA, JAYROME \",collectortitle:\"LRCO - I\",amount:5.00,totalpayment:10.00,cash:5.00,otherpayment:0.0,change:5.00,payer:[info:[lastname:\"CABANTAN\",firstname:\"GRACE\",profession:\"ENGINEER\",tin:\"111\",birthdate:\"1988-01-01\",birthplace:\"CEBU CITY\",citizenship:\"FILIPINO\",gender:\"MALE\",civilstatus:\"SINGLE\",height:\"5\'\",weight:\"40 KG\"],schemaname:\"entity:entity\",remarks:null,entityno:\"00010\",entityaddress:\"CEBU CITY\",mailingaddress:null,entityname:\"CABANTAN, GRACE\",schemaversion:\"1.0\",objid:\"E6a69f048:1367103ed2e:-7ffa\",entitytype:\"individual\"],payorid:\"E6a69f048:1367103ed2e:-7ffa\",payorname:\"CABANTAN, GRACE\",payoraddress:\"CEBU CITY\",paidby:\"CABANTAN, GRACE\",paidbyaddress:\"CEBU CITY\",dtposted:\"2012-04-13\",txndate:\"2012-04-13\"]','[[acctid:\"IA-4184fe6b:135efbfb375:-7cc8\",acctno:null,accttitle:\"PERMIT FEE (MATCHMAKER)\",fundid:\"GENERAL\",fundname:\"GENERAL\",amount:5.00,acct:null]]','[[paytype:\"CASH\",particulars:\"CASH PAYMENT\",amount:10.00]]','[annualsalary:0.00,businessgross:0.00,propertyincome:0.00,tax:[business:0.00,basic:5.00,salary:0.00,interest:0.00,property:0.00]]',0,NULL,NULL),('RCT-333079d1:136a5c04167:-7ff9','receipt:receipt','1.0','CLOSED','CTCI','tc:ctc_individual','PERSNL-12f70615:1362b0b3421:-7ffa','REM-5ca1f272:136aa8ef9cc:-7fdd','REM-2012-00006','2012-04-13','[mode:\"ONLINE\",afid:\"0016\",aftype:\"serial\",afcontrolid:\"AF7b0b31e9:13675dac338:-7ffa\",series:102,serialno:\"00000102\",stubno:\"36\",collectiontypeid:\"C-3adb2070:13322276f1e:-72eb\",collectiontype:\"CTC-INDIVIDUAL\",payorrequired:0,collectorid:\"PERSNL-12f70615:1362b0b3421:-7ffa\",collectorname:\"VERGARA, JAYROME \",collectortitle:\"LRCO - I\",amount:5.00,totalpayment:10.00,cash:5.00,otherpayment:0.0,change:5.00,payer:[info:[lastname:\"VERGARA\",firstname:\"JAYROME\",profession:\"ENGINEER\",tin:\"1234\",birthdate:\"1988-05-24\"],schemaname:\"entity:entity\",remarks:null,entityno:\"00001\",entityaddress:\"CEBU CITY\",mailingaddress:null,entityname:\"VERGARA, JAYROME\",schemaversion:\"1.0\",objid:\"E-12f70615:1362b0b3421:-7fed\",entitytype:\"individual\"],payorid:\"E-12f70615:1362b0b3421:-7fed\",payorname:\"VERGARA, JAYROME\",payoraddress:\"CEBU CITY\",paidby:\"VERGARA, JAYROME\",paidbyaddress:\"CEBU CITY\",dtposted:\"2012-04-12\",txndate:\"2012-04-12\"]','[[acctid:\"IA-4184fe6b:135efbfb375:-7cc8\",acctno:null,accttitle:\"PERMIT FEE (MATCHMAKER)\",fundid:\"GENERAL\",fundname:\"GENERAL\",amount:5.00,acct:null]]','[[paytype:\"CASH\",particulars:\"CASH PAYMENT\",amount:10.00]]','[annualsalary:0.00,businessgross:0.00,propertyincome:0.00,tax:[business:0.00,basic:5.00,salary:0.00,interest:0.00,property:0.00]]',0,NULL,NULL),('RCT-4fbbdd06:136aab87818:-7ff3','receipt:receipt','1.0','CLOSED','CTCC','tc:ctc_corporate','PERSNL-12f70615:1362b0b3421:-7ffa','REM-64adc1db:136e1effa44:-7fa9','REM-2012-00008','2012-04-24','[mode:\"ONLINE\",afid:\"0017\",aftype:\"serial\",afcontrolid:\"AFC-18094b30:136a9665945:-7fe6\",series:3000002,serialno:\"CTCC-03000002\",stubno:\"222222-1\",collectiontypeid:\"C-18094b30:136a9665945:-7ff6\",collectiontype:\"CTC-CORPORATE\",payorrequired:0,collectorid:\"PERSNL-12f70615:1362b0b3421:-7ffa\",collectorname:\"VERGARA, JAYROME \",collectortitle:\"LRCO - I\",amount:5.00,totalpayment:10.00,cash:5.00,otherpayment:0.0,change:5.00,payer:[entitytype:\"juridical\",info:[orgtype:\"INCORPORATED\",nature:\"MALL\"],entityname:\"SM CITY CEBU\",entityaddress:\"CEBU CITY\",objid:\"E-4fbbdd06:136aab87818:-7ff5\",schemaname:\"entity:entity\",schemaversion:\"1.0\",entityno:\"00016\"],payorid:\"E-4fbbdd06:136aab87818:-7ff5\",payorname:\"SM CITY CEBU\",payoraddress:\"CEBU CITY\",paidby:\"SM CITY CEBU\",paidbyaddress:\"CEBU CITY\",dtposted:\"2012-04-13\",txndate:\"2012-04-13\"]','[[acctid:\"IA-4184fe6b:135efbfb375:-7cc8\",acctno:null,accttitle:\"PERMIT FEE (MATCHMAKER)\",fundid:\"GENERAL\",fundname:\"GENERAL\",amount:5.00,acct:null]]','[[paytype:\"CASH\",particulars:\"CASH PAYMENT\",amount:10.00]]','[businessgross:0.00,tax:[business:0.00,basic:5.00,salary:0.00,interest:0.00,property:0.00],realpropertyav:0.00]',0,NULL,NULL),('RCT-4fbbdd06:136aab87818:-7ffa','receipt:receipt','1.0','CLOSED','CTCI','tc:ctc_individual','PERSNL-12f70615:1362b0b3421:-7ffa','REM-64adc1db:136e1effa44:-7fa9','REM-2012-00008','2012-04-24','[mode:\"ONLINE\",afid:\"0016\",aftype:\"serial\",afcontrolid:\"AF7b0b31e9:13675dac338:-7ffa\",series:104,serialno:\"00000104\",stubno:\"36\",collectiontypeid:\"C-3adb2070:13322276f1e:-72eb\",collectiontype:\"CTC-INDIVIDUAL\",payorrequired:0,collectorid:\"PERSNL-12f70615:1362b0b3421:-7ffa\",collectorname:\"VERGARA, JAYROME \",collectortitle:\"LRCO - I\",amount:5.00,totalpayment:10.00,cash:5.00,otherpayment:0.0,change:5.00,payer:[entitytype:\"individual\",info:[lastname:\"ENOPIA\",firstname:\"ADELYN\",profession:\"STUDENT\",tin:\"213-1222-11-33\",birthdate:\"1980-01-01\",citizenship:\"FILIPINO\",gender:\"FEMALE\",civilstatus:\"SINGLE\"],entityaddress:\"CEBU CITY\",objid:\"E-4fbbdd06:136aab87818:-7ffc\",schemaname:\"entity:entity\",schemaversion:\"1.0\",entityno:\"00015\",entityname:\"ENOPIA, ADELYN\"],payorid:\"E-4fbbdd06:136aab87818:-7ffc\",payorname:\"ENOPIA, ADELYN\",payoraddress:\"CEBU CITY\",paidby:\"ENOPIA, ADELYN\",paidbyaddress:\"CEBU CITY\",dtposted:\"2012-04-13\",txndate:\"2012-04-13\"]','[[acctid:\"IA-4184fe6b:135efbfb375:-7cc8\",acctno:null,accttitle:\"PERMIT FEE (MATCHMAKER)\",fundid:\"GENERAL\",fundname:\"GENERAL\",amount:5.00,acct:null]]','[[paytype:\"CASH\",particulars:\"CASH PAYMENT\",amount:10.00]]','[annualsalary:0.00,businessgross:0.00,propertyincome:0.00,tax:[business:0.00,basic:5.00,salary:0.00,interest:0.00,property:0.00]]',0,NULL,NULL),('RCT-5ca1f272:136aa8ef9cc:-7ff5','receipt:receipt','1.0','CLOSED','CTCC','tc:ctc_corporate','PERSNL-12f70615:1362b0b3421:-7ffa','REM-5ca1f272:136aa8ef9cc:-7fdd','REM-2012-00006','2012-04-13','[mode:\"ONLINE\",afid:\"0017\",aftype:\"serial\",afcontrolid:\"AFC-18094b30:136a9665945:-7fe6\",series:3000001,serialno:\"CTCC-03000001\",stubno:\"222222-1\",collectiontypeid:\"C-18094b30:136a9665945:-7ff6\",collectiontype:\"CTC-CORPORATE\",payorrequired:0,collectorid:\"PERSNL-12f70615:1362b0b3421:-7ffa\",collectorname:\"VERGARA, JAYROME \",collectortitle:\"LRCO - I\",amount:5.00,totalpayment:10.00,cash:5.00,otherpayment:0.0,change:5.00,payer:[entitytype:\"juridical\",info:[orgtype:\"SINGLE_PROPRIETORSHIP\",tin:\"1234-4567\",dtregistered:\"2012-01-01\"],entityname:\"ANDOKS LITSUN\",entityaddress:\"CEBU CITY\",objid:\"E-5ca1f272:136aa8ef9cc:-7ff7\",schemaname:\"entity:entity\",schemaversion:\"1.0\",entityno:\"00014\"],payorid:\"E-5ca1f272:136aa8ef9cc:-7ff7\",payorname:\"ANDOKS LITSUN\",payoraddress:\"CEBU CITY\",paidby:\"ANDOKS LITSUN\",paidbyaddress:\"CEBU CITY\",dtposted:\"2012-04-13\",txndate:\"2012-04-13\"]','[[acctid:\"IA-4184fe6b:135efbfb375:-7cc8\",acctno:null,accttitle:\"PERMIT FEE (MATCHMAKER)\",fundid:\"GENERAL\",fundname:\"GENERAL\",amount:5.00,acct:null]]','[[paytype:\"CASH\",particulars:\"CASH PAYMENT\",amount:10.00]]','[businessgross:0.00,tax:[business:0.00,basic:5.00,salary:0.00,interest:0.00,property:0.00],realpropertyav:0.00]',0,NULL,NULL),('RCT-5dfc4b9f:13651f0a0de:-7fc4','receipt:receipt','1.0','CLOSED','RPT','tc:real_property','PERSNL-12f70615:1362b0b3421:-7ffa','REM-3bcd7395:136585a9dee:-7fcd','REM-2012-00004','2012-03-28','[mode:\"ONLINE\",afid:\"56\",aftype:\"serial\",afcontrolid:\"AF6a877cc1:1365208616f:-7dd7\",series:1001,serialno:\"0001001\",stubno:\"22222\",collectiontypeid:\"C16a988ad:1316e4a2d82:-7ffa\",collectiontype:\"REAL PROPERTY\",payorrequired:1,collectorid:\"PERSNL-12f70615:1362b0b3421:-7ffa\",collectorname:\"VERGARA, JAYROME \",collectortitle:\"LRCO - I\",amount:50.00,totalpayment:50.00,cash:50.00,otherpayment:0.0,change:0.0,payorid:\"E-5dfc4b9f:13651f0a0de:-7ff9\",payorname:\"SPS. OBERES, MIKOY AND ESCARIO, REX\",payoraddress:\"CEBU CITY\",paidby:\"SPS. OBERES, MIKOY AND ESCARIO, REX\",paidbyaddress:\"CEBU CITY\",dtposted:\"2012-03-27\",txndate:\"2012-03-27\"]','[[acctid:\"IA41a0f494:13564c96212:-7f25\",acctno:null,accttitle:\"BASIC PREVIOUS\",amount:15.28,fundid:\"GENERAL\",fundname:\"GENERAL\",objid:\"RI-5dfc4b9f:13651f0a0de:-7fc8\",refid:\"L-5dfc4b9f:13651f0a0de:-7ff2\"],[acctid:\"IA41a0f494:13564c96212:-7f30\",acctno:null,accttitle:\"BASIC PREVIOUS PENALTY\",amount:9.72,fundid:\"GENERAL\",fundname:\"GENERAL\",objid:\"RI-5dfc4b9f:13651f0a0de:-7fc7\",refid:\"L-5dfc4b9f:13651f0a0de:-7ff2\"],[acctid:\"IA41a0f494:13564c96212:-7f3e\",acctno:null,accttitle:\"SEF PREVIOUS\",amount:15.28,fundid:\"SEF\",fundname:\"SEF\",objid:\"RI-5dfc4b9f:13651f0a0de:-7fc6\",refid:\"L-5dfc4b9f:13651f0a0de:-7ff2\"],[acctid:\"IA41a0f494:13564c96212:-7f59\",acctno:null,accttitle:\"SEF PREVIOUS PENALTY\",amount:9.72,fundid:\"SEF\",fundname:\"SEF\",objid:\"RI-5dfc4b9f:13651f0a0de:-7fc5\",refid:\"L-5dfc4b9f:13651f0a0de:-7ff2\"]]','[[paytype:\"CASH\",particulars:\"CASH PAYMENT\",amount:50.00]]','[checkbank:\"\",sefnet:25.00,basic:15.28,sefdp:9.72,sefdisc:0.0,basicint:9.72,sef:15.28,checknos:\"\",basicdisc:0.0,basicnet:25.00,sefint:9.72,basicdp:9.72]',0,NULL,NULL),('RCT-64adc1db:136e1effa44:-7fd3','receipt:receipt','1.0','CLOSED','RPT','tc:real_property','PERSNL-12f70615:1362b0b3421:-7ffa','REM-64adc1db:136e1effa44:-7fa9','REM-2012-00008','2012-04-24','[mode:\"ONLINE\",afid:\"56\",aftype:\"serial\",afcontrolid:\"AF6a877cc1:1365208616f:-7dd7\",series:1006,serialno:\"0001006\",stubno:\"22222\",collectiontypeid:\"C16a988ad:1316e4a2d82:-7ffa\",collectiontype:\"REAL PROPERTY\",payorrequired:1,collectorid:\"PERSNL-12f70615:1362b0b3421:-7ffa\",collectorname:\"VERGARA, JAYROME \",collectortitle:\"LRCO - I\",amount:8.00,totalpayment:10.00,cash:8.00,otherpayment:0.0,change:2.00,payorid:\"E4eb9968d:13639066586:-7ff4\",payorname:\"LAURON, ROMMEL\",payoraddress:\"CEBU CITY\",paidby:\"LAURON, ROMMEL\",paidbyaddress:\"CEBU CITY\",dtposted:\"2012-04-24\",txndate:\"2012-04-24\"]','[[acctid:\"IA41a0f494:13564c96212:-7f22\",acctno:null,accttitle:\"BASIC CURRENT\",amount:4.00,fundid:\"GENERAL\",fundname:\"GENERAL\",objid:\"RI-64adc1db:136e1effa44:-7fd5\",refid:\"L-d97c0a6:13657caaf62:-7f68\"],[acctid:\"IA41a0f494:13564c96212:-7f36\",acctno:null,accttitle:\"SEF CURRENT\",amount:4.00,fundid:\"SEF\",fundname:\"SEF\",objid:\"RI-64adc1db:136e1effa44:-7fd4\",refid:\"L-d97c0a6:13657caaf62:-7f68\"]]','[[paytype:\"CASH\",particulars:\"CASH PAYMENT\",amount:10.00]]','[sefnet:4.00,checkdates:\"\",sefdisc:0.0,sef:4.00,sefint:0.0,basicdp:0.0,basic:4.00,sefdp:0.0,basicint:0.0,checknos:\"\",basicdisc:0.0,basicnet:4.00,checkbanks:\"\"]',0,NULL,NULL),('RCT-77eb9ad:1362de475cb:-7f35','receipt:receipt','1.0','CLOSED','BUSINESS_TAX','tc:business_tax','PERSNL-12f70615:1362b0b3421:-7ffa','REM-787d141c:1363d5b6fa2:-7fc0','REM-2012-00003','2012-03-23','[mode:\"ONLINE\",afid:\"51\",aftype:\"serial\",afcontrolid:\"AF7383e27:1362b22f380:-7ffe\",series:1000005,serialno:\"GP-1000005-W\",stubno:\"1234\",collectiontypeid:\"C1a4bc292:12fb40a39d4:-7ff8\",collectiontype:\"BUSINESS TAXES\",payorrequired:0,collectorid:\"PERSNL-12f70615:1362b0b3421:-7ffa\",collectorname:\"VERGARA, JAYROME \",collectortitle:\"LRCO - I\",amount:50.00,totalpayment:1000.00,cash:50.00,otherpayment:0.0,change:950.00,payorid:\"E-12f70615:1362b0b3421:-7fed\",payorname:\"VERGARA, JAYROME\",payoraddress:\"CEBU CITY\",paidby:\"VERGARA, JAYROME\",paidbyaddress:\"CEBU CITY\",txndate:\"2012-03-20\",dtposted:\"2012-03-20\"]','[[taxfeeid:\"BPRC-77eb9ad:1362de475cb:-7f38\",iyear:2012,iqtr:1,lobid:\"L-12f70615:1362b0b3421:-7feb\",lobname:\"SARI2X STORE\",acctid:\"IA3b52a903:1362da0716c:-7ff6\",acctno:null,accttitle:\"BUSINESS TAX ON RETAILER\",systype:\"BUSINESS_TAX\",fundid:\"GENERAL\",fundname:\"GENERAL\",surcharge:0.00,discount:0.00,interest:0.00,taxamount:50.00,amount:50.00,acct:null]]','[[paytype:\"CASH\",particulars:\"CASH PAYMENT\",amount:1000.00]]','[qtr:4,applicationid:\"BP-12f70615:1362b0b3421:-7fe9\",businessaddress:\"CEBU CITY\",tradename:\"JAYROME STORE\",applicationlastmodified:null,year:2012,businessid:\"BUS-77eb9ad:1362de475cb:-7f39\"]',0,NULL,NULL),('RCT-77eb9ad:1362de475cb:-7f6e','receipt:receipt','1.0','CLOSED','CASHTICKET','tc:cash_ticket','PERSNL-12f70615:1362b0b3421:-7ffa','REM-77eb9ad:1362de475cb:-7f5e','REM-2012-00002','2012-03-20','[mode:\"OFFLINE\",afid:\"CT2\",aftype:\"nonserial\",afcontrolid:\"AF-55ce799d:1362f190a42:-7fd6\",series:0,serialno:null,stubno:\"2000\",collectiontypeid:\"C-77eb9ad:1362de475cb:-7f96\",collectiontype:\"MARKET COLLECTION\",payorrequired:0,collectorid:\"PERSNL-12f70615:1362b0b3421:-7ffa\",collectorname:\"VERGARA, JAYROME \",collectortitle:\"LRCO - I\",amount:100.00,totalpayment:100.00,cash:100.00,otherpayment:0.0,change:0.0,payorname:\"PUBLIC, PAYOR\",payorid:\"E-77eb9ad:1362de475cb:-7f76\",payoraddress:\"CEBU CITY\",paidby:\"PUBLIC, PAYOR\",paidbyaddress:\"CEBU CITY\",txndate:\"2012-03-20\",dtposted:\"2012-03-20\"]','[[acct:null,amount:100.00,acctid:\"IA-77eb9ad:1362de475cb:-7f79\",acctno:null,accttitle:\"PARKING FEE\",fundid:\"GENERAL\",fundname:\"GENERAL\"]]','[[paytype:\"CASH\",particulars:\"CASH PAYMENT\",amount:100.00]]','[amount:100.00,qtyissued:50]',0,NULL,NULL),('RCT-77eb9ad:1362de475cb:-7f9e','receipt:receipt','1.0','CLOSED','CATTLE_TRANSFER','tc:cattle_transfer','PERSNL-12f70615:1362b0b3421:-7ffa','REM-77eb9ad:1362de475cb:-7f5e','REM-2012-00002','2012-03-20','[mode:\"ONLINE\",afid:\"52\",aftype:\"serial\",afcontrolid:\"AF-55ce799d:1362f190a42:-7ff8\",series:10000001,serialno:\"GP-10000001-W\",stubno:\"12345\",collectiontypeid:\"C6f60457b:12fc3da8c48:-7fad\",collectiontype:\"LARGE CATTLE TRANSFER\",payorrequired:0,collectorid:\"PERSNL-12f70615:1362b0b3421:-7ffa\",collectorname:\"VERGARA, JAYROME \",collectortitle:\"LRCO - I\",amount:100.00,totalpayment:200.00,cash:100.00,otherpayment:0.0,change:100.00,paidbyaddress:\"SAN CARLOS CITY\",payorname:\"OBERES, MIKOY\",payorid:\"E-77eb9ad:1362de475cb:-7fa0\",payoraddress:\"SAN CARLOS CITY\",paidby:\"OBERES, MIKOY\",dtposted:\"2012-03-20\",txndate:\"2012-03-20\"]','[[acctid:\"IA57e27d97:135e1abe297:-7f9e\",acctno:null,accttitle:\"LARGE CATTLE OF TRANSFER\",fundid:\"GENERAL\",fundname:\"GENERAL\",amount:100.00,acct:null]]','[[paytype:\"CASH\",particulars:\"CASH\",amount:200.00]]','[certificateno:\"1234\",treasurer:\"JESSIE ZAMORA\",issuedate:\"2012-03-20\",province:\"BOHOL\",issuedcitymuni:\"TUBIGON\",sex:\"MALE\",issuedprovince:\"BOHOL\",citymuni:\"TUBIGON\",age:3,price:3000.00,attestedby:\"ARNEL RETIZA\",purchasedby:\"RAMOS MIKE\"]',0,NULL,NULL),('RCT-77eb9ad:1362de475cb:-7fd0','receipt:receipt','1.0','CLOSED','MISC','tc:general_collection','PERSNL-12f70615:1362b0b3421:-7ffa','REM-77eb9ad:1362de475cb:-7fc0','REM-2012-00001','2012-03-20','[mode:\"ONLINE\",afid:\"51\",aftype:\"serial\",afcontrolid:\"AF7383e27:1362b22f380:-7ffe\",series:1000004,serialno:\"GP-1000004-W\",stubno:\"1234\",collectiontypeid:\"C1a4bc292:12fb40a39d4:-7ffb\",collectiontype:\"GENERAL COLLECTION\",payorrequired:0,collectorid:\"PERSNL-12f70615:1362b0b3421:-7ffa\",collectorname:\"VERGARA, JAYROME \",collectortitle:\"LOCAL REVENUE COLLECTION OFFICER - I\",amount:100.00,totalpayment:100.00,cash:0.0,otherpayment:100.00,change:0.0,paidby:\"ARNEL RETIZA\",paidbyaddress:\"CEBU CITY\",dtposted:\"2012-03-20\",txndate:\"2012-03-20\",payorid:null,payorname:\"ARNEL RETIZA\",payoraddress:\"CEBU CITY\"]','[[acct:null,acctid:\"IA57e27d97:135e1abe297:-7faa\",acctno:null,accttitle:\"EXHUMATION FEE\",fundid:\"GENERAL\",fundname:\"GENERAL\",amount:100.00]]','[[paytype:\"CHECK\",particulars:\"CHECK NO.: 123456  DATE: 2012-03-20  BANK: BDO\",amount:100.00,checkno:\"123456\",checkdate:\"2012-03-20\",bank:\"BDO\",checktype:null]]','[:]',0,NULL,NULL),('RCT-77eb9ad:1362de475cb:-7fd6','receipt:receipt','1.0','CLOSED','MISC','tc:general_collection','PERSNL-12f70615:1362b0b3421:-7ffa','REM-77eb9ad:1362de475cb:-7fc0','REM-2012-00001','2012-03-20','[mode:\"ONLINE\",afid:\"51\",aftype:\"serial\",afcontrolid:\"AF7383e27:1362b22f380:-7ffe\",series:1000003,serialno:\"GP-1000003-W\",stubno:\"1234\",collectiontypeid:\"C1a4bc292:12fb40a39d4:-7ffb\",collectiontype:\"GENERAL COLLECTION\",payorrequired:0,collectorid:\"PERSNL-12f70615:1362b0b3421:-7ffa\",collectorname:\"VERGARA, JAYROME \",collectortitle:\"LOCAL REVENUE COLLECTION OFFICER - I\",amount:2.00,totalpayment:5.00,cash:2.00,otherpayment:0.0,change:3.00,paidby:\"JAYROME VERGARA\",paidbyaddress:\"CEBU CITY\",dtposted:\"2012-03-20\",txndate:\"2012-03-20\",payorid:null,payorname:\"JAYROME VERGARA\",payoraddress:\"CEBU CITY\"]','[[acctid:\"IA57e27d97:135e1abe297:-7fa4\",acctno:null,accttitle:\"MARRIAGE LICENSE FORM\",fundid:\"GENERAL\",fundname:\"GENERAL\",amount:2.00,acct:null]]','[[paytype:\"CASH\",particulars:\"CASH PAYMENT\",amount:5.00]]','[:]',0,NULL,NULL),('RCT-77eb9ad:1362de475cb:-7fda','receipt:receipt','1.0','CLOSED','MISC','tc:general_collection','PERSNL-12f70615:1362b0b3421:-7ffa','REM-77eb9ad:1362de475cb:-7fc0','REM-2012-00001','2012-03-20','[mode:\"ONLINE\",afid:\"51\",aftype:\"serial\",afcontrolid:\"AF7383e27:1362b22f380:-7ffe\",series:1000002,serialno:\"GP-1000002-W\",stubno:\"1234\",collectiontypeid:\"C1a4bc292:12fb40a39d4:-7ffb\",collectiontype:\"GENERAL COLLECTION\",payorrequired:0,collectorid:\"PERSNL-12f70615:1362b0b3421:-7ffa\",collectorname:\"VERGARA, JAYROME \",collectortitle:\"LOCAL REVENUE COLLECTION OFFICER - I\",amount:50.00,totalpayment:100.00,cash:50.00,otherpayment:0.0,change:50.00,paidby:\"REX ESCARIO\",paidbyaddress:\"CEBU CITY\",dtposted:\"2012-03-20\",txndate:\"2012-03-20\",payorid:null,payorname:\"REX ESCARIO\",payoraddress:\"CEBU CITY\"]','[[acct:null,acctid:\"IA57e27d97:135e1abe297:-7fad\",acctno:null,accttitle:\"BURIAL PERMIT\",fundid:\"GENERAL\",fundname:\"GENERAL\",amount:50.00]]','[[paytype:\"CASH\",particulars:\"CASH PAYMENT\",amount:100.00]]','[:]',0,NULL,NULL),('RCT-787d141c:1363d5b6fa2:-7fd2','receipt:receipt','1.0','CLOSED','MISC','tc:general_collection','PERSNL-12f70615:1362b0b3421:-7ffa','REM-787d141c:1363d5b6fa2:-7fc0','REM-2012-00003','2012-03-23','[mode:\"CAPTURE\",txndate:\"2012-03-23\",dtposted:\"2012-03-23\",afid:\"51\",afcontrolid:\"AF1835841f:1363d674171:-7ffa\",series:4,serialno:\"0000004\",stubno:\"1111111\",collectiontypeid:\"C1a4bc292:12fb40a39d4:-7ffb\",collectiontype:\"GENERAL COLLECTION\",payorrequired:false,payorid:null,payorname:\"REX\",payoraddress:\"BOHOL\",paidby:\"REX\",paidbyaddress:\"BOHOL\",collectorid:\"PERSNL-12f70615:1362b0b3421:-7ffa\",collectorname:\"VERGARA, JAYROME \",collectortitle:\"LRCO - I\",capturedbyid:\"PERSNL-12f70615:1362b0b3421:-7ffa\",capturedbyname:\"VERGARA, JAYROME\",capturedbytitle:\"LRCO - I\",totalpayment:30.00,cash:30.00,otherpayment:0.0,amount:30.00,change:0.0,remarks:null]','[[objid:\"BCI-787d141c:1363d5b6fa2:-7fd3\",acctid:\"IA-77eb9ad:1362de475cb:-7f42\",accttitle:\"MARKET COLLECTION\",fundid:\"GENERAL\",fundname:\"GENERAL\",amount:30.00,remarks:null,refid:null]]','[[paytype:\"CASH\",amount:30.00,particulars:\"CASH PAYMENT\"]]','[:]',0,NULL,'PERSNL-12f70615:1362b0b3421:-7ffa'),('RCT-787d141c:1363d5b6fa2:-7fd7','receipt:receipt','1.0','CLOSED','MISC','tc:general_collection','PERSNL-12f70615:1362b0b3421:-7ffa','REM-787d141c:1363d5b6fa2:-7fc0','REM-2012-00003','2012-03-23','[mode:\"CAPTURE\",txndate:\"2012-03-23\",dtposted:\"2012-03-23\",afid:\"51\",afcontrolid:\"AF1835841f:1363d674171:-7ffa\",series:3,serialno:\"0000003\",stubno:\"1111111\",collectiontypeid:\"C1a4bc292:12fb40a39d4:-7ffb\",collectiontype:\"GENERAL COLLECTION\",payorrequired:false,payorid:null,payorname:\"MIKOY\",payoraddress:\"BOHOL\",paidby:\"MIKOY\",paidbyaddress:\"BOHOL\",collectorid:\"PERSNL-12f70615:1362b0b3421:-7ffa\",collectorname:\"VERGARA, JAYROME \",collectortitle:\"LRCO - I\",capturedbyid:\"PERSNL-12f70615:1362b0b3421:-7ffa\",capturedbyname:\"VERGARA, JAYROME\",capturedbytitle:\"LRCO - I\",totalpayment:50.00,cash:50.00,otherpayment:0.0,amount:50.00,change:0.0,remarks:null]','[[objid:\"BCI-787d141c:1363d5b6fa2:-7fd9\",acctid:\"IA-77eb9ad:1362de475cb:-7f42\",accttitle:\"MARKET COLLECTION\",fundid:\"GENERAL\",fundname:\"GENERAL\",amount:20.00,remarks:null,refid:null],[objid:\"BCI-787d141c:1363d5b6fa2:-7fd8\",acctid:\"IA57e27d97:135e1abe297:-7fa4\",accttitle:\"MARRIAGE LICENSE FORM\",fundid:\"GENERAL\",fundname:\"GENERAL\",amount:30.00,remarks:null,refid:null]]','[[paytype:\"CASH\",amount:50.00,particulars:\"CASH PAYMENT\"]]','[:]',0,NULL,'PERSNL-12f70615:1362b0b3421:-7ffa'),('RCT-787d141c:1363d5b6fa2:-7fe8','receipt:receipt','1.0','CLOSED','MISC','tc:general_collection','PERSNL-12f70615:1362b0b3421:-7ffa','REM-787d141c:1363d5b6fa2:-7fc0','REM-2012-00003','2012-03-23','[mode:\"CAPTURE\",txndate:\"2012-03-22\",dtposted:\"2012-03-23\",afid:\"51\",afcontrolid:\"AF1835841f:1363d674171:-7ffa\",series:2,serialno:\"0000002\",stubno:\"1111111\",collectiontypeid:\"C1a4bc292:12fb40a39d4:-7ffb\",collectiontype:\"GENERAL COLLECTION\",payorrequired:false,payorid:null,payorname:\"OBERES MIKOY\",payoraddress:\"BOHOL\",paidby:\"OBERES MIKOY\",paidbyaddress:\"BOHOL\",collectorid:\"PERSNL-12f70615:1362b0b3421:-7ffa\",collectorname:\"VERGARA, JAYROME \",collectortitle:\"LRCO - I\",capturedbyid:\"PERSNL-12f70615:1362b0b3421:-7ffa\",capturedbyname:\"VERGARA, JAYROME\",capturedbytitle:\"LRCO - I\",totalpayment:20.00,cash:20.00,otherpayment:0.0,amount:20.00,change:0.0,remarks:null]','[[objid:\"BCI-787d141c:1363d5b6fa2:-7fe9\",acctid:\"IA-77eb9ad:1362de475cb:-7f42\",accttitle:\"MARKET COLLECTION\",fundid:\"GENERAL\",fundname:\"GENERAL\",amount:20.00,remarks:null,refid:null]]','[[paytype:\"CASH\",amount:20.00,particulars:\"CASH PAYMENT\"]]','[:]',0,NULL,'PERSNL-12f70615:1362b0b3421:-7ffa'),('RCT-787d141c:1363d5b6fa2:-7fed','receipt:receipt','1.0','CLOSED','MISC','tc:general_collection','PERSNL-12f70615:1362b0b3421:-7ffa','REM-787d141c:1363d5b6fa2:-7fc0','REM-2012-00003','2012-03-23','[mode:\"CAPTURE\",txndate:\"2012-03-22\",dtposted:\"2012-03-23\",afid:\"51\",afcontrolid:\"AF1835841f:1363d674171:-7ffa\",series:1,serialno:\"0000001\",stubno:\"1111111\",collectiontypeid:\"C1a4bc292:12fb40a39d4:-7ffb\",collectiontype:\"GENERAL COLLECTION\",payorrequired:false,payorid:null,payorname:\"VERGARA JAYROME\",payoraddress:\"BOHOL\",paidby:\"VERGARA JAYROME\",paidbyaddress:\"BOHOL\",collectorid:\"PERSNL-12f70615:1362b0b3421:-7ffa\",collectorname:\"VERGARA, JAYROME \",collectortitle:\"LRCO - I\",capturedbyid:\"PERSNL-12f70615:1362b0b3421:-7ffa\",capturedbyname:\"VERGARA, JAYROME\",capturedbytitle:\"LRCO - I\",totalpayment:20.00,cash:20.00,otherpayment:0.0,amount:20.00,change:0.0,remarks:null]','[[objid:\"BCI-787d141c:1363d5b6fa2:-7fee\",acctid:\"IA-77eb9ad:1362de475cb:-7f42\",accttitle:\"MARKET COLLECTION\",fundid:\"GENERAL\",fundname:\"GENERAL\",amount:20.00,remarks:null,refid:null]]','[[paytype:\"CASH\",amount:20.00,particulars:\"CASH PAYMENT\"]]','[:]',0,NULL,'PERSNL-12f70615:1362b0b3421:-7ffa'),('RCT-7ab16a27:136de149d9c:-7fea','receipt:receipt','1.0','CLOSED','MISC','tc:general_collection','PERSNL2e03615d:136b8c85690:-7ffb','REM-64adc1db:136e1effa44:-7fc8','REM-2012-00007','2012-04-24','[mode:\"ONLINE\",afid:\"51\",aftype:\"serial\",afcontrolid:\"AFC-7ab16a27:136de149d9c:-7fef\",series:5000101,serialno:\"W-5000101-G\",stubno:\"12345-3\",collectiontypeid:\"C1a4bc292:12fb40a39d4:-7ffb\",collectiontype:\"GENERAL COLLECTION\",payorrequired:0,collectorid:\"PERSNL2e03615d:136b8c85690:-7ffb\",collectorname:\"PALEN, WINDHEL G\",collectortitle:\"RCCO - 01\",amount:100.00,totalpayment:100.00,cash:100.00,otherpayment:0.0,change:0.0,paidby:\"JAYROME VERGARA\",paidbyaddress:\"CEBU CITY\",dtposted:\"2012-04-23\",txndate:\"2012-04-23\",payorid:null,payorname:\"JAYROME VERGARA\",payoraddress:\"CEBU CITY\"]','[[acctid:\"IA57e27d97:135e1abe297:-7fb6\",acctno:null,accttitle:\"OTHER LEGAL DOCUMENTS\",fundid:\"GENERAL\",fundname:\"GENERAL\",amount:100.00,acct:null]]','[[paytype:\"CASH\",particulars:\"CASH PAYMENT\",amount:100.00]]','[:]',0,NULL,NULL),('RCT-a5683f2:136571474b2:-7ff3','receipt:receipt','1.0','CLOSED','RPT','tc:real_property','PERSNL-12f70615:1362b0b3421:-7ffa','REM-3bcd7395:136585a9dee:-7fcd','REM-2012-00004','2012-03-28','[mode:\"ONLINE\",afid:\"56\",aftype:\"serial\",afcontrolid:\"AF6a877cc1:1365208616f:-7dd7\",series:1002,serialno:\"0001002\",stubno:\"22222\",collectiontypeid:\"C16a988ad:1316e4a2d82:-7ffa\",collectiontype:\"REAL PROPERTY\",payorrequired:1,collectorid:\"PERSNL-12f70615:1362b0b3421:-7ffa\",collectorname:\"VERGARA, JAYROME \",collectortitle:\"LRCO - I\",amount:40.92,totalpayment:50.00,cash:40.92,otherpayment:0.0,change:9.08,payorid:\"E-5dfc4b9f:13651f0a0de:-7ff9\",payorname:\"SPS. OBERES, MIKOY AND ESCARIO, REX\",payoraddress:\"CEBU CITY\",paidby:\"SPS. OBERES, MIKOY AND ESCARIO, REX\",paidbyaddress:\"CEBU CITY\",dtposted:\"2012-03-28\",txndate:\"2012-03-28\"]','[[acctid:\"IA41a0f494:13564c96212:-7f25\",acctno:null,accttitle:\"BASIC PREVIOUS\",amount:9.62,fundid:\"GENERAL\",fundname:\"GENERAL\",objid:\"RI-a5683f2:136571474b2:-7ff9\",refid:\"L-5dfc4b9f:13651f0a0de:-7ff2\"],[acctid:\"IA41a0f494:13564c96212:-7f22\",acctno:null,accttitle:\"BASIC CURRENT\",amount:7.68,fundid:\"GENERAL\",fundname:\"GENERAL\",objid:\"RI-a5683f2:136571474b2:-7ff8\",refid:\"L-5dfc4b9f:13651f0a0de:-7ff2\"],[acctid:\"IA41a0f494:13564c96212:-7f30\",acctno:null,accttitle:\"BASIC PREVIOUS PENALTY\",amount:3.16,fundid:\"GENERAL\",fundname:\"GENERAL\",objid:\"RI-a5683f2:136571474b2:-7ff7\",refid:\"L-5dfc4b9f:13651f0a0de:-7ff2\"],[acctid:\"IA41a0f494:13564c96212:-7f36\",acctno:null,accttitle:\"SEF CURRENT\",amount:7.68,fundid:\"SEF\",fundname:\"SEF\",objid:\"RI-a5683f2:136571474b2:-7ff6\",refid:\"L-5dfc4b9f:13651f0a0de:-7ff2\"],[acctid:\"IA41a0f494:13564c96212:-7f3e\",acctno:null,accttitle:\"SEF PREVIOUS\",amount:9.62,fundid:\"SEF\",fundname:\"SEF\",objid:\"RI-a5683f2:136571474b2:-7ff5\",refid:\"L-5dfc4b9f:13651f0a0de:-7ff2\"],[acctid:\"IA41a0f494:13564c96212:-7f59\",acctno:null,accttitle:\"SEF PREVIOUS PENALTY\",amount:3.16,fundid:\"SEF\",fundname:\"SEF\",objid:\"RI-a5683f2:136571474b2:-7ff4\",refid:\"L-5dfc4b9f:13651f0a0de:-7ff2\"]]','[[paytype:\"CASH\",particulars:\"CASH PAYMENT\",amount:50.00]]','[checkbank:\"\",sefnet:20.46,basic:18.14,sefdp:2.32,sefdisc:0.84,basicint:3.16,sef:18.14,checknos:\"\",basicdisc:0.84,basicnet:20.46,sefint:3.16,basicdp:2.32]',0,NULL,NULL),('RCT-d97c0a6:13657caaf62:-7f80','receipt:receipt','1.0','CLOSED','RPT','tc:real_property','PERSNL-12f70615:1362b0b3421:-7ffa','REM-3bcd7395:136585a9dee:-7fcd','REM-2012-00004','2012-03-28','[mode:\"ONLINE\",afid:\"56\",aftype:\"serial\",afcontrolid:\"AF6a877cc1:1365208616f:-7dd7\",series:1005,serialno:\"0001005\",stubno:\"22222\",collectiontypeid:\"C16a988ad:1316e4a2d82:-7ffa\",collectiontype:\"REAL PROPERTY\",payorrequired:1,collectorid:\"PERSNL-12f70615:1362b0b3421:-7ffa\",collectorname:\"VERGARA, JAYROME \",collectortitle:\"LRCO - I\",amount:13.16,totalpayment:20.00,cash:13.16,otherpayment:0.0,change:6.84,payorid:\"E4eb9968d:13639066586:-7ff4\",payorname:\"LAURON, ROMMEL\",payoraddress:\"CEBU CITY\",paidby:\"LAURON, ROMMEL\",paidbyaddress:\"CEBU CITY\",dtposted:\"2012-03-28\",txndate:\"2012-03-28\"]','[[acctid:\"IA41a0f494:13564c96212:-7f25\",acctno:null,accttitle:\"BASIC PREVIOUS\",amount:3.00,fundid:\"GENERAL\",fundname:\"GENERAL\",objid:\"RI-d97c0a6:13657caaf62:-7f86\",refid:\"L-d97c0a6:13657caaf62:-7f9d\"],[acctid:\"IA41a0f494:13564c96212:-7f22\",acctno:null,accttitle:\"BASIC CURRENT\",amount:2.68,fundid:\"GENERAL\",fundname:\"GENERAL\",objid:\"RI-d97c0a6:13657caaf62:-7f85\",refid:\"L-d97c0a6:13657caaf62:-7f9d\"],[acctid:\"IA41a0f494:13564c96212:-7f30\",acctno:null,accttitle:\"BASIC PREVIOUS PENALTY\",amount:0.90,fundid:\"GENERAL\",fundname:\"GENERAL\",objid:\"RI-d97c0a6:13657caaf62:-7f84\",refid:\"L-d97c0a6:13657caaf62:-7f9d\"],[acctid:\"IA41a0f494:13564c96212:-7f36\",acctno:null,accttitle:\"SEF CURRENT\",amount:2.68,fundid:\"SEF\",fundname:\"SEF\",objid:\"RI-d97c0a6:13657caaf62:-7f83\",refid:\"L-d97c0a6:13657caaf62:-7f9d\"],[acctid:\"IA41a0f494:13564c96212:-7f3e\",acctno:null,accttitle:\"SEF PREVIOUS\",amount:3.00,fundid:\"SEF\",fundname:\"SEF\",objid:\"RI-d97c0a6:13657caaf62:-7f82\",refid:\"L-d97c0a6:13657caaf62:-7f9d\"],[acctid:\"IA41a0f494:13564c96212:-7f59\",acctno:null,accttitle:\"SEF PREVIOUS PENALTY\",amount:0.90,fundid:\"SEF\",fundname:\"SEF\",objid:\"RI-d97c0a6:13657caaf62:-7f81\",refid:\"L-d97c0a6:13657caaf62:-7f9d\"]]','[[paytype:\"CASH\",particulars:\"CASH PAYMENT\",amount:20.00]]','[checkbank:\"\",sefnet:6.58,basic:6.00,sefdp:0.58,sefdisc:0.32,basicint:0.90,sef:6.00,checknos:\"\",basicdisc:0.32,basicnet:6.58,sefint:0.90,basicdp:0.58]',0,NULL,NULL),('RCT-d97c0a6:13657caaf62:-7f90','receipt:receipt','1.0','CLOSED','RPT','tc:real_property','PERSNL-12f70615:1362b0b3421:-7ffa','REM-3bcd7395:136585a9dee:-7fcd','REM-2012-00004','2012-03-28','[mode:\"ONLINE\",afid:\"56\",aftype:\"serial\",afcontrolid:\"AF6a877cc1:1365208616f:-7dd7\",series:1004,serialno:\"0001004\",stubno:\"22222\",collectiontypeid:\"C16a988ad:1316e4a2d82:-7ffa\",collectiontype:\"REAL PROPERTY\",payorrequired:1,collectorid:\"PERSNL-12f70615:1362b0b3421:-7ffa\",collectorname:\"VERGARA, JAYROME \",collectortitle:\"LRCO - I\",amount:29.92,totalpayment:30.00,cash:29.92,otherpayment:0.0,change:0.08,payorid:\"E4eb9968d:13639066586:-7fc5\",payorname:\"CHIONG, EMERSON\",payoraddress:\"CEBU CITY\",paidby:\"CHIONG, EMERSON\",paidbyaddress:\"CEBU CITY\",dtposted:\"2012-03-28\",txndate:\"2012-03-28\"]','[[acctid:\"IA41a0f494:13564c96212:-7f25\",acctno:null,accttitle:\"BASIC PREVIOUS\",amount:8.00,fundid:\"GENERAL\",fundname:\"GENERAL\",objid:\"RI-d97c0a6:13657caaf62:-7f96\",refid:\"L-d97c0a6:13657caaf62:-7fa6\"],[acctid:\"IA41a0f494:13564c96212:-7f22\",acctno:null,accttitle:\"BASIC CURRENT\",amount:3.60,fundid:\"GENERAL\",fundname:\"GENERAL\",objid:\"RI-d97c0a6:13657caaf62:-7f95\",refid:\"L-d97c0a6:13657caaf62:-7fa6\"],[acctid:\"IA41a0f494:13564c96212:-7f30\",acctno:null,accttitle:\"BASIC PREVIOUS PENALTY\",amount:3.36,fundid:\"GENERAL\",fundname:\"GENERAL\",objid:\"RI-d97c0a6:13657caaf62:-7f94\",refid:\"L-d97c0a6:13657caaf62:-7fa6\"],[acctid:\"IA41a0f494:13564c96212:-7f36\",acctno:null,accttitle:\"SEF CURRENT\",amount:3.60,fundid:\"SEF\",fundname:\"SEF\",objid:\"RI-d97c0a6:13657caaf62:-7f93\",refid:\"L-d97c0a6:13657caaf62:-7fa6\"],[acctid:\"IA41a0f494:13564c96212:-7f3e\",acctno:null,accttitle:\"SEF PREVIOUS\",amount:8.00,fundid:\"SEF\",fundname:\"SEF\",objid:\"RI-d97c0a6:13657caaf62:-7f92\",refid:\"L-d97c0a6:13657caaf62:-7fa6\"],[acctid:\"IA41a0f494:13564c96212:-7f59\",acctno:null,accttitle:\"SEF PREVIOUS PENALTY\",amount:3.36,fundid:\"SEF\",fundname:\"SEF\",objid:\"RI-d97c0a6:13657caaf62:-7f91\",refid:\"L-d97c0a6:13657caaf62:-7fa6\"]]','[[paytype:\"CASH\",particulars:\"CASH PAYMENT\",amount:30.00]]','[checkbank:\"\",sefnet:14.96,basic:12.00,sefdp:2.96,sefdisc:0.40,basicint:3.36,sef:12.00,checknos:\"\",basicdisc:0.40,basicnet:14.96,sefint:3.36,basicdp:2.96]',0,NULL,NULL),('RCT-d97c0a6:13657caaf62:-7fc6','receipt:receipt','1.0','CLOSED','RPT','tc:real_property','PERSNL-12f70615:1362b0b3421:-7ffa','REM-3bcd7395:136585a9dee:-7fcd','REM-2012-00004','2012-03-28','[mode:\"ONLINE\",afid:\"56\",aftype:\"serial\",afcontrolid:\"AF6a877cc1:1365208616f:-7dd7\",series:1003,serialno:\"0001003\",stubno:\"22222\",collectiontypeid:\"C16a988ad:1316e4a2d82:-7ffa\",collectiontype:\"REAL PROPERTY\",payorrequired:1,collectorid:\"PERSNL-12f70615:1362b0b3421:-7ffa\",collectorname:\"VERGARA, JAYROME \",collectortitle:\"LRCO - I\",amount:26435.20,totalpayment:30000.00,cash:26435.20,otherpayment:0.0,change:3564.80,payorid:\"E-12f70615:1362b0b3421:-7fed\",payorname:\"VERGARA, JAYROME\",payoraddress:\"CEBU CITY\",paidby:\"VERGARA, JAYROME\",paidbyaddress:\"CEBU CITY\",dtposted:\"2012-03-28\",txndate:\"2012-03-28\"]','[[acctid:\"IA41a0f494:13564c96212:-7f25\",acctno:null,accttitle:\"BASIC PREVIOUS\",amount:6000.00,fundid:\"GENERAL\",fundname:\"GENERAL\",objid:\"RI-d97c0a6:13657caaf62:-7fd2\",refid:\"L-d97c0a6:13657caaf62:-7fdf\"],[acctid:\"IA41a0f494:13564c96212:-7f22\",acctno:null,accttitle:\"BASIC CURRENT\",amount:5400.00,fundid:\"GENERAL\",fundname:\"GENERAL\",objid:\"RI-d97c0a6:13657caaf62:-7fd1\",refid:\"L-d97c0a6:13657caaf62:-7fdf\"],[acctid:\"IA41a0f494:13564c96212:-7f30\",acctno:null,accttitle:\"BASIC PREVIOUS PENALTY\",amount:1800.00,fundid:\"GENERAL\",fundname:\"GENERAL\",objid:\"RI-d97c0a6:13657caaf62:-7fd0\",refid:\"L-d97c0a6:13657caaf62:-7fdf\"],[acctid:\"IA41a0f494:13564c96212:-7f36\",acctno:null,accttitle:\"SEF CURRENT\",amount:5400.00,fundid:\"SEF\",fundname:\"SEF\",objid:\"RI-d97c0a6:13657caaf62:-7fcf\",refid:\"L-d97c0a6:13657caaf62:-7fdf\"],[acctid:\"IA41a0f494:13564c96212:-7f3e\",acctno:null,accttitle:\"SEF PREVIOUS\",amount:6000.00,fundid:\"SEF\",fundname:\"SEF\",objid:\"RI-d97c0a6:13657caaf62:-7fce\",refid:\"L-d97c0a6:13657caaf62:-7fdf\"],[acctid:\"IA41a0f494:13564c96212:-7f59\",acctno:null,accttitle:\"SEF PREVIOUS PENALTY\",amount:1800.00,fundid:\"SEF\",fundname:\"SEF\",objid:\"RI-d97c0a6:13657caaf62:-7fcd\",refid:\"L-d97c0a6:13657caaf62:-7fdf\"],[acctid:\"IA41a0f494:13564c96212:-7f25\",acctno:null,accttitle:\"BASIC PREVIOUS\",amount:8.00,fundid:\"GENERAL\",fundname:\"GENERAL\",objid:\"RI-d97c0a6:13657caaf62:-7fcc\",refid:\"L43e81b93:1364f33e257:-7ffc\"],[acctid:\"IA41a0f494:13564c96212:-7f22\",acctno:null,accttitle:\"BASIC CURRENT\",amount:7.20,fundid:\"GENERAL\",fundname:\"GENERAL\",objid:\"RI-d97c0a6:13657caaf62:-7fcb\",refid:\"L43e81b93:1364f33e257:-7ffc\"],[acctid:\"IA41a0f494:13564c96212:-7f30\",acctno:null,accttitle:\"BASIC PREVIOUS PENALTY\",amount:2.40,fundid:\"GENERAL\",fundname:\"GENERAL\",objid:\"RI-d97c0a6:13657caaf62:-7fca\",refid:\"L43e81b93:1364f33e257:-7ffc\"],[acctid:\"IA41a0f494:13564c96212:-7f36\",acctno:null,accttitle:\"SEF CURRENT\",amount:7.20,fundid:\"SEF\",fundname:\"SEF\",objid:\"RI-d97c0a6:13657caaf62:-7fc9\",refid:\"L43e81b93:1364f33e257:-7ffc\"],[acctid:\"IA41a0f494:13564c96212:-7f3e\",acctno:null,accttitle:\"SEF PREVIOUS\",amount:8.00,fundid:\"SEF\",fundname:\"SEF\",objid:\"RI-d97c0a6:13657caaf62:-7fc8\",refid:\"L43e81b93:1364f33e257:-7ffc\"],[acctid:\"IA41a0f494:13564c96212:-7f59\",acctno:null,accttitle:\"SEF PREVIOUS PENALTY\",amount:2.40,fundid:\"SEF\",fundname:\"SEF\",objid:\"RI-d97c0a6:13657caaf62:-7fc7\",refid:\"L43e81b93:1364f33e257:-7ffc\"]]','[[paytype:\"CASH\",particulars:\"CASH PAYMENT\",amount:30000.00]]','[checkbank:\"\",sefnet:13217.60,basic:12016.00,sefdp:1201.60,sefdisc:600.80,basicint:1802.40,sef:12016.00,checknos:\"\",basicdisc:600.80,basicnet:13217.60,sefint:1802.40,basicdp:1201.60]',0,NULL,NULL),('RCT2a8c8a24:1363832b9dd:-7ff3','receipt:receipt','1.0','CLOSED','BUSINESS_TAX','tc:business_tax','PERSNL-12f70615:1362b0b3421:-7ffa','REM-787d141c:1363d5b6fa2:-7fc0','REM-2012-00003','2012-03-23','[mode:\"ONLINE\",afid:\"51\",aftype:\"serial\",afcontrolid:\"AF7383e27:1362b22f380:-7ffe\",series:1000006,serialno:\"GP-1000006-W\",stubno:\"1234\",collectiontypeid:\"C1a4bc292:12fb40a39d4:-7ff8\",collectiontype:\"BUSINESS TAXES\",payorrequired:0,collectorid:\"PERSNL-12f70615:1362b0b3421:-7ffa\",collectorname:\"VERGARA, JAYROME \",collectortitle:\"LRCO - I\",amount:50.00,totalpayment:100.00,cash:50.00,otherpayment:0.0,change:50.00,payorid:\"E2a8c8a24:1363832b9dd:-7ffa\",payorname:\"ZAMORA, JESSIE\",payoraddress:\"CEBU CITY\",paidby:\"ZAMORA, JESSIE\",paidbyaddress:\"CEBU CITY\",txndate:\"2012-03-22\",dtposted:\"2012-03-22\"]','[[taxfeeid:\"BPRC2a8c8a24:1363832b9dd:-7ff6\",iyear:2012,iqtr:1,lobid:\"L-12f70615:1362b0b3421:-7feb\",lobname:\"SARI2X STORE\",acctid:\"IA3b52a903:1362da0716c:-7ff6\",acctno:null,accttitle:\"BUSINESS TAX ON RETAILER\",systype:\"BUSINESS_TAX\",fundid:\"GENERAL\",fundname:\"GENERAL\",surcharge:0.00,discount:0.00,interest:0.00,taxamount:50.00,amount:50.00,acct:null]]','[[paytype:\"CASH\",particulars:\"CASH PAYMENT\",amount:100.00]]','[qtr:4,applicationid:\"BP2a8c8a24:1363832b9dd:-7ff8\",businessaddress:\"CEBU CITY\",tradename:\"JESSIE SARI-SARI STORE\",applicationlastmodified:null,year:2012,businessid:\"BUS2a8c8a24:1363832b9dd:-7ff7\"]',0,NULL,NULL),('RCT3284830e:136dfa7dffc:-7fe3','receipt:receipt','1.0','CLOSED','BUSINESS_TAX','tc:business_tax','PERSNL2e03615d:136b8c85690:-7ffb','REM-64adc1db:136e1effa44:-7fc8','REM-2012-00007','2012-04-24','[mode:\"ONLINE\",afid:\"51\",aftype:\"serial\",afcontrolid:\"AFC-7ab16a27:136de149d9c:-7fef\",series:5000103,serialno:\"W-5000103-G\",stubno:\"12345-3\",collectiontypeid:\"C1a4bc292:12fb40a39d4:-7ff8\",collectiontype:\"BUSINESS TAXES\",payorrequired:0,collectorid:\"PERSNL2e03615d:136b8c85690:-7ffb\",collectorname:\"PALEN, WINDHEL G\",collectortitle:\"RCCO - 01\",amount:450.00,totalpayment:500.00,cash:450.00,otherpayment:0.0,change:50.00,payorid:\"E-180db72b:136df9875d1:-7ffa\",payorname:\"VERGARA, ROJEAN\",payoraddress:\"CEBU CITY\",paidby:\"VERGARA, ROJEAN\",paidbyaddress:\"CEBU CITY\",txndate:\"2012-04-23\",dtposted:\"2012-04-23\"]','[[taxfeeid:\"BPRC3284830e:136dfa7dffc:-7fe6\",iyear:2012,iqtr:2,lobid:\"L-12f70615:1362b0b3421:-7feb\",lobname:\"SARI2X STORE\",acctid:\"IA3b52a903:1362da0716c:-7ff6\",acctno:null,accttitle:\"BUSINESS TAX ON RETAILER\",systype:\"BUSINESS_TAX\",fundid:\"GENERAL\",fundname:\"GENERAL\",surcharge:0.00,discount:0.00,interest:0.00,taxamount:450.00,amount:450.00,acct:null]]','[[paytype:\"CASH\",particulars:\"CASH PAYMENT\",amount:500.00]]','[qtr:4,applicationid:\"BP3284830e:136dfa7dffc:-7ff6\",businessaddress:\"CEBU CITY\",tradename:\"SARI2X STORE NI MANG RJ\",applicationlastmodified:null,year:2012,businessid:\"BUS3284830e:136dfa7dffc:-7fe7\"]',0,NULL,NULL),('RCT3284830e:136dfa7dffc:-7ff3','receipt:receipt','1.0','CLOSED','BUSINESS_TAX','tc:business_tax','PERSNL2e03615d:136b8c85690:-7ffb','REM-64adc1db:136e1effa44:-7fc8','REM-2012-00007','2012-04-24','[mode:\"ONLINE\",afid:\"51\",aftype:\"serial\",afcontrolid:\"AFC-7ab16a27:136de149d9c:-7fef\",series:5000102,serialno:\"W-5000102-G\",stubno:\"12345-3\",collectiontypeid:\"C1a4bc292:12fb40a39d4:-7ff8\",collectiontype:\"BUSINESS TAXES\",payorrequired:0,collectorid:\"PERSNL2e03615d:136b8c85690:-7ffb\",collectorname:\"PALEN, WINDHEL G\",collectortitle:\"RCCO - 01\",amount:1500.00,totalpayment:2000.00,cash:1500.00,otherpayment:0.0,change:500.00,payorid:\"E-180db72b:136df9875d1:-7ffa\",payorname:\"VERGARA, ROJEAN\",payoraddress:\"CEBU CITY\",paidby:\"VERGARA, ROJEAN\",paidbyaddress:\"CEBU CITY\",txndate:\"2012-04-23\",dtposted:\"2012-04-23\"]','[[taxfeeid:\"BPRC3284830e:136dfa7dffc:-7ffc\",iyear:2012,iqtr:2,lobid:\"L45c5662b:13633239641:-7ff6\",lobname:\"ICE CREAM MAKER\",acctid:\"IA3b52a903:1362da0716c:-7ff6\",acctno:null,accttitle:\"BUSINESS TAX ON RETAILER\",systype:\"BUSINESS_TAX\",fundid:\"GENERAL\",fundname:\"GENERAL\",surcharge:0.00,discount:0.00,interest:0.00,taxamount:750.00,amount:750.00,acct:null],[taxfeeid:\"BPRC3284830e:136dfa7dffc:-7ffb\",iyear:2012,iqtr:2,lobid:\"L-12f70615:1362b0b3421:-7feb\",lobname:\"SARI2X STORE\",acctid:\"IA3b52a903:1362da0716c:-7ff6\",acctno:null,accttitle:\"BUSINESS TAX ON RETAILER\",systype:\"BUSINESS_TAX\",fundid:\"GENERAL\",fundname:\"GENERAL\",surcharge:0.00,discount:0.00,interest:0.00,taxamount:750.00,amount:750.00,acct:null]]','[[paytype:\"CASH\",particulars:\"CASH PAYMENT\",amount:2000.00]]','[qtr:4,applicationid:\"BP-180db72b:136df9875d1:-7ff8\",businessaddress:\"CEBU CITY\",tradename:\"RJ SARI2X STORE\",applicationlastmodified:null,year:2012,businessid:\"BUS3284830e:136dfa7dffc:-7ffd\"]',0,NULL,NULL),('RCT3600cbb4:136a52373df:-7fca','receipt:receipt','1.0','CLOSED','MISC','tc:general_collection','PERSNL-12f70615:1362b0b3421:-7ffa','REM3600cbb4:136a52373df:-7fb1','REM-2012-00005','2012-04-12','[mode:\"ONLINE\",afid:\"51\",aftype:\"serial\",afcontrolid:\"AF7383e27:1362b22f380:-7ffe\",series:1000008,serialno:\"GP-1000008-W\",stubno:\"1234\",collectiontypeid:\"C1a4bc292:12fb40a39d4:-7ffb\",collectiontype:\"GENERAL COLLECTION\",payorrequired:0,collectorid:\"PERSNL-12f70615:1362b0b3421:-7ffa\",collectorname:\"VERGARA, JAYROME \",collectortitle:\"LRCO - I\",amount:30.00,totalpayment:100.00,cash:30.00,otherpayment:0.0,change:70.00,paidby:\"RAMOS MIKE\",paidbyaddress:\"CEBU CITY\",dtposted:\"2012-04-12\",txndate:\"2012-04-12\",payorid:null,payorname:\"RAMOS MIKE\",payoraddress:\"CEBU CITY\"]','[[acctid:\"IA57e27d97:135e1abe297:-7ff8\",acctno:null,accttitle:\"CERTIFICATION CLEARANCE FEES\",fundid:\"GENERAL\",fundname:\"GENERAL\",amount:30.00,acct:null]]','[[paytype:\"CASH\",particulars:\"CASH PAYMENT\",amount:100.00]]','[:]',0,NULL,NULL),('RCT3600cbb4:136a52373df:-7fe2','receipt:receipt','1.0','CLOSED','CTCI','tc:ctc_individual','PERSNL-12f70615:1362b0b3421:-7ffa','REM3600cbb4:136a52373df:-7fb1','REM-2012-00005','2012-04-12','[mode:\"ONLINE\",afid:\"0016\",aftype:\"serial\",afcontrolid:\"AF7b0b31e9:13675dac338:-7ffa\",series:101,serialno:\"00000101\",stubno:\"36\",collectiontypeid:\"C-3adb2070:13322276f1e:-72eb\",collectiontype:\"CTC-INDIVIDUAL\",payorrequired:0,collectorid:\"PERSNL-12f70615:1362b0b3421:-7ffa\",collectorname:\"VERGARA, JAYROME \",collectortitle:\"LRCO - I\",amount:5.00,totalpayment:10.00,cash:5.00,otherpayment:0.0,change:5.00,payer:[info:[lastname:\"VERGARA\",firstname:\"JAYROME\",profession:\"ENGINEER\",tin:\"1234\",birthdate:\"1988-05-24\"],schemaname:\"entity:entity\",remarks:null,entityno:\"00001\",entityaddress:\"CEBU CITY\",mailingaddress:null,entityname:\"VERGARA, JAYROME\",schemaversion:\"1.0\",objid:\"E-12f70615:1362b0b3421:-7fed\",entitytype:\"individual\"],payorid:\"E-12f70615:1362b0b3421:-7fed\",payorname:\"VERGARA, JAYROME\",payoraddress:\"CEBU CITY\",paidby:\"VERGARA, JAYROME\",paidbyaddress:\"CEBU CITY\",dtposted:\"2012-04-12\",txndate:\"2012-04-12\"]','[[acctid:\"IA-4184fe6b:135efbfb375:-7cc8\",acctno:null,accttitle:\"PERMIT FEE (MATCHMAKER)\",fundid:\"GENERAL\",fundname:\"GENERAL\",amount:5.00,acct:null]]','[[paytype:\"CASH\",particulars:\"CASH PAYMENT\",amount:10.00]]','[annualsalary:0.00,businessgross:0.00,propertyincome:0.00,tax:[business:0.00,basic:5.00,salary:0.00,interest:0.00,property:0.00]]',0,NULL,NULL),('RCT4eb9968d:13639066586:-7fbb','receipt:receipt','1.0','CLOSED','BUSINESS_TAX','tc:business_tax','PERSNL-12f70615:1362b0b3421:-7ffa','REM-787d141c:1363d5b6fa2:-7fc0','REM-2012-00003','2012-03-23','[mode:\"ONLINE\",afid:\"51\",aftype:\"serial\",afcontrolid:\"AF7383e27:1362b22f380:-7ffe\",series:1000007,serialno:\"GP-1000007-W\",stubno:\"1234\",collectiontypeid:\"C1a4bc292:12fb40a39d4:-7ff8\",collectiontype:\"BUSINESS TAXES\",payorrequired:0,collectorid:\"PERSNL-12f70615:1362b0b3421:-7ffa\",collectorname:\"VERGARA, JAYROME \",collectortitle:\"LRCO - I\",amount:3318.75,totalpayment:4000.00,cash:3318.75,otherpayment:0.0,change:681.25,payorid:\"E4eb9968d:13639066586:-7fc5\",payorname:\"CHIONG, EMERSON\",payoraddress:\"CEBU CITY\",paidby:\"CHIONG, EMERSON\",paidbyaddress:\"CEBU CITY\",txndate:\"2012-09-01\",dtposted:\"2012-09-01\"]','[[taxfeeid:\"BPRC4eb9968d:13639066586:-7fc1\",iyear:2012,iqtr:1,lobid:\"L45c5662b:13633239641:-7ff8\",lobname:\"RICE RETAILER\",acctid:\"IA3b52a903:1362da0716c:-7ff6\",acctno:null,accttitle:\"BUSINESS TAX ON RETAILER\",systype:\"BUSINESS_TAX\",fundid:\"GENERAL\",fundname:\"GENERAL\",surcharge:562.5,discount:0.00,interest:506.25,taxamount:2250.00,amount:3318.75,acct:null]]','[[paytype:\"CASH\",particulars:\"CASH PAYMENT\",amount:4000.00]]','[qtr:1,applicationid:\"BP4eb9968d:13639066586:-7fc3\",businessaddress:\"CEBU CITY\",tradename:\"EMERSON RICE RETAILER\",applicationlastmodified:null,year:2012,businessid:\"BUS4eb9968d:13639066586:-7fc2\"]',0,NULL,NULL);

/*Table structure for table `receiptitem` */

DROP TABLE IF EXISTS `receiptitem`;

CREATE TABLE `receiptitem` (
  `objid` varchar(50) NOT NULL,
  `receiptid` varchar(50) NOT NULL,
  `acctid` varchar(50) NOT NULL,
  `acctno` varchar(25) default NULL,
  `accttitle` varchar(150) NOT NULL,
  `fundid` varchar(50) NOT NULL,
  `fundname` varchar(75) NOT NULL,
  `amount` decimal(10,2) NOT NULL,
  `remarks` varchar(100) default NULL,
  `extended` text,
  `refid` varchar(50) default NULL,
  `liquidationrcdid` varchar(50) default NULL,
  PRIMARY KEY  (`objid`),
  KEY `ix_receiptitem_rctid` (`receiptid`),
  KEY `ix_receiptitem_acctid` (`acctid`),
  KEY `ix_receiptitem_accttitle` (`accttitle`),
  KEY `ix_receiptitem_liquidationrcdid` (`liquidationrcdid`),
  CONSTRAINT `FK_receiptitem` FOREIGN KEY (`acctid`) REFERENCES `incomeaccount` (`objid`)
) ENGINE=InnoDB DEFAULT CHARSET=latin1;

/*Data for the table `receiptitem` */

insert  into `receiptitem`(`objid`,`receiptid`,`acctid`,`acctno`,`accttitle`,`fundid`,`fundname`,`amount`,`remarks`,`extended`,`refid`,`liquidationrcdid`) values ('BCI-787d141c:1363d5b6fa2:-7fd3','RCT-787d141c:1363d5b6fa2:-7fd2','IA-77eb9ad:1362de475cb:-7f42',NULL,'MARKET COLLECTION','GENERAL','GENERAL','30.00',NULL,NULL,NULL,'LR-3bcd7395:136585a9dee:-7fc8'),('BCI-787d141c:1363d5b6fa2:-7fd8','RCT-787d141c:1363d5b6fa2:-7fd7','IA57e27d97:135e1abe297:-7fa4',NULL,'MARRIAGE LICENSE FORM','GENERAL','GENERAL','30.00',NULL,NULL,NULL,'LR-3bcd7395:136585a9dee:-7fc8'),('BCI-787d141c:1363d5b6fa2:-7fd9','RCT-787d141c:1363d5b6fa2:-7fd7','IA-77eb9ad:1362de475cb:-7f42',NULL,'MARKET COLLECTION','GENERAL','GENERAL','20.00',NULL,NULL,NULL,'LR-3bcd7395:136585a9dee:-7fc8'),('BCI-787d141c:1363d5b6fa2:-7fe9','RCT-787d141c:1363d5b6fa2:-7fe8','IA-77eb9ad:1362de475cb:-7f42',NULL,'MARKET COLLECTION','GENERAL','GENERAL','20.00',NULL,NULL,NULL,'LR-3bcd7395:136585a9dee:-7fc8'),('BCI-787d141c:1363d5b6fa2:-7fee','RCT-787d141c:1363d5b6fa2:-7fed','IA-77eb9ad:1362de475cb:-7f42',NULL,'MARKET COLLECTION','GENERAL','GENERAL','20.00',NULL,NULL,NULL,'LR-3bcd7395:136585a9dee:-7fc8'),('RI-12f70615:1362b0b3421:-7ff1','RCT-12f70615:1362b0b3421:-7ff2','IA57e27d97:135e1abe297:-7fe0',NULL,'ADMINISTERING OATH','GENERAL','GENERAL','50.00',NULL,NULL,NULL,'LR-77eb9ad:1362de475cb:-7fba'),('RI-1aba4021:136aa0fa9a0:-7ff7','RCT-1aba4021:136aa0fa9a0:-7ff8','IA-4184fe6b:135efbfb375:-7cc8',NULL,'PERMIT FEE (MATCHMAKER)','GENERAL','GENERAL','5.00',NULL,NULL,NULL,'LR-64adc1db:136e1effa44:-7fc3'),('RI-333079d1:136a5c04167:-7ff8','RCT-333079d1:136a5c04167:-7ff9','IA-4184fe6b:135efbfb375:-7cc8',NULL,'PERMIT FEE (MATCHMAKER)','GENERAL','GENERAL','5.00',NULL,NULL,NULL,'LR-64adc1db:136e1effa44:-7fc3'),('RI-4fbbdd06:136aab87818:-7ff2','RCT-4fbbdd06:136aab87818:-7ff3','IA-4184fe6b:135efbfb375:-7cc8',NULL,'PERMIT FEE (MATCHMAKER)','GENERAL','GENERAL','5.00',NULL,NULL,NULL,'LR-64adc1db:136e1effa44:-7fa0'),('RI-4fbbdd06:136aab87818:-7ff9','RCT-4fbbdd06:136aab87818:-7ffa','IA-4184fe6b:135efbfb375:-7cc8',NULL,'PERMIT FEE (MATCHMAKER)','GENERAL','GENERAL','5.00',NULL,NULL,NULL,'LR-64adc1db:136e1effa44:-7fa0'),('RI-5ca1f272:136aa8ef9cc:-7ff4','RCT-5ca1f272:136aa8ef9cc:-7ff5','IA-4184fe6b:135efbfb375:-7cc8',NULL,'PERMIT FEE (MATCHMAKER)','GENERAL','GENERAL','5.00',NULL,NULL,NULL,'LR-64adc1db:136e1effa44:-7fc3'),('RI-5dfc4b9f:13651f0a0de:-7fc5','RCT-5dfc4b9f:13651f0a0de:-7fc4','IA41a0f494:13564c96212:-7f59',NULL,'SEF PREVIOUS PENALTY','SEF','SEF','9.72',NULL,NULL,NULL,'LR-3bcd7395:136585a9dee:-7fc7'),('RI-5dfc4b9f:13651f0a0de:-7fc6','RCT-5dfc4b9f:13651f0a0de:-7fc4','IA41a0f494:13564c96212:-7f3e',NULL,'SEF PREVIOUS','SEF','SEF','15.28',NULL,NULL,NULL,'LR-3bcd7395:136585a9dee:-7fc7'),('RI-5dfc4b9f:13651f0a0de:-7fc7','RCT-5dfc4b9f:13651f0a0de:-7fc4','IA41a0f494:13564c96212:-7f30',NULL,'BASIC PREVIOUS PENALTY','GENERAL','GENERAL','9.72',NULL,NULL,NULL,'LR-3bcd7395:136585a9dee:-7fc8'),('RI-5dfc4b9f:13651f0a0de:-7fc8','RCT-5dfc4b9f:13651f0a0de:-7fc4','IA41a0f494:13564c96212:-7f25',NULL,'BASIC PREVIOUS','GENERAL','GENERAL','15.28',NULL,NULL,NULL,'LR-3bcd7395:136585a9dee:-7fc8'),('RI-64adc1db:136e1effa44:-7fd4','RCT-64adc1db:136e1effa44:-7fd3','IA41a0f494:13564c96212:-7f36',NULL,'SEF CURRENT','SEF','SEF','4.00',NULL,NULL,NULL,'LR-64adc1db:136e1effa44:-7f9f'),('RI-64adc1db:136e1effa44:-7fd5','RCT-64adc1db:136e1effa44:-7fd3','IA41a0f494:13564c96212:-7f22',NULL,'BASIC CURRENT','GENERAL','GENERAL','4.00',NULL,NULL,NULL,'LR-64adc1db:136e1effa44:-7fa0'),('RI-77eb9ad:1362de475cb:-7f34','RCT-77eb9ad:1362de475cb:-7f35','IA3b52a903:1362da0716c:-7ff6',NULL,'BUSINESS TAX ON RETAILER','GENERAL','GENERAL','50.00',NULL,NULL,NULL,'LR-3bcd7395:136585a9dee:-7fc8'),('RI-77eb9ad:1362de475cb:-7f6d','RCT-77eb9ad:1362de475cb:-7f6e','IA-77eb9ad:1362de475cb:-7f79',NULL,'PARKING FEE','GENERAL','GENERAL','100.00',NULL,NULL,NULL,'LR-3bcd7395:136585a9dee:-7fc8'),('RI-77eb9ad:1362de475cb:-7f9d','RCT-77eb9ad:1362de475cb:-7f9e','IA57e27d97:135e1abe297:-7f9e',NULL,'LARGE CATTLE OF TRANSFER','GENERAL','GENERAL','100.00',NULL,NULL,NULL,'LR-3bcd7395:136585a9dee:-7fc8'),('RI-77eb9ad:1362de475cb:-7fcf','RCT-77eb9ad:1362de475cb:-7fd0','IA57e27d97:135e1abe297:-7faa',NULL,'EXHUMATION FEE','GENERAL','GENERAL','100.00',NULL,NULL,NULL,'LR-77eb9ad:1362de475cb:-7fba'),('RI-77eb9ad:1362de475cb:-7fd5','RCT-77eb9ad:1362de475cb:-7fd6','IA57e27d97:135e1abe297:-7fa4',NULL,'MARRIAGE LICENSE FORM','GENERAL','GENERAL','2.00',NULL,NULL,NULL,'LR-77eb9ad:1362de475cb:-7fba'),('RI-77eb9ad:1362de475cb:-7fd9','RCT-77eb9ad:1362de475cb:-7fda','IA57e27d97:135e1abe297:-7fad',NULL,'BURIAL PERMIT','GENERAL','GENERAL','50.00',NULL,NULL,NULL,'LR-77eb9ad:1362de475cb:-7fba'),('RI-7ab16a27:136de149d9c:-7fe9','RCT-7ab16a27:136de149d9c:-7fea','IA57e27d97:135e1abe297:-7fb6',NULL,'OTHER LEGAL DOCUMENTS','GENERAL','GENERAL','100.00',NULL,NULL,NULL,'LR-64adc1db:136e1effa44:-7fc3'),('RI-a5683f2:136571474b2:-7ff4','RCT-a5683f2:136571474b2:-7ff3','IA41a0f494:13564c96212:-7f59',NULL,'SEF PREVIOUS PENALTY','SEF','SEF','3.16',NULL,NULL,NULL,'LR-3bcd7395:136585a9dee:-7fc7'),('RI-a5683f2:136571474b2:-7ff5','RCT-a5683f2:136571474b2:-7ff3','IA41a0f494:13564c96212:-7f3e',NULL,'SEF PREVIOUS','SEF','SEF','9.62',NULL,NULL,NULL,'LR-3bcd7395:136585a9dee:-7fc7'),('RI-a5683f2:136571474b2:-7ff6','RCT-a5683f2:136571474b2:-7ff3','IA41a0f494:13564c96212:-7f36',NULL,'SEF CURRENT','SEF','SEF','7.68',NULL,NULL,NULL,'LR-3bcd7395:136585a9dee:-7fc7'),('RI-a5683f2:136571474b2:-7ff7','RCT-a5683f2:136571474b2:-7ff3','IA41a0f494:13564c96212:-7f30',NULL,'BASIC PREVIOUS PENALTY','GENERAL','GENERAL','3.16',NULL,NULL,NULL,'LR-3bcd7395:136585a9dee:-7fc8'),('RI-a5683f2:136571474b2:-7ff8','RCT-a5683f2:136571474b2:-7ff3','IA41a0f494:13564c96212:-7f22',NULL,'BASIC CURRENT','GENERAL','GENERAL','7.68',NULL,NULL,NULL,'LR-3bcd7395:136585a9dee:-7fc8'),('RI-a5683f2:136571474b2:-7ff9','RCT-a5683f2:136571474b2:-7ff3','IA41a0f494:13564c96212:-7f25',NULL,'BASIC PREVIOUS','GENERAL','GENERAL','9.62',NULL,NULL,NULL,'LR-3bcd7395:136585a9dee:-7fc8'),('RI-d97c0a6:13657caaf62:-7f81','RCT-d97c0a6:13657caaf62:-7f80','IA41a0f494:13564c96212:-7f59',NULL,'SEF PREVIOUS PENALTY','SEF','SEF','0.90',NULL,NULL,NULL,'LR-3bcd7395:136585a9dee:-7fc7'),('RI-d97c0a6:13657caaf62:-7f82','RCT-d97c0a6:13657caaf62:-7f80','IA41a0f494:13564c96212:-7f3e',NULL,'SEF PREVIOUS','SEF','SEF','3.00',NULL,NULL,NULL,'LR-3bcd7395:136585a9dee:-7fc7'),('RI-d97c0a6:13657caaf62:-7f83','RCT-d97c0a6:13657caaf62:-7f80','IA41a0f494:13564c96212:-7f36',NULL,'SEF CURRENT','SEF','SEF','2.68',NULL,NULL,NULL,'LR-3bcd7395:136585a9dee:-7fc7'),('RI-d97c0a6:13657caaf62:-7f84','RCT-d97c0a6:13657caaf62:-7f80','IA41a0f494:13564c96212:-7f30',NULL,'BASIC PREVIOUS PENALTY','GENERAL','GENERAL','0.90',NULL,NULL,NULL,'LR-3bcd7395:136585a9dee:-7fc8'),('RI-d97c0a6:13657caaf62:-7f85','RCT-d97c0a6:13657caaf62:-7f80','IA41a0f494:13564c96212:-7f22',NULL,'BASIC CURRENT','GENERAL','GENERAL','2.68',NULL,NULL,NULL,'LR-3bcd7395:136585a9dee:-7fc8'),('RI-d97c0a6:13657caaf62:-7f86','RCT-d97c0a6:13657caaf62:-7f80','IA41a0f494:13564c96212:-7f25',NULL,'BASIC PREVIOUS','GENERAL','GENERAL','3.00',NULL,NULL,NULL,'LR-3bcd7395:136585a9dee:-7fc8'),('RI-d97c0a6:13657caaf62:-7f91','RCT-d97c0a6:13657caaf62:-7f90','IA41a0f494:13564c96212:-7f59',NULL,'SEF PREVIOUS PENALTY','SEF','SEF','3.36',NULL,NULL,NULL,'LR-3bcd7395:136585a9dee:-7fc7'),('RI-d97c0a6:13657caaf62:-7f92','RCT-d97c0a6:13657caaf62:-7f90','IA41a0f494:13564c96212:-7f3e',NULL,'SEF PREVIOUS','SEF','SEF','8.00',NULL,NULL,NULL,'LR-3bcd7395:136585a9dee:-7fc7'),('RI-d97c0a6:13657caaf62:-7f93','RCT-d97c0a6:13657caaf62:-7f90','IA41a0f494:13564c96212:-7f36',NULL,'SEF CURRENT','SEF','SEF','3.60',NULL,NULL,NULL,'LR-3bcd7395:136585a9dee:-7fc7'),('RI-d97c0a6:13657caaf62:-7f94','RCT-d97c0a6:13657caaf62:-7f90','IA41a0f494:13564c96212:-7f30',NULL,'BASIC PREVIOUS PENALTY','GENERAL','GENERAL','3.36',NULL,NULL,NULL,'LR-3bcd7395:136585a9dee:-7fc8'),('RI-d97c0a6:13657caaf62:-7f95','RCT-d97c0a6:13657caaf62:-7f90','IA41a0f494:13564c96212:-7f22',NULL,'BASIC CURRENT','GENERAL','GENERAL','3.60',NULL,NULL,NULL,'LR-3bcd7395:136585a9dee:-7fc8'),('RI-d97c0a6:13657caaf62:-7f96','RCT-d97c0a6:13657caaf62:-7f90','IA41a0f494:13564c96212:-7f25',NULL,'BASIC PREVIOUS','GENERAL','GENERAL','8.00',NULL,NULL,NULL,'LR-3bcd7395:136585a9dee:-7fc8'),('RI-d97c0a6:13657caaf62:-7fc7','RCT-d97c0a6:13657caaf62:-7fc6','IA41a0f494:13564c96212:-7f59',NULL,'SEF PREVIOUS PENALTY','SEF','SEF','2.40',NULL,NULL,NULL,'LR-3bcd7395:136585a9dee:-7fc7'),('RI-d97c0a6:13657caaf62:-7fc8','RCT-d97c0a6:13657caaf62:-7fc6','IA41a0f494:13564c96212:-7f3e',NULL,'SEF PREVIOUS','SEF','SEF','8.00',NULL,NULL,NULL,'LR-3bcd7395:136585a9dee:-7fc7'),('RI-d97c0a6:13657caaf62:-7fc9','RCT-d97c0a6:13657caaf62:-7fc6','IA41a0f494:13564c96212:-7f36',NULL,'SEF CURRENT','SEF','SEF','7.20',NULL,NULL,NULL,'LR-3bcd7395:136585a9dee:-7fc7'),('RI-d97c0a6:13657caaf62:-7fca','RCT-d97c0a6:13657caaf62:-7fc6','IA41a0f494:13564c96212:-7f30',NULL,'BASIC PREVIOUS PENALTY','GENERAL','GENERAL','2.40',NULL,NULL,NULL,'LR-3bcd7395:136585a9dee:-7fc8'),('RI-d97c0a6:13657caaf62:-7fcb','RCT-d97c0a6:13657caaf62:-7fc6','IA41a0f494:13564c96212:-7f22',NULL,'BASIC CURRENT','GENERAL','GENERAL','7.20',NULL,NULL,NULL,'LR-3bcd7395:136585a9dee:-7fc8'),('RI-d97c0a6:13657caaf62:-7fcc','RCT-d97c0a6:13657caaf62:-7fc6','IA41a0f494:13564c96212:-7f25',NULL,'BASIC PREVIOUS','GENERAL','GENERAL','8.00',NULL,NULL,NULL,'LR-3bcd7395:136585a9dee:-7fc8'),('RI-d97c0a6:13657caaf62:-7fcd','RCT-d97c0a6:13657caaf62:-7fc6','IA41a0f494:13564c96212:-7f59',NULL,'SEF PREVIOUS PENALTY','SEF','SEF','1800.00',NULL,NULL,NULL,'LR-3bcd7395:136585a9dee:-7fc7'),('RI-d97c0a6:13657caaf62:-7fce','RCT-d97c0a6:13657caaf62:-7fc6','IA41a0f494:13564c96212:-7f3e',NULL,'SEF PREVIOUS','SEF','SEF','6000.00',NULL,NULL,NULL,'LR-3bcd7395:136585a9dee:-7fc7'),('RI-d97c0a6:13657caaf62:-7fcf','RCT-d97c0a6:13657caaf62:-7fc6','IA41a0f494:13564c96212:-7f36',NULL,'SEF CURRENT','SEF','SEF','5400.00',NULL,NULL,NULL,'LR-3bcd7395:136585a9dee:-7fc7'),('RI-d97c0a6:13657caaf62:-7fd0','RCT-d97c0a6:13657caaf62:-7fc6','IA41a0f494:13564c96212:-7f30',NULL,'BASIC PREVIOUS PENALTY','GENERAL','GENERAL','1800.00',NULL,NULL,NULL,'LR-3bcd7395:136585a9dee:-7fc8'),('RI-d97c0a6:13657caaf62:-7fd1','RCT-d97c0a6:13657caaf62:-7fc6','IA41a0f494:13564c96212:-7f22',NULL,'BASIC CURRENT','GENERAL','GENERAL','5400.00',NULL,NULL,NULL,'LR-3bcd7395:136585a9dee:-7fc8'),('RI-d97c0a6:13657caaf62:-7fd2','RCT-d97c0a6:13657caaf62:-7fc6','IA41a0f494:13564c96212:-7f25',NULL,'BASIC PREVIOUS','GENERAL','GENERAL','6000.00',NULL,NULL,NULL,'LR-3bcd7395:136585a9dee:-7fc8'),('RI2a8c8a24:1363832b9dd:-7ff2','RCT2a8c8a24:1363832b9dd:-7ff3','IA3b52a903:1362da0716c:-7ff6',NULL,'BUSINESS TAX ON RETAILER','GENERAL','GENERAL','50.00',NULL,NULL,NULL,'LR-3bcd7395:136585a9dee:-7fc8'),('RI3284830e:136dfa7dffc:-7fe2','RCT3284830e:136dfa7dffc:-7fe3','IA3b52a903:1362da0716c:-7ff6',NULL,'BUSINESS TAX ON RETAILER','GENERAL','GENERAL','450.00',NULL,NULL,NULL,'LR-64adc1db:136e1effa44:-7fc3'),('RI3284830e:136dfa7dffc:-7ff1','RCT3284830e:136dfa7dffc:-7ff3','IA3b52a903:1362da0716c:-7ff6',NULL,'BUSINESS TAX ON RETAILER','GENERAL','GENERAL','750.00',NULL,NULL,NULL,'LR-64adc1db:136e1effa44:-7fc3'),('RI3284830e:136dfa7dffc:-7ff2','RCT3284830e:136dfa7dffc:-7ff3','IA3b52a903:1362da0716c:-7ff6',NULL,'BUSINESS TAX ON RETAILER','GENERAL','GENERAL','750.00',NULL,NULL,NULL,'LR-64adc1db:136e1effa44:-7fc3'),('RI3600cbb4:136a52373df:-7fc9','RCT3600cbb4:136a52373df:-7fca','IA57e27d97:135e1abe297:-7ff8',NULL,'CERTIFICATION CLEARANCE FEES','GENERAL','GENERAL','30.00',NULL,NULL,NULL,'LR-64adc1db:136e1effa44:-7fc3'),('RI3600cbb4:136a52373df:-7fe1','RCT3600cbb4:136a52373df:-7fe2','IA-4184fe6b:135efbfb375:-7cc8',NULL,'PERMIT FEE (MATCHMAKER)','GENERAL','GENERAL','5.00',NULL,NULL,NULL,'LR-64adc1db:136e1effa44:-7fc3'),('RI4eb9968d:13639066586:-7fba','RCT4eb9968d:13639066586:-7fbb','IA3b52a903:1362da0716c:-7ff6',NULL,'BUSINESS TAX ON RETAILER','GENERAL','GENERAL','3318.75',NULL,NULL,NULL,'LR-3bcd7395:136585a9dee:-7fc8');

/*Table structure for table `receiptlist` */

DROP TABLE IF EXISTS `receiptlist`;

CREATE TABLE `receiptlist` (
  `objid` varchar(50) NOT NULL,
  `docstate` varchar(25) NOT NULL,
  `doctype` varchar(25) NOT NULL,
  `opener` varchar(50) NOT NULL,
  `remittanceid` varchar(50) default NULL,
  `remittanceno` varchar(25) default NULL,
  `remittancedate` date default NULL,
  `txndate` date NOT NULL,
  `dtposted` datetime NOT NULL,
  `iyear` int(11) NOT NULL,
  `iqtr` int(11) NOT NULL,
  `imonth` int(11) NOT NULL,
  `iday` int(11) NOT NULL,
  `mode` varchar(25) NOT NULL,
  `afid` varchar(50) NOT NULL,
  `afcontrolid` varchar(50) NOT NULL,
  `serialno` varchar(25) default NULL,
  `stubno` varchar(25) NOT NULL,
  `collectiontypeid` varchar(50) NOT NULL,
  `collectiontype` varchar(50) NOT NULL,
  `collectorid` varchar(50) NOT NULL,
  `collectorname` varchar(100) NOT NULL,
  `collectortitle` varchar(50) NOT NULL,
  `payorid` varchar(50) default NULL,
  `payorname` varchar(500) NOT NULL,
  `payoraddress` varchar(75) NOT NULL,
  `paidby` varchar(500) NOT NULL,
  `paidbyaddress` varchar(75) NOT NULL,
  `amount` decimal(10,2) NOT NULL,
  `cash` decimal(10,2) NOT NULL,
  `otherpayment` decimal(10,2) NOT NULL,
  `voided` int(11) NOT NULL,
  `voidreason` varchar(100) default NULL,
  `postcaptureid` varchar(50) default NULL,
  `capturedbyid` varchar(50) default NULL,
  `capturedbyname` varchar(100) default NULL,
  `capturedbytitle` varchar(50) default NULL,
  PRIMARY KEY  (`objid`),
  KEY `ix_receiptlist_docstatecolid` (`collectorid`,`docstate`),
  KEY `ix_receiptlist_remid` (`remittanceid`),
  KEY `ix_receiptlist_remno` (`remittanceno`),
  KEY `ix_receiptlist_iyear` (`iyear`),
  KEY `ix_receiptlist_iqtr` (`iyear`,`iqtr`),
  KEY `ix_receiptlist_imonth` (`iyear`,`imonth`),
  KEY `ix_receiptlist_iday` (`iyear`,`imonth`,`iday`),
  KEY `ix_receiptlist_serialno` (`serialno`),
  KEY `ix_receiptlist_stubno` (`stubno`),
  KEY `ix_receiptlist_collectorname` (`collectorname`),
  KEY `ix_receiptlist_payorname` (`payorname`),
  KEY `ix_receiptlist_colidvoided` (`collectorid`,`voided`),
  KEY `ix_receiptlist_doctype_voided` (`doctype`,`voided`)
) ENGINE=InnoDB DEFAULT CHARSET=latin1;

/*Data for the table `receiptlist` */

insert  into `receiptlist`(`objid`,`docstate`,`doctype`,`opener`,`remittanceid`,`remittanceno`,`remittancedate`,`txndate`,`dtposted`,`iyear`,`iqtr`,`imonth`,`iday`,`mode`,`afid`,`afcontrolid`,`serialno`,`stubno`,`collectiontypeid`,`collectiontype`,`collectorid`,`collectorname`,`collectortitle`,`payorid`,`payorname`,`payoraddress`,`paidby`,`paidbyaddress`,`amount`,`cash`,`otherpayment`,`voided`,`voidreason`,`postcaptureid`,`capturedbyid`,`capturedbyname`,`capturedbytitle`) values ('RCT-12f70615:1362b0b3421:-7ff2','CLOSED','MISC','tc:general_collection','REM-77eb9ad:1362de475cb:-7fc0','REM-2012-00001','2012-03-20','2012-03-19','2012-03-19 21:27:42',2012,1,3,19,'ONLINE','51','AF7383e27:1362b22f380:-7ffe','GP-1000001-W','1234','C1a4bc292:12fb40a39d4:-7ffb','GENERAL COLLECTION','PERSNL-12f70615:1362b0b3421:-7ffa','VERGARA, JAYROME ','LOCAL REVENUE COLLECTION OFFICER - I',NULL,'VERGARA, JAYROME','CEBU CITY','VERGARA, JAYROME','CEBU CITY','50.00','50.00','0.00',0,NULL,NULL,NULL,NULL,NULL),('RCT-1aba4021:136aa0fa9a0:-7ff8','CLOSED','CTCI','tc:ctc_individual','REM-5ca1f272:136aa8ef9cc:-7fdd','REM-2012-00006','2012-04-13','2012-04-13','2012-04-13 13:25:41',2012,2,4,13,'ONLINE','0016','AF7b0b31e9:13675dac338:-7ffa','00000103','36','C-3adb2070:13322276f1e:-72eb','CTC-INDIVIDUAL','PERSNL-12f70615:1362b0b3421:-7ffa','VERGARA, JAYROME ','LRCO - I','E6a69f048:1367103ed2e:-7ffa','CABANTAN, GRACE','CEBU CITY','CABANTAN, GRACE','CEBU CITY','5.00','5.00','0.00',0,NULL,NULL,NULL,NULL,NULL),('RCT-333079d1:136a5c04167:-7ff9','CLOSED','CTCI','tc:ctc_individual','REM-5ca1f272:136aa8ef9cc:-7fdd','REM-2012-00006','2012-04-13','2012-04-12','2012-04-12 16:54:10',2012,2,4,12,'ONLINE','0016','AF7b0b31e9:13675dac338:-7ffa','00000102','36','C-3adb2070:13322276f1e:-72eb','CTC-INDIVIDUAL','PERSNL-12f70615:1362b0b3421:-7ffa','VERGARA, JAYROME ','LRCO - I','E-12f70615:1362b0b3421:-7fed','VERGARA, JAYROME','CEBU CITY','VERGARA, JAYROME','CEBU CITY','5.00','5.00','0.00',0,NULL,NULL,NULL,NULL,NULL),('RCT-4fbbdd06:136aab87818:-7ff3','CLOSED','CTCC','tc:ctc_corporate','REM-64adc1db:136e1effa44:-7fa9','REM-2012-00008','2012-04-24','2012-04-13','2012-04-13 16:51:24',2012,2,4,13,'ONLINE','0017','AFC-18094b30:136a9665945:-7fe6','CTCC-03000002','222222-1','C-18094b30:136a9665945:-7ff6','CTC-CORPORATE','PERSNL-12f70615:1362b0b3421:-7ffa','VERGARA, JAYROME ','LRCO - I','E-4fbbdd06:136aab87818:-7ff5','SM CITY CEBU','CEBU CITY','SM CITY CEBU','CEBU CITY','5.00','5.00','0.00',0,NULL,NULL,NULL,NULL,NULL),('RCT-4fbbdd06:136aab87818:-7ffa','CLOSED','CTCI','tc:ctc_individual','REM-64adc1db:136e1effa44:-7fa9','REM-2012-00008','2012-04-24','2012-04-13','2012-04-13 16:08:35',2012,2,4,13,'ONLINE','0016','AF7b0b31e9:13675dac338:-7ffa','00000104','36','C-3adb2070:13322276f1e:-72eb','CTC-INDIVIDUAL','PERSNL-12f70615:1362b0b3421:-7ffa','VERGARA, JAYROME ','LRCO - I','E-4fbbdd06:136aab87818:-7ffc','ENOPIA, ADELYN','CEBU CITY','ENOPIA, ADELYN','CEBU CITY','5.00','5.00','0.00',0,NULL,NULL,NULL,NULL,NULL),('RCT-5ca1f272:136aa8ef9cc:-7ff5','CLOSED','CTCC','tc:ctc_corporate','REM-5ca1f272:136aa8ef9cc:-7fdd','REM-2012-00006','2012-04-13','2012-04-13','2012-04-13 15:50:45',2012,2,4,13,'ONLINE','0017','AFC-18094b30:136a9665945:-7fe6','CTCC-03000001','222222-1','C-18094b30:136a9665945:-7ff6','CTC-CORPORATE','PERSNL-12f70615:1362b0b3421:-7ffa','VERGARA, JAYROME ','LRCO - I','E-5ca1f272:136aa8ef9cc:-7ff7','ANDOKS LITSUN','CEBU CITY','ANDOKS LITSUN','CEBU CITY','5.00','5.00','0.00',0,NULL,NULL,NULL,NULL,NULL),('RCT-5dfc4b9f:13651f0a0de:-7fc4','CLOSED','RPT','tc:real_property','REM-3bcd7395:136585a9dee:-7fcd','REM-2012-00004','2012-03-28','2012-03-27','2012-03-27 12:07:17',2012,1,3,27,'ONLINE','56','AF6a877cc1:1365208616f:-7dd7','0001001','22222','C16a988ad:1316e4a2d82:-7ffa','REAL PROPERTY','PERSNL-12f70615:1362b0b3421:-7ffa','VERGARA, JAYROME ','LRCO - I','E-5dfc4b9f:13651f0a0de:-7ff9','SPS. OBERES, MIKOY AND ESCARIO, REX','CEBU CITY','SPS. OBERES, MIKOY AND ESCARIO, REX','CEBU CITY','50.00','50.00','0.00',0,NULL,NULL,NULL,NULL,NULL),('RCT-64adc1db:136e1effa44:-7fd3','CLOSED','RPT','tc:real_property','REM-64adc1db:136e1effa44:-7fa9','REM-2012-00008','2012-04-24','2012-04-24','2012-04-24 10:23:41',2012,2,4,24,'ONLINE','56','AF6a877cc1:1365208616f:-7dd7','0001006','22222','C16a988ad:1316e4a2d82:-7ffa','REAL PROPERTY','PERSNL-12f70615:1362b0b3421:-7ffa','VERGARA, JAYROME ','LRCO - I','E4eb9968d:13639066586:-7ff4','LAURON, ROMMEL','CEBU CITY','LAURON, ROMMEL','CEBU CITY','8.00','8.00','0.00',0,NULL,NULL,NULL,NULL,NULL),('RCT-77eb9ad:1362de475cb:-7f35','CLOSED','BUSINESS_TAX','tc:business_tax','REM-787d141c:1363d5b6fa2:-7fc0','REM-2012-00003','2012-03-23','2012-03-20','2012-03-20 18:00:11',2012,1,3,20,'ONLINE','51','AF7383e27:1362b22f380:-7ffe','GP-1000005-W','1234','C1a4bc292:12fb40a39d4:-7ff8','BUSINESS TAXES','PERSNL-12f70615:1362b0b3421:-7ffa','VERGARA, JAYROME ','LRCO - I','E-12f70615:1362b0b3421:-7fed','VERGARA, JAYROME','CEBU CITY','VERGARA, JAYROME','CEBU CITY','50.00','50.00','0.00',0,NULL,NULL,NULL,NULL,NULL),('RCT-77eb9ad:1362de475cb:-7f6e','CLOSED','CASHTICKET','tc:cash_ticket','REM-77eb9ad:1362de475cb:-7f5e','REM-2012-00002','2012-03-20','2012-03-20','2012-03-20 17:14:58',2012,1,3,20,'OFFLINE','CT2','AF-55ce799d:1362f190a42:-7fd6',NULL,'2000','C-77eb9ad:1362de475cb:-7f96','MARKET COLLECTION','PERSNL-12f70615:1362b0b3421:-7ffa','VERGARA, JAYROME ','LRCO - I','E-77eb9ad:1362de475cb:-7f76','PUBLIC, PAYOR','CEBU CITY','PUBLIC, PAYOR','CEBU CITY','100.00','100.00','0.00',0,NULL,NULL,NULL,NULL,NULL),('RCT-77eb9ad:1362de475cb:-7f9e','CLOSED','CATTLE_TRANSFER','tc:cattle_transfer','REM-77eb9ad:1362de475cb:-7f5e','REM-2012-00002','2012-03-20','2012-03-20','2012-03-20 16:25:46',2012,1,3,20,'ONLINE','52','AF-55ce799d:1362f190a42:-7ff8','GP-10000001-W','12345','C6f60457b:12fc3da8c48:-7fad','LARGE CATTLE TRANSFER','PERSNL-12f70615:1362b0b3421:-7ffa','VERGARA, JAYROME ','LRCO - I','E-77eb9ad:1362de475cb:-7fa0','OBERES, MIKOY','SAN CARLOS CITY','OBERES, MIKOY','SAN CARLOS CITY','100.00','100.00','0.00',0,NULL,NULL,NULL,NULL,NULL),('RCT-77eb9ad:1362de475cb:-7fd0','CLOSED','MISC','tc:general_collection','REM-77eb9ad:1362de475cb:-7fc0','REM-2012-00001','2012-03-20','2012-03-20','2012-03-20 14:05:57',2012,1,3,20,'ONLINE','51','AF7383e27:1362b22f380:-7ffe','GP-1000004-W','1234','C1a4bc292:12fb40a39d4:-7ffb','GENERAL COLLECTION','PERSNL-12f70615:1362b0b3421:-7ffa','VERGARA, JAYROME ','LOCAL REVENUE COLLECTION OFFICER - I',NULL,'ARNEL RETIZA','CEBU CITY','ARNEL RETIZA','CEBU CITY','100.00','0.00','100.00',0,NULL,NULL,NULL,NULL,NULL),('RCT-77eb9ad:1362de475cb:-7fd6','CLOSED','MISC','tc:general_collection','REM-77eb9ad:1362de475cb:-7fc0','REM-2012-00001','2012-03-20','2012-03-20','2012-03-20 13:48:31',2012,1,3,20,'ONLINE','51','AF7383e27:1362b22f380:-7ffe','GP-1000003-W','1234','C1a4bc292:12fb40a39d4:-7ffb','GENERAL COLLECTION','PERSNL-12f70615:1362b0b3421:-7ffa','VERGARA, JAYROME ','LOCAL REVENUE COLLECTION OFFICER - I',NULL,'JAYROME VERGARA','CEBU CITY','JAYROME VERGARA','CEBU CITY','2.00','2.00','0.00',0,NULL,NULL,NULL,NULL,NULL),('RCT-77eb9ad:1362de475cb:-7fda','CLOSED','MISC','tc:general_collection','REM-77eb9ad:1362de475cb:-7fc0','REM-2012-00001','2012-03-20','2012-03-20','2012-03-20 13:37:53',2012,1,3,20,'ONLINE','51','AF7383e27:1362b22f380:-7ffe','GP-1000002-W','1234','C1a4bc292:12fb40a39d4:-7ffb','GENERAL COLLECTION','PERSNL-12f70615:1362b0b3421:-7ffa','VERGARA, JAYROME ','LOCAL REVENUE COLLECTION OFFICER - I',NULL,'REX ESCARIO','CEBU CITY','REX ESCARIO','CEBU CITY','50.00','50.00','0.00',0,NULL,NULL,NULL,NULL,NULL),('RCT-787d141c:1363d5b6fa2:-7fd2','CLOSED','MISC','tc:general_collection','REM-787d141c:1363d5b6fa2:-7fc0','REM-2012-00003','2012-03-23','2012-03-23','2012-03-23 13:43:42',2012,1,3,23,'CAPTURE','51','AF1835841f:1363d674171:-7ffa','0000004','1111111','C1a4bc292:12fb40a39d4:-7ffb','GENERAL COLLECTION','PERSNL-12f70615:1362b0b3421:-7ffa','VERGARA, JAYROME ','LRCO - I',NULL,'REX','BOHOL','REX','BOHOL','30.00','30.00','0.00',0,NULL,NULL,'PERSNL-12f70615:1362b0b3421:-7ffa','VERGARA, JAYROME','LRCO - I'),('RCT-787d141c:1363d5b6fa2:-7fd7','CLOSED','MISC','tc:general_collection','REM-787d141c:1363d5b6fa2:-7fc0','REM-2012-00003','2012-03-23','2012-03-23','2012-03-23 13:43:42',2012,1,3,23,'CAPTURE','51','AF1835841f:1363d674171:-7ffa','0000003','1111111','C1a4bc292:12fb40a39d4:-7ffb','GENERAL COLLECTION','PERSNL-12f70615:1362b0b3421:-7ffa','VERGARA, JAYROME ','LRCO - I',NULL,'MIKOY','BOHOL','MIKOY','BOHOL','50.00','50.00','0.00',0,NULL,NULL,'PERSNL-12f70615:1362b0b3421:-7ffa','VERGARA, JAYROME','LRCO - I'),('RCT-787d141c:1363d5b6fa2:-7fe8','CLOSED','MISC','tc:general_collection','REM-787d141c:1363d5b6fa2:-7fc0','REM-2012-00003','2012-03-23','2012-03-22','2012-03-23 13:19:42',2012,1,3,22,'CAPTURE','51','AF1835841f:1363d674171:-7ffa','0000002','1111111','C1a4bc292:12fb40a39d4:-7ffb','GENERAL COLLECTION','PERSNL-12f70615:1362b0b3421:-7ffa','VERGARA, JAYROME ','LRCO - I',NULL,'OBERES MIKOY','BOHOL','OBERES MIKOY','BOHOL','20.00','20.00','0.00',0,NULL,NULL,'PERSNL-12f70615:1362b0b3421:-7ffa','VERGARA, JAYROME','LRCO - I'),('RCT-787d141c:1363d5b6fa2:-7fed','CLOSED','MISC','tc:general_collection','REM-787d141c:1363d5b6fa2:-7fc0','REM-2012-00003','2012-03-23','2012-03-22','2012-03-23 13:19:42',2012,1,3,22,'CAPTURE','51','AF1835841f:1363d674171:-7ffa','0000001','1111111','C1a4bc292:12fb40a39d4:-7ffb','GENERAL COLLECTION','PERSNL-12f70615:1362b0b3421:-7ffa','VERGARA, JAYROME ','LRCO - I',NULL,'VERGARA JAYROME','BOHOL','VERGARA JAYROME','BOHOL','20.00','20.00','0.00',0,NULL,NULL,'PERSNL-12f70615:1362b0b3421:-7ffa','VERGARA, JAYROME','LRCO - I'),('RCT-7ab16a27:136de149d9c:-7fea','CLOSED','MISC','tc:general_collection','REM-64adc1db:136e1effa44:-7fc8','REM-2012-00007','2012-04-24','2012-04-23','2012-04-23 16:37:11',2012,2,4,23,'ONLINE','51','AFC-7ab16a27:136de149d9c:-7fef','W-5000101-G','12345-3','C1a4bc292:12fb40a39d4:-7ffb','GENERAL COLLECTION','PERSNL2e03615d:136b8c85690:-7ffb','PALEN, WINDHEL G','RCCO - 01',NULL,'JAYROME VERGARA','CEBU CITY','JAYROME VERGARA','CEBU CITY','100.00','100.00','0.00',0,NULL,NULL,NULL,NULL,NULL),('RCT-a5683f2:136571474b2:-7ff3','CLOSED','RPT','tc:real_property','REM-3bcd7395:136585a9dee:-7fcd','REM-2012-00004','2012-03-28','2012-03-28','2012-03-28 10:41:29',2012,1,3,28,'ONLINE','56','AF6a877cc1:1365208616f:-7dd7','0001002','22222','C16a988ad:1316e4a2d82:-7ffa','REAL PROPERTY','PERSNL-12f70615:1362b0b3421:-7ffa','VERGARA, JAYROME ','LRCO - I','E-5dfc4b9f:13651f0a0de:-7ff9','SPS. OBERES, MIKOY AND ESCARIO, REX','CEBU CITY','SPS. OBERES, MIKOY AND ESCARIO, REX','CEBU CITY','40.92','40.92','0.00',0,NULL,NULL,NULL,NULL,NULL),('RCT-d97c0a6:13657caaf62:-7f80','CLOSED','RPT','tc:real_property','REM-3bcd7395:136585a9dee:-7fcd','REM-2012-00004','2012-03-28','2012-03-28','2012-03-28 14:45:27',2012,1,3,28,'ONLINE','56','AF6a877cc1:1365208616f:-7dd7','0001005','22222','C16a988ad:1316e4a2d82:-7ffa','REAL PROPERTY','PERSNL-12f70615:1362b0b3421:-7ffa','VERGARA, JAYROME ','LRCO - I','E4eb9968d:13639066586:-7ff4','LAURON, ROMMEL','CEBU CITY','LAURON, ROMMEL','CEBU CITY','13.16','13.16','0.00',0,NULL,NULL,NULL,NULL,NULL),('RCT-d97c0a6:13657caaf62:-7f90','CLOSED','RPT','tc:real_property','REM-3bcd7395:136585a9dee:-7fcd','REM-2012-00004','2012-03-28','2012-03-28','2012-03-28 14:45:11',2012,1,3,28,'ONLINE','56','AF6a877cc1:1365208616f:-7dd7','0001004','22222','C16a988ad:1316e4a2d82:-7ffa','REAL PROPERTY','PERSNL-12f70615:1362b0b3421:-7ffa','VERGARA, JAYROME ','LRCO - I','E4eb9968d:13639066586:-7fc5','CHIONG, EMERSON','CEBU CITY','CHIONG, EMERSON','CEBU CITY','29.92','29.92','0.00',0,NULL,NULL,NULL,NULL,NULL),('RCT-d97c0a6:13657caaf62:-7fc6','CLOSED','RPT','tc:real_property','REM-3bcd7395:136585a9dee:-7fcd','REM-2012-00004','2012-03-28','2012-03-28','2012-03-28 14:11:14',2012,1,3,28,'ONLINE','56','AF6a877cc1:1365208616f:-7dd7','0001003','22222','C16a988ad:1316e4a2d82:-7ffa','REAL PROPERTY','PERSNL-12f70615:1362b0b3421:-7ffa','VERGARA, JAYROME ','LRCO - I','E-12f70615:1362b0b3421:-7fed','VERGARA, JAYROME','CEBU CITY','VERGARA, JAYROME','CEBU CITY','26435.20','26435.20','0.00',0,NULL,NULL,NULL,NULL,NULL),('RCT2a8c8a24:1363832b9dd:-7ff3','CLOSED','BUSINESS_TAX','tc:business_tax','REM-787d141c:1363d5b6fa2:-7fc0','REM-2012-00003','2012-03-23','2012-03-22','2012-03-22 11:11:11',2012,1,3,22,'ONLINE','51','AF7383e27:1362b22f380:-7ffe','GP-1000006-W','1234','C1a4bc292:12fb40a39d4:-7ff8','BUSINESS TAXES','PERSNL-12f70615:1362b0b3421:-7ffa','VERGARA, JAYROME ','LRCO - I','E2a8c8a24:1363832b9dd:-7ffa','ZAMORA, JESSIE','CEBU CITY','ZAMORA, JESSIE','CEBU CITY','50.00','50.00','0.00',0,NULL,NULL,NULL,NULL,NULL),('RCT3284830e:136dfa7dffc:-7fe3','CLOSED','BUSINESS_TAX','tc:business_tax','REM-64adc1db:136e1effa44:-7fc8','REM-2012-00007','2012-04-24','2012-04-23','2012-04-23 22:54:57',2012,2,4,23,'ONLINE','51','AFC-7ab16a27:136de149d9c:-7fef','W-5000103-G','12345-3','C1a4bc292:12fb40a39d4:-7ff8','BUSINESS TAXES','PERSNL2e03615d:136b8c85690:-7ffb','PALEN, WINDHEL G','RCCO - 01','E-180db72b:136df9875d1:-7ffa','VERGARA, ROJEAN','CEBU CITY','VERGARA, ROJEAN','CEBU CITY','450.00','450.00','0.00',0,NULL,NULL,NULL,NULL,NULL),('RCT3284830e:136dfa7dffc:-7ff3','CLOSED','BUSINESS_TAX','tc:business_tax','REM-64adc1db:136e1effa44:-7fc8','REM-2012-00007','2012-04-24','2012-04-23','2012-04-23 22:52:52',2012,2,4,23,'ONLINE','51','AFC-7ab16a27:136de149d9c:-7fef','W-5000102-G','12345-3','C1a4bc292:12fb40a39d4:-7ff8','BUSINESS TAXES','PERSNL2e03615d:136b8c85690:-7ffb','PALEN, WINDHEL G','RCCO - 01','E-180db72b:136df9875d1:-7ffa','VERGARA, ROJEAN','CEBU CITY','VERGARA, ROJEAN','CEBU CITY','1500.00','1500.00','0.00',0,NULL,NULL,NULL,NULL,NULL),('RCT3600cbb4:136a52373df:-7fca','CLOSED','MISC','tc:general_collection','REM3600cbb4:136a52373df:-7fb1','REM-2012-00005','2012-04-12','2012-04-12','2012-04-12 15:23:59',2012,2,4,12,'ONLINE','51','AF7383e27:1362b22f380:-7ffe','GP-1000008-W','1234','C1a4bc292:12fb40a39d4:-7ffb','GENERAL COLLECTION','PERSNL-12f70615:1362b0b3421:-7ffa','VERGARA, JAYROME ','LRCO - I',NULL,'RAMOS MIKE','CEBU CITY','RAMOS MIKE','CEBU CITY','30.00','30.00','0.00',0,NULL,NULL,NULL,NULL,NULL),('RCT3600cbb4:136a52373df:-7fe2','CLOSED','CTCI','tc:ctc_individual','REM3600cbb4:136a52373df:-7fb1','REM-2012-00005','2012-04-12','2012-04-12','2012-04-12 15:09:30',2012,2,4,12,'ONLINE','0016','AF7b0b31e9:13675dac338:-7ffa','00000101','36','C-3adb2070:13322276f1e:-72eb','CTC-INDIVIDUAL','PERSNL-12f70615:1362b0b3421:-7ffa','VERGARA, JAYROME ','LRCO - I','E-12f70615:1362b0b3421:-7fed','VERGARA, JAYROME','CEBU CITY','VERGARA, JAYROME','CEBU CITY','5.00','5.00','0.00',0,NULL,NULL,NULL,NULL,NULL),('RCT4eb9968d:13639066586:-7fbb','CLOSED','BUSINESS_TAX','tc:business_tax','REM-787d141c:1363d5b6fa2:-7fc0','REM-2012-00003','2012-03-23','2012-09-01','2012-09-01 15:15:09',2012,3,9,1,'ONLINE','51','AF7383e27:1362b22f380:-7ffe','GP-1000007-W','1234','C1a4bc292:12fb40a39d4:-7ff8','BUSINESS TAXES','PERSNL-12f70615:1362b0b3421:-7ffa','VERGARA, JAYROME ','LRCO - I','E4eb9968d:13639066586:-7fc5','CHIONG, EMERSON','CEBU CITY','CHIONG, EMERSON','CEBU CITY','3318.75','3318.75','0.00',0,NULL,NULL,NULL,NULL,NULL);

/*Table structure for table `remittance` */

DROP TABLE IF EXISTS `remittance`;

CREATE TABLE `remittance` (
  `objid` varchar(50) NOT NULL,
  `schemaname` varchar(50) NOT NULL,
  `schemaversion` varchar(20) NOT NULL,
  `info` text NOT NULL,
  `docstate` varchar(20) NOT NULL,
  `dtposted` date NOT NULL,
  `liquidationid` varchar(50) default NULL,
  `liquidationno` varchar(20) default NULL,
  `liquidationdate` date default NULL,
  `liquidatingofficerid` varchar(50) NOT NULL,
  `collectorid` varchar(50) NOT NULL,
  PRIMARY KEY  (`objid`)
) ENGINE=InnoDB DEFAULT CHARSET=latin1;

/*Data for the table `remittance` */

insert  into `remittance`(`objid`,`schemaname`,`schemaversion`,`info`,`docstate`,`dtposted`,`liquidationid`,`liquidationno`,`liquidationdate`,`liquidatingofficerid`,`collectorid`) values ('REM-3bcd7395:136585a9dee:-7fcd','remittance:remittance','1.0','[txndate:\"2012-03-28\",collectorname:\"JAYROME VERGARA\",collectortitle:\"LRCO - I\",amount:26569.20,totalcash:26569.20,totalotherpayment:0.0,liquidatingofficername:\"ARNEL RETIZA\",liquidatingofficertitle:\"LIQUIDATING OFFICER\",denominations:[[caption:\"1000.00\",denomination:1000.00,qty:26,amount:26000.00],[caption:\"500.00\",denomination:500.00,qty:1,amount:500.00],[caption:\"200.00\",denomination:200.00,qty:0,amount:0.0],[caption:\"100.00\",denomination:100.00,qty:0,amount:0.0],[caption:\"50.00\",denomination:50.00,qty:1,amount:50.00],[caption:\"20.00\",denomination:20.00,qty:0,amount:0.0],[caption:\"10.00\",denomination:10.00,qty:1,amount:10.00],[caption:\"Coins\",denomination:1.00,qty:9.20,amount:9.2000]],txnno:\"REM-2012-00004\"]','CLOSED','2012-03-28','LIQ-3bcd7395:136585a9dee:-7fc9','LIQ-2012-00002','2012-03-28','PERSNL-77eb9ad:1362de475cb:-7fe6','PERSNL-12f70615:1362b0b3421:-7ffa'),('REM-5ca1f272:136aa8ef9cc:-7fdd','remittance:remittance','1.0','[txndate:\"2012-04-13\",collectorname:\"JAYROME VERGARA\",collectortitle:\"LRCO - I\",amount:15.00,totalcash:15.00,totalotherpayment:0.0,liquidatingofficername:\"ARNEL RETIZA\",liquidatingofficertitle:\"LIQUIDATING OFFICER\",denominations:[[caption:\"1000.00\",denomination:1000.00,qty:0,amount:0.0],[caption:\"500.00\",denomination:500.00,qty:0,amount:0.0],[caption:\"200.00\",denomination:200.00,qty:0,amount:0.0],[caption:\"100.00\",denomination:100.00,qty:0,amount:0.0],[caption:\"50.00\",denomination:50.00,qty:0,amount:0.0],[caption:\"20.00\",denomination:20.00,qty:0,amount:0.0],[caption:\"10.00\",denomination:10.00,qty:1,amount:10.00],[caption:\"Coins\",denomination:1.00,qty:5.00,amount:5.00]],txnno:\"REM-2012-00006\"]','CLOSED','2012-04-13','LIQ-64adc1db:136e1effa44:-7fc4','LIQ-2012-00003','2012-04-24','PERSNL-77eb9ad:1362de475cb:-7fe6','PERSNL-12f70615:1362b0b3421:-7ffa'),('REM-64adc1db:136e1effa44:-7fa9','remittance:remittance','1.0','[txndate:\"2012-04-24\",collectorname:\"JAYROME VERGARA\",collectortitle:\"LRCO - I\",amount:18.00,totalcash:18.00,totalotherpayment:0.0,liquidatingofficername:\"ARNEL RETIZA\",liquidatingofficertitle:\"LIQUIDATING OFFICER\",denominations:[[caption:\"1000.00\",denomination:1000.00,qty:0,amount:0.0],[caption:\"500.00\",denomination:500.00,qty:0,amount:0.0],[caption:\"200.00\",denomination:200.00,qty:0,amount:0.0],[caption:\"100.00\",denomination:100.00,qty:0,amount:0.0],[caption:\"50.00\",denomination:50.00,qty:0,amount:0.0],[caption:\"20.00\",denomination:20.00,qty:0,amount:0.0],[caption:\"10.00\",denomination:10.00,qty:1,amount:10.00],[caption:\"Coins\",denomination:1.00,qty:8.00,amount:8.00]],txnno:\"REM-2012-00008\"]','CLOSED','2012-04-24','LIQ-64adc1db:136e1effa44:-7fa1','LIQ-2012-00004','2012-04-24','PERSNL-77eb9ad:1362de475cb:-7fe6','PERSNL-12f70615:1362b0b3421:-7ffa'),('REM-64adc1db:136e1effa44:-7fc8','remittance:remittance','1.0','[txndate:\"2012-04-24\",collectorname:\"WINDHEL G PALEN\",collectortitle:\"RCCO - 01\",amount:2050.00,totalcash:2050.00,totalotherpayment:0.0,liquidatingofficername:\"ARNEL RETIZA\",liquidatingofficertitle:\"LIQUIDATING OFFICER\",denominations:[[caption:\"1000.00\",denomination:1000.00,qty:2,amount:2000.00],[caption:\"500.00\",denomination:500.00,qty:0,amount:0.0],[caption:\"200.00\",denomination:200.00,qty:0,amount:0.0],[caption:\"100.00\",denomination:100.00,qty:0,amount:0.0],[caption:\"50.00\",denomination:50.00,qty:1,amount:50.00],[caption:\"20.00\",denomination:20.00,qty:0,amount:0.0],[caption:\"10.00\",denomination:10.00,qty:0,amount:0.0],[caption:\"Coins\",denomination:1.00,qty:0,amount:0.0]],txnno:\"REM-2012-00007\"]','CLOSED','2012-04-24','LIQ-64adc1db:136e1effa44:-7fc4','LIQ-2012-00003','2012-04-24','PERSNL-77eb9ad:1362de475cb:-7fe6','PERSNL2e03615d:136b8c85690:-7ffb'),('REM-77eb9ad:1362de475cb:-7f5e','remittance:remittance','1.0','[txndate:\"2012-03-20\",collectorname:\"JAYROME VERGARA\",collectortitle:\"LRCO - I\",amount:200.00,totalcash:200.00,totalotherpayment:0.0,liquidatingofficername:\"ARNEL RETIZA\",liquidatingofficertitle:\"LIQUIDATING OFFICER\",denominations:[[caption:\"1000.00\",denomination:1000.00,qty:0,amount:0.0],[caption:\"500.00\",denomination:500.00,qty:0,amount:0.0],[caption:\"200.00\",denomination:200.00,qty:1,amount:200.00],[caption:\"100.00\",denomination:100.00,qty:0,amount:0.0],[caption:\"50.00\",denomination:50.00,qty:0,amount:0.0],[caption:\"20.00\",denomination:20.00,qty:0,amount:0.0],[caption:\"10.00\",denomination:10.00,qty:0,amount:0.0],[caption:\"Coins\",denomination:1.00,qty:0,amount:0.0]],txnno:\"REM-2012-00002\"]','CLOSED','2012-03-20','LIQ-3bcd7395:136585a9dee:-7fc9','LIQ-2012-00002','2012-03-28','PERSNL-77eb9ad:1362de475cb:-7fe6','PERSNL-12f70615:1362b0b3421:-7ffa'),('REM-77eb9ad:1362de475cb:-7fc0','remittance:remittance','1.0','[txndate:\"2012-03-20\",collectorname:\"JAYROME VERGARA\",collectortitle:\"LRCO - I\",amount:202.00,totalcash:102.00,totalotherpayment:100.00,liquidatingofficername:\"ARNEL RETIZA\",liquidatingofficertitle:\"LIQUIDATING OFFICER\",denominations:[[caption:\"1000.00\",denomination:1000.00,qty:0,amount:0.0],[caption:\"500.00\",denomination:500.00,qty:0,amount:0.0],[caption:\"200.00\",denomination:200.00,qty:0,amount:0.0],[caption:\"100.00\",denomination:100.00,qty:0,amount:0.0],[caption:\"50.00\",denomination:50.00,qty:2,amount:100.00],[caption:\"20.00\",denomination:20.00,qty:0,amount:0.0],[caption:\"10.00\",denomination:10.00,qty:0,amount:0.0],[caption:\"Coins\",denomination:1.00,qty:2.00,amount:2.00]],txnno:\"REM-2012-00001\"]','CLOSED','2012-03-20','LIQ-77eb9ad:1362de475cb:-7fbb','LIQ-2012-00001','2012-03-20','PERSNL-77eb9ad:1362de475cb:-7fe6','PERSNL-12f70615:1362b0b3421:-7ffa'),('REM-787d141c:1363d5b6fa2:-7fc0','remittance:remittance','1.0','[txndate:\"2012-03-23\",collectorname:\"JAYROME VERGARA\",collectortitle:\"LRCO - I\",amount:3538.75,totalcash:3538.75,totalotherpayment:0.0,liquidatingofficername:\"ARNEL RETIZA\",liquidatingofficertitle:\"LIQUIDATING OFFICER\",denominations:[[caption:\"1000.00\",denomination:1000.00,qty:3,amount:3000.00],[caption:\"500.00\",denomination:500.00,qty:1,amount:500.00],[caption:\"200.00\",denomination:200.00,qty:0,amount:0.00],[caption:\"100.00\",denomination:100.00,qty:0,amount:0.00],[caption:\"50.00\",denomination:50.00,qty:0,amount:0.0],[caption:\"20.00\",denomination:20.00,qty:1,amount:20.00],[caption:\"10.00\",denomination:10.00,qty:1,amount:10.00],[caption:\"Coins\",denomination:1.00,qty:8.75,amount:8.7500]],txnno:\"REM-2012-00003\"]','CLOSED','2012-03-23','LIQ-3bcd7395:136585a9dee:-7fc9','LIQ-2012-00002','2012-03-28','PERSNL-77eb9ad:1362de475cb:-7fe6','PERSNL-12f70615:1362b0b3421:-7ffa'),('REM3600cbb4:136a52373df:-7fb1','remittance:remittance','1.0','[txndate:\"2012-04-12\",collectorname:\"JAYROME VERGARA\",collectortitle:\"LRCO - I\",amount:35.00,totalcash:35.00,totalotherpayment:0.0,liquidatingofficername:\"ARNEL RETIZA\",liquidatingofficertitle:\"LIQUIDATING OFFICER\",denominations:[[caption:\"1000.00\",denomination:1000.00,qty:0,amount:0.0],[caption:\"500.00\",denomination:500.00,qty:0,amount:0.0],[caption:\"200.00\",denomination:200.00,qty:0,amount:0.0],[caption:\"100.00\",denomination:100.00,qty:0,amount:0.0],[caption:\"50.00\",denomination:50.00,qty:0,amount:0.0],[caption:\"20.00\",denomination:20.00,qty:1,amount:20.00],[caption:\"10.00\",denomination:10.00,qty:1,amount:10.00],[caption:\"Coins\",denomination:1.00,qty:5.00,amount:5.00]],txnno:\"REM-2012-00005\"]','CLOSED','2012-04-12','LIQ-64adc1db:136e1effa44:-7fc4','LIQ-2012-00003','2012-04-24','PERSNL-77eb9ad:1362de475cb:-7fe6','PERSNL-12f70615:1362b0b3421:-7ffa'),('REM77418285:1361e9efa56:-7fe2','remittance:remittance','1.0','[txndate:\"2012-03-17\",collectorname:\"ARNEL RETIZA\",collectortitle:\"LTOO-III\",amount:50.00,totalcash:50.00,totalotherpayment:0.0,liquidatingofficername:\"WINDHEL PALEN\",liquidatingofficertitle:\"LIQUIDATING OFFICER - III\",denominations:[[caption:\"1000.00\",denomination:1000.00,qty:0,amount:0.0],[caption:\"500.00\",denomination:500.00,qty:0,amount:0.0],[caption:\"200.00\",denomination:200.00,qty:0,amount:0.0],[caption:\"100.00\",denomination:100.00,qty:0,amount:0.0],[caption:\"50.00\",denomination:50.00,qty:1,amount:50.00],[caption:\"20.00\",denomination:20.00,qty:0,amount:0.0],[caption:\"10.00\",denomination:10.00,qty:0,amount:0.0],[caption:\"Coins\",denomination:1.00,qty:0,amount:0.0]],txnno:\"REM-2012-00001\"]','CLOSED','2012-03-17','LIQ77418285:1361e9efa56:-7fde','LIQ-2012-00001','2012-03-17','PERSNL2ee013e8:1361a54a166:-7ff7','PERSNL2ee013e8:1361a54a166:-7fd1');

/*Table structure for table `remittancelist` */

DROP TABLE IF EXISTS `remittancelist`;

CREATE TABLE `remittancelist` (
  `objid` varchar(50) NOT NULL,
  `docstate` varchar(20) NOT NULL,
  `txnno` varchar(20) NOT NULL,
  `txndate` date NOT NULL,
  `collectorname` varchar(50) NOT NULL,
  `amount` decimal(10,2) default NULL,
  `collectorid` varchar(50) NOT NULL,
  `collectortitle` varchar(30) NOT NULL,
  `totalcash` decimal(10,2) default NULL,
  `totalotherpayment` decimal(10,2) default NULL,
  `liquidationid` varchar(50) default NULL,
  `txntimestamp` varchar(10) default NULL,
  `liquidationno` varchar(15) default NULL,
  `liquidationdate` date default NULL,
  `liquidatingofficerid` varchar(50) default NULL,
  `liquidatingofficername` varchar(50) default NULL,
  `liquidatingofficertitle` varchar(30) default NULL,
  PRIMARY KEY  (`objid`),
  KEY `ix_remittancelist_liquidationid` (`liquidationid`),
  KEY `ix_remittance_liquidationid` (`liquidationid`),
  CONSTRAINT `FK_remittancelist` FOREIGN KEY (`objid`) REFERENCES `remittance` (`objid`)
) ENGINE=InnoDB DEFAULT CHARSET=latin1;

/*Data for the table `remittancelist` */

insert  into `remittancelist`(`objid`,`docstate`,`txnno`,`txndate`,`collectorname`,`amount`,`collectorid`,`collectortitle`,`totalcash`,`totalotherpayment`,`liquidationid`,`txntimestamp`,`liquidationno`,`liquidationdate`,`liquidatingofficerid`,`liquidatingofficername`,`liquidatingofficertitle`) values ('REM-3bcd7395:136585a9dee:-7fcd','CLOSED','REM-2012-00004','2012-03-28','JAYROME VERGARA','26569.20','PERSNL-12f70615:1362b0b3421:-7ffa','LRCO - I','26569.20','0.00','LIQ-3bcd7395:136585a9dee:-7fc9','201210328','LIQ-2012-00002',NULL,'PERSNL-77eb9ad:1362de475cb:-7fe6','ARNEL RETIZA','LIQUIDATING OFFICER'),('REM-5ca1f272:136aa8ef9cc:-7fdd','CLOSED','REM-2012-00006','2012-04-13','JAYROME VERGARA','15.00','PERSNL-12f70615:1362b0b3421:-7ffa','LRCO - I','15.00','0.00','LIQ-64adc1db:136e1effa44:-7fc4','201220413','LIQ-2012-00003',NULL,'PERSNL-77eb9ad:1362de475cb:-7fe6','ARNEL RETIZA','LIQUIDATING OFFICER'),('REM-64adc1db:136e1effa44:-7fa9','CLOSED','REM-2012-00008','2012-04-24','JAYROME VERGARA','18.00','PERSNL-12f70615:1362b0b3421:-7ffa','LRCO - I','18.00','0.00','LIQ-64adc1db:136e1effa44:-7fa1','201220424','LIQ-2012-00004',NULL,'PERSNL-77eb9ad:1362de475cb:-7fe6','ARNEL RETIZA','LIQUIDATING OFFICER'),('REM-64adc1db:136e1effa44:-7fc8','CLOSED','REM-2012-00007','2012-04-24','WINDHEL G PALEN','2050.00','PERSNL2e03615d:136b8c85690:-7ffb','RCCO - 01','2050.00','0.00','LIQ-64adc1db:136e1effa44:-7fc4','201220424','LIQ-2012-00003',NULL,'PERSNL-77eb9ad:1362de475cb:-7fe6','ARNEL RETIZA','LIQUIDATING OFFICER'),('REM-77eb9ad:1362de475cb:-7f5e','CLOSED','REM-2012-00002','2012-03-20','JAYROME VERGARA','200.00','PERSNL-12f70615:1362b0b3421:-7ffa','LRCO - I','200.00','0.00','LIQ-3bcd7395:136585a9dee:-7fc9','201210320','LIQ-2012-00002',NULL,'PERSNL-77eb9ad:1362de475cb:-7fe6','ARNEL RETIZA','LIQUIDATING OFFICER'),('REM-77eb9ad:1362de475cb:-7fc0','CLOSED','REM-2012-00001','2012-03-20','JAYROME VERGARA','202.00','PERSNL-12f70615:1362b0b3421:-7ffa','LRCO - I','102.00','100.00','LIQ-77eb9ad:1362de475cb:-7fbb','201210320','LIQ-2012-00001',NULL,'PERSNL-77eb9ad:1362de475cb:-7fe6','ARNEL RETIZA','LIQUIDATING OFFICER'),('REM-787d141c:1363d5b6fa2:-7fc0','CLOSED','REM-2012-00003','2012-03-23','JAYROME VERGARA','3538.75','PERSNL-12f70615:1362b0b3421:-7ffa','LRCO - I','3538.75','0.00','LIQ-3bcd7395:136585a9dee:-7fc9','201210323','LIQ-2012-00002',NULL,'PERSNL-77eb9ad:1362de475cb:-7fe6','ARNEL RETIZA','LIQUIDATING OFFICER'),('REM3600cbb4:136a52373df:-7fb1','CLOSED','REM-2012-00005','2012-04-12','JAYROME VERGARA','35.00','PERSNL-12f70615:1362b0b3421:-7ffa','LRCO - I','35.00','0.00','LIQ-64adc1db:136e1effa44:-7fc4','201220412','LIQ-2012-00003',NULL,'PERSNL-77eb9ad:1362de475cb:-7fe6','ARNEL RETIZA','LIQUIDATING OFFICER');

/*Table structure for table `remittedform` */

DROP TABLE IF EXISTS `remittedform`;

CREATE TABLE `remittedform` (
  `objid` varchar(50) NOT NULL,
  `afcontrolid` varchar(50) NOT NULL,
  `afid` varchar(50) NOT NULL,
  `receivedfrom` varchar(50) default NULL,
  `receivedto` varchar(50) default NULL,
  `receivedqty` int(11) default NULL,
  `beginfrom` varchar(50) default NULL,
  `beginto` varchar(50) default NULL,
  `beginqty` int(11) default NULL,
  `issuedfrom` varchar(50) default NULL,
  `issuedto` varchar(50) default NULL,
  `issuedqty` int(11) default NULL,
  `endingfrom` varchar(50) default NULL,
  `endingto` varchar(50) default NULL,
  `endingqty` int(11) default NULL,
  `remittanceid` varchar(50) NOT NULL,
  `stubno` varchar(20) NOT NULL,
  `aftype` varchar(10) default NULL,
  PRIMARY KEY  (`objid`),
  KEY `FK_remittance` (`remittanceid`),
  KEY `FK_afcontrol` (`afcontrolid`),
  KEY `FK_af` (`afid`),
  CONSTRAINT `FK_af` FOREIGN KEY (`afid`) REFERENCES `af` (`objid`),
  CONSTRAINT `FK_afcontrol` FOREIGN KEY (`afcontrolid`) REFERENCES `afcontrol` (`objid`),
  CONSTRAINT `FK_remittance` FOREIGN KEY (`remittanceid`) REFERENCES `remittance` (`objid`)
) ENGINE=InnoDB DEFAULT CHARSET=latin1;

/*Data for the table `remittedform` */

insert  into `remittedform`(`objid`,`afcontrolid`,`afid`,`receivedfrom`,`receivedto`,`receivedqty`,`beginfrom`,`beginto`,`beginqty`,`issuedfrom`,`issuedto`,`issuedqty`,`endingfrom`,`endingto`,`endingqty`,`remittanceid`,`stubno`,`aftype`) values ('RF-3bcd7395:136585a9dee:-7fce','AF-55ce799d:1362f190a42:-7fd6','CT2',NULL,NULL,NULL,'-','-',50,NULL,NULL,NULL,'-','-',50,'REM-3bcd7395:136585a9dee:-7fcd','2000','nonserial'),('RF-3bcd7395:136585a9dee:-7fcf','AF-55ce799d:1362f190a42:-7fce','CT1',NULL,NULL,NULL,'-','-',2000,NULL,NULL,NULL,'-','-',2000,'REM-3bcd7395:136585a9dee:-7fcd','3000','nonserial'),('RF-3bcd7395:136585a9dee:-7fd0','AF6a877cc1:1365208616f:-7dd7','56',NULL,NULL,NULL,'0001001','0001050',50,'0001001','0001005',5,'0001006','0001050',45,'REM-3bcd7395:136585a9dee:-7fcd','22222','serial'),('RF-3bcd7395:136585a9dee:-7fd1','AF-55ce799d:1362f190a42:-7ff8','52',NULL,NULL,NULL,'GP-10000002-W','GP-10000050-W',49,NULL,NULL,NULL,'GP-10000002-W','GP-10000050-W',49,'REM-3bcd7395:136585a9dee:-7fcd','12345','serial'),('RF-3bcd7395:136585a9dee:-7fd2','AF575f2a45:1362fc5cb9a:-7ffd','51',NULL,NULL,NULL,'GP-0000201-W','GP-0000250-W',50,NULL,NULL,NULL,'GP-0000201-W','GP-0000250-W',50,'REM-3bcd7395:136585a9dee:-7fcd','5000','serial'),('RF-3bcd7395:136585a9dee:-7fd3','AF7383e27:1362b22f380:-7ffe','51',NULL,NULL,NULL,'GP-1000008-W','GP-1000050-W',43,NULL,NULL,NULL,'GP-1000008-W','GP-1000050-W',43,'REM-3bcd7395:136585a9dee:-7fcd','1234','serial'),('RF-3bcd7395:136585a9dee:-7fd4','AF-4715d2ab:1362e02a1a7:-7ff5','51',NULL,NULL,NULL,'SC-10000001-W','SC-10000050-W',50,NULL,NULL,NULL,'SC-10000001-W','SC-10000050-W',50,'REM-3bcd7395:136585a9dee:-7fcd','123','serial'),('RF-3bcd7395:136585a9dee:-7fd5','AF1835841f:1363d674171:-7ffa','51',NULL,NULL,NULL,'0000005','0000050',46,NULL,NULL,NULL,'0000005','0000050',46,'REM-3bcd7395:136585a9dee:-7fcd','1111111','serial'),('RF-5ca1f272:136aa8ef9cc:-7fde','AF-55ce799d:1362f190a42:-7fd6','CT2',NULL,NULL,NULL,'-','-',50,NULL,NULL,NULL,'-','-',50,'REM-5ca1f272:136aa8ef9cc:-7fdd','2000','nonserial'),('RF-5ca1f272:136aa8ef9cc:-7fdf','AF-55ce799d:1362f190a42:-7fce','CT1',NULL,NULL,NULL,'-','-',2000,NULL,NULL,NULL,'-','-',2000,'REM-5ca1f272:136aa8ef9cc:-7fdd','3000','nonserial'),('RF-5ca1f272:136aa8ef9cc:-7fe0','AF6a877cc1:1365208616f:-7dd7','56',NULL,NULL,NULL,'0001006','0001050',45,NULL,NULL,NULL,'0001006','0001050',45,'REM-5ca1f272:136aa8ef9cc:-7fdd','22222','serial'),('RF-5ca1f272:136aa8ef9cc:-7fe1','AF-55ce799d:1362f190a42:-7ff8','52',NULL,NULL,NULL,'GP-10000002-W','GP-10000050-W',49,NULL,NULL,NULL,'GP-10000002-W','GP-10000050-W',49,'REM-5ca1f272:136aa8ef9cc:-7fdd','12345','serial'),('RF-5ca1f272:136aa8ef9cc:-7fe2','AF575f2a45:1362fc5cb9a:-7ffd','51',NULL,NULL,NULL,'GP-0000201-W','GP-0000250-W',50,NULL,NULL,NULL,'GP-0000201-W','GP-0000250-W',50,'REM-5ca1f272:136aa8ef9cc:-7fdd','5000','serial'),('RF-5ca1f272:136aa8ef9cc:-7fe3','AF7383e27:1362b22f380:-7ffe','51',NULL,NULL,NULL,'GP-1000009-W','GP-1000050-W',42,NULL,NULL,NULL,'GP-1000009-W','GP-1000050-W',42,'REM-5ca1f272:136aa8ef9cc:-7fdd','1234','serial'),('RF-5ca1f272:136aa8ef9cc:-7fe4','AF-4715d2ab:1362e02a1a7:-7ff5','51',NULL,NULL,NULL,'SC-10000001-W','SC-10000050-W',50,NULL,NULL,NULL,'SC-10000001-W','SC-10000050-W',50,'REM-5ca1f272:136aa8ef9cc:-7fdd','123','serial'),('RF-5ca1f272:136aa8ef9cc:-7fe5','AF1835841f:1363d674171:-7ffa','51',NULL,NULL,NULL,'0000005','0000050',46,NULL,NULL,NULL,'0000005','0000050',46,'REM-5ca1f272:136aa8ef9cc:-7fdd','1111111','serial'),('RF-5ca1f272:136aa8ef9cc:-7fe6','AFC-18094b30:136a9665945:-7fe6','0017',NULL,NULL,NULL,'CTCC-03000001','CTCC-03000050',50,'CTCC-03000001','CTCC-03000001',1,'CTCC-03000002','CTCC-03000050',49,'REM-5ca1f272:136aa8ef9cc:-7fdd','222222-1','serial'),('RF-5ca1f272:136aa8ef9cc:-7fe7','AF7b0b31e9:13675dac338:-7ffa','0016',NULL,NULL,NULL,'00000102','00000150',49,'00000102','00000103',2,'00000104','00000150',47,'REM-5ca1f272:136aa8ef9cc:-7fdd','36','serial'),('RF-64adc1db:136e1effa44:-7faa','AF-55ce799d:1362f190a42:-7fd6','CT2',NULL,NULL,NULL,'-','-',50,NULL,NULL,NULL,'-','-',50,'REM-64adc1db:136e1effa44:-7fa9','2000','nonserial'),('RF-64adc1db:136e1effa44:-7fab','AF-55ce799d:1362f190a42:-7fce','CT1',NULL,NULL,NULL,'-','-',2000,NULL,NULL,NULL,'-','-',2000,'REM-64adc1db:136e1effa44:-7fa9','3000','nonserial'),('RF-64adc1db:136e1effa44:-7fac','AF6a877cc1:1365208616f:-7dd7','56',NULL,NULL,NULL,'0001006','0001050',45,'0001006','0001006',1,'0001007','0001050',44,'REM-64adc1db:136e1effa44:-7fa9','22222','serial'),('RF-64adc1db:136e1effa44:-7fad','AF-55ce799d:1362f190a42:-7ff8','52',NULL,NULL,NULL,'GP-10000002-W','GP-10000050-W',49,NULL,NULL,NULL,'GP-10000002-W','GP-10000050-W',49,'REM-64adc1db:136e1effa44:-7fa9','12345','serial'),('RF-64adc1db:136e1effa44:-7fae','AF575f2a45:1362fc5cb9a:-7ffd','51',NULL,NULL,NULL,'GP-0000201-W','GP-0000250-W',50,NULL,NULL,NULL,'GP-0000201-W','GP-0000250-W',50,'REM-64adc1db:136e1effa44:-7fa9','5000','serial'),('RF-64adc1db:136e1effa44:-7faf','AF7383e27:1362b22f380:-7ffe','51',NULL,NULL,NULL,'GP-1000009-W','GP-1000050-W',42,NULL,NULL,NULL,'GP-1000009-W','GP-1000050-W',42,'REM-64adc1db:136e1effa44:-7fa9','1234','serial'),('RF-64adc1db:136e1effa44:-7fb0','AF-4715d2ab:1362e02a1a7:-7ff5','51',NULL,NULL,NULL,'SC-10000001-W','SC-10000050-W',50,NULL,NULL,NULL,'SC-10000001-W','SC-10000050-W',50,'REM-64adc1db:136e1effa44:-7fa9','123','serial'),('RF-64adc1db:136e1effa44:-7fb1','AF1835841f:1363d674171:-7ffa','51',NULL,NULL,NULL,'0000005','0000050',46,NULL,NULL,NULL,'0000005','0000050',46,'REM-64adc1db:136e1effa44:-7fa9','1111111','serial'),('RF-64adc1db:136e1effa44:-7fb2','AFC-18094b30:136a9665945:-7fe6','0017',NULL,NULL,NULL,'CTCC-03000002','CTCC-03000050',49,'CTCC-03000002','CTCC-03000002',1,'CTCC-03000003','CTCC-03000050',48,'REM-64adc1db:136e1effa44:-7fa9','222222-1','serial'),('RF-64adc1db:136e1effa44:-7fb3','AF7b0b31e9:13675dac338:-7ffa','0016',NULL,NULL,NULL,'00000104','00000150',47,'00000104','00000104',1,'00000105','00000150',46,'REM-64adc1db:136e1effa44:-7fa9','36','serial'),('RF-64adc1db:136e1effa44:-7fc9','AFC-7ab16a27:136de149d9c:-7fef','51',NULL,NULL,NULL,'W-5000101-G','W-5000150-G',50,'W-5000101-G','W-5000103-G',3,'W-5000104-G','W-5000150-G',47,'REM-64adc1db:136e1effa44:-7fc8','12345-3','serial'),('RF-77eb9ad:1362de475cb:-7f5f','AF-55ce799d:1362f190a42:-7fd6','CT2','-','-',100,NULL,NULL,NULL,'-','-',50,'-','-',50,'REM-77eb9ad:1362de475cb:-7f5e','2000','nonserial'),('RF-77eb9ad:1362de475cb:-7f60','AF-55ce799d:1362f190a42:-7fec','CT2','-','-',100,NULL,NULL,NULL,'-','-',100,NULL,NULL,NULL,'REM-77eb9ad:1362de475cb:-7f5e','1000','nonserial'),('RF-77eb9ad:1362de475cb:-7f61','AF-55ce799d:1362f190a42:-7fe5','CT2','-','-',100,NULL,NULL,NULL,'-','-',100,NULL,NULL,NULL,'REM-77eb9ad:1362de475cb:-7f5e','1000','nonserial'),('RF-77eb9ad:1362de475cb:-7f62','AF-55ce799d:1362f190a42:-7ff8','52',NULL,NULL,NULL,'GP-10000001-W','GP-10000050-W',50,'GP-10000001-W','GP-10000001-W',1,'GP-10000002-W','GP-10000050-W',49,'REM-77eb9ad:1362de475cb:-7f5e','12345','serial'),('RF-77eb9ad:1362de475cb:-7f63','AF7383e27:1362b22f380:-7ffe','51',NULL,NULL,NULL,'GP-1000005-W','GP-1000050-W',46,NULL,NULL,NULL,'GP-1000005-W','GP-1000050-W',46,'REM-77eb9ad:1362de475cb:-7f5e','1234','serial'),('RF-77eb9ad:1362de475cb:-7f64','AF-4715d2ab:1362e02a1a7:-7ff5','51',NULL,NULL,NULL,'SC-10000001-W','SC-10000050-W',50,NULL,NULL,NULL,'SC-10000001-W','SC-10000050-W',50,'REM-77eb9ad:1362de475cb:-7f5e','123','serial'),('RF-77eb9ad:1362de475cb:-7fc1','AF7383e27:1362b22f380:-7ffe','51',NULL,NULL,NULL,'GP-1000001-W','GP-1000050-W',50,'GP-1000001-W','GP-1000004-W',4,'GP-1000005-W','GP-1000050-W',46,'REM-77eb9ad:1362de475cb:-7fc0','1234','serial'),('RF-77eb9ad:1362de475cb:-7fc2','AF-4715d2ab:1362e02a1a7:-7ff5','51',NULL,NULL,NULL,'SC-10000001-W','SC-10000050-W',50,NULL,NULL,NULL,'SC-10000001-W','SC-10000050-W',50,'REM-77eb9ad:1362de475cb:-7fc0','123','serial'),('RF-787d141c:1363d5b6fa2:-7fc1','AF-55ce799d:1362f190a42:-7fd6','CT2',NULL,NULL,NULL,'-','-',50,NULL,NULL,NULL,'-','-',50,'REM-787d141c:1363d5b6fa2:-7fc0','2000','nonserial'),('RF-787d141c:1363d5b6fa2:-7fc2','AF-55ce799d:1362f190a42:-7fce','CT1','-','-',2000,NULL,NULL,NULL,NULL,NULL,NULL,'-','-',2000,'REM-787d141c:1363d5b6fa2:-7fc0','3000','nonserial'),('RF-787d141c:1363d5b6fa2:-7fc3','AF-55ce799d:1362f190a42:-7ff8','52',NULL,NULL,NULL,'GP-10000002-W','GP-10000050-W',49,NULL,NULL,NULL,'GP-10000002-W','GP-10000050-W',49,'REM-787d141c:1363d5b6fa2:-7fc0','12345','serial'),('RF-787d141c:1363d5b6fa2:-7fc4','AF575f2a45:1362fc5cb9a:-7ffd','51',NULL,NULL,NULL,'GP-0000201-W','GP-0000250-W',50,NULL,NULL,NULL,'GP-0000201-W','GP-0000250-W',50,'REM-787d141c:1363d5b6fa2:-7fc0','5000','serial'),('RF-787d141c:1363d5b6fa2:-7fc5','AF7383e27:1362b22f380:-7ffe','51',NULL,NULL,NULL,'GP-1000005-W','GP-1000050-W',46,'GP-1000005-W','GP-1000007-W',3,'GP-1000008-W','GP-1000050-W',43,'REM-787d141c:1363d5b6fa2:-7fc0','1234','serial'),('RF-787d141c:1363d5b6fa2:-7fc6','AF-4715d2ab:1362e02a1a7:-7ff5','51',NULL,NULL,NULL,'SC-10000001-W','SC-10000050-W',50,NULL,NULL,NULL,'SC-10000001-W','SC-10000050-W',50,'REM-787d141c:1363d5b6fa2:-7fc0','123','serial'),('RF-787d141c:1363d5b6fa2:-7fc7','AF1835841f:1363d674171:-7ffa','51',NULL,NULL,NULL,'0000001','0000050',50,'0000001','0000004',4,'0000005','0000050',46,'REM-787d141c:1363d5b6fa2:-7fc0','1111111','serial'),('RF3600cbb4:136a52373df:-7fb2','AF-55ce799d:1362f190a42:-7fd6','CT2',NULL,NULL,NULL,'-','-',50,NULL,NULL,NULL,'-','-',50,'REM3600cbb4:136a52373df:-7fb1','2000','nonserial'),('RF3600cbb4:136a52373df:-7fb3','AF-55ce799d:1362f190a42:-7fce','CT1',NULL,NULL,NULL,'-','-',2000,NULL,NULL,NULL,'-','-',2000,'REM3600cbb4:136a52373df:-7fb1','3000','nonserial'),('RF3600cbb4:136a52373df:-7fb4','AF6a877cc1:1365208616f:-7dd7','56',NULL,NULL,NULL,'0001006','0001050',45,NULL,NULL,NULL,'0001006','0001050',45,'REM3600cbb4:136a52373df:-7fb1','22222','serial'),('RF3600cbb4:136a52373df:-7fb5','AF-55ce799d:1362f190a42:-7ff8','52',NULL,NULL,NULL,'GP-10000002-W','GP-10000050-W',49,NULL,NULL,NULL,'GP-10000002-W','GP-10000050-W',49,'REM3600cbb4:136a52373df:-7fb1','12345','serial'),('RF3600cbb4:136a52373df:-7fb6','AF575f2a45:1362fc5cb9a:-7ffd','51',NULL,NULL,NULL,'GP-0000201-W','GP-0000250-W',50,NULL,NULL,NULL,'GP-0000201-W','GP-0000250-W',50,'REM3600cbb4:136a52373df:-7fb1','5000','serial'),('RF3600cbb4:136a52373df:-7fb7','AF7383e27:1362b22f380:-7ffe','51',NULL,NULL,NULL,'GP-1000008-W','GP-1000050-W',43,'GP-1000008-W','GP-1000008-W',1,'GP-1000009-W','GP-1000050-W',42,'REM3600cbb4:136a52373df:-7fb1','1234','serial'),('RF3600cbb4:136a52373df:-7fb8','AF-4715d2ab:1362e02a1a7:-7ff5','51',NULL,NULL,NULL,'SC-10000001-W','SC-10000050-W',50,NULL,NULL,NULL,'SC-10000001-W','SC-10000050-W',50,'REM3600cbb4:136a52373df:-7fb1','123','serial'),('RF3600cbb4:136a52373df:-7fb9','AF1835841f:1363d674171:-7ffa','51',NULL,NULL,NULL,'0000005','0000050',46,NULL,NULL,NULL,'0000005','0000050',46,'REM3600cbb4:136a52373df:-7fb1','1111111','serial'),('RF3600cbb4:136a52373df:-7fba','AF7b0b31e9:13675dac338:-7ffa','0016',NULL,NULL,NULL,'00000101','00000150',50,'00000101','00000101',1,'00000102','00000150',49,'REM3600cbb4:136a52373df:-7fb1','36','serial');

/*Table structure for table `requirements` */

DROP TABLE IF EXISTS `requirements`;

CREATE TABLE `requirements` (
  `objid` varchar(50) NOT NULL,
  `schemaname` varchar(50) NOT NULL,
  `schemaversion` varchar(10) NOT NULL,
  `reqcode` varchar(20) NOT NULL,
  `reqname` varchar(100) NOT NULL,
  `reqdesc` varchar(1000) default NULL,
  PRIMARY KEY  (`objid`)
) ENGINE=InnoDB DEFAULT CHARSET=latin1 ROW_FORMAT=DYNAMIC;

/*Data for the table `requirements` */

/*Table structure for table `revenue` */

DROP TABLE IF EXISTS `revenue`;

CREATE TABLE `revenue` (
  `objid` varchar(50) NOT NULL,
  `docstate` varchar(25) NOT NULL,
  `remittanceid` varchar(50) NOT NULL,
  `remittanceno` varchar(20) NOT NULL,
  `remittancedate` datetime NOT NULL,
  `remittancetimestamp` varchar(12) NOT NULL,
  `liquidationid` varchar(50) default NULL,
  `liquidationno` varchar(20) default NULL,
  `liquidationdate` datetime default NULL,
  `liquidationtimestamp` varchar(12) default NULL,
  `depositid` varchar(50) default NULL,
  `depositno` varchar(20) default NULL,
  `depositdate` datetime default NULL,
  `deposittimestamp` varchar(12) default NULL,
  `collectorid` varchar(50) NOT NULL,
  `collectorname` varchar(70) NOT NULL,
  `collectortitle` varchar(100) NOT NULL default '',
  `receipttype` varchar(50) NOT NULL,
  `receiptid` varchar(50) NOT NULL,
  `receiptdate` datetime NOT NULL,
  `receiptamount` decimal(14,2) NOT NULL,
  `receiptitemid` varchar(50) NOT NULL,
  `afid` varchar(10) NOT NULL,
  `afcontrolid` varchar(50) NOT NULL,
  `stubno` varchar(15) default NULL,
  `serialno` varchar(50) default NULL,
  `payorname` varchar(500) default NULL,
  `payoraddress` varchar(150) default NULL,
  `acctid` varchar(50) NOT NULL,
  `acctno` varchar(50) default NULL,
  `accttitle` varchar(250) NOT NULL,
  `fundid` varchar(50) NOT NULL,
  `fundname` varchar(50) NOT NULL,
  `ngasid` varchar(50) default '',
  `sreid` varchar(50) default '',
  `amount` decimal(14,2) default NULL,
  `voided` int(11) NOT NULL,
  `liquidationrcdid` varchar(50) default NULL,
  PRIMARY KEY  (`objid`),
  KEY `FK_revenue_liquidation` (`liquidationid`),
  KEY `FK_revenue_remittance` (`remittanceid`),
  KEY `FK_revenue_deposit` (`depositid`),
  KEY `FK_revenue_incomeaccount` (`acctid`),
  KEY `FK_revenue_ngas` (`ngasid`),
  KEY `FK_revenue_sre` (`sreid`),
  KEY `FK_revenue_receipt` (`receiptid`),
  KEY `FK_revenue_af` (`afid`),
  KEY `FK_revenue_afcontrol` (`afcontrolid`),
  KEY `ix_revenue_liquidationtimestamp_voided` (`liquidationtimestamp`,`voided`),
  KEY `ix_revenue_liquidationtimestamp` (`liquidationtimestamp`),
  KEY `ix_revenue_liquidationrcdid` (`liquidationrcdid`),
  CONSTRAINT `FK_revenue_af` FOREIGN KEY (`afid`) REFERENCES `af` (`objid`),
  CONSTRAINT `FK_revenue_afcontrol` FOREIGN KEY (`afcontrolid`) REFERENCES `afcontrol` (`objid`),
  CONSTRAINT `FK_revenue_deposit` FOREIGN KEY (`depositid`) REFERENCES `deposit` (`objid`),
  CONSTRAINT `FK_revenue_incomeaccount` FOREIGN KEY (`acctid`) REFERENCES `incomeaccount` (`objid`),
  CONSTRAINT `FK_revenue_liquidation` FOREIGN KEY (`liquidationid`) REFERENCES `liquidation` (`objid`),
  CONSTRAINT `FK_revenue_ngas` FOREIGN KEY (`ngasid`) REFERENCES `account` (`objid`),
  CONSTRAINT `FK_revenue_remittance` FOREIGN KEY (`remittanceid`) REFERENCES `remittance` (`objid`),
  CONSTRAINT `FK_revenue_sre` FOREIGN KEY (`sreid`) REFERENCES `account` (`objid`)
) ENGINE=InnoDB DEFAULT CHARSET=latin1;

/*Data for the table `revenue` */

insert  into `revenue`(`objid`,`docstate`,`remittanceid`,`remittanceno`,`remittancedate`,`remittancetimestamp`,`liquidationid`,`liquidationno`,`liquidationdate`,`liquidationtimestamp`,`depositid`,`depositno`,`depositdate`,`deposittimestamp`,`collectorid`,`collectorname`,`collectortitle`,`receipttype`,`receiptid`,`receiptdate`,`receiptamount`,`receiptitemid`,`afid`,`afcontrolid`,`stubno`,`serialno`,`payorname`,`payoraddress`,`acctid`,`acctno`,`accttitle`,`fundid`,`fundname`,`ngasid`,`sreid`,`amount`,`voided`,`liquidationrcdid`) values ('BCI-787d141c:1363d5b6fa2:-7fd3','LIQUIDATED','REM-787d141c:1363d5b6fa2:-7fc0','REM-2012-00003','2012-03-23 00:00:00','201210323','LIQ-3bcd7395:136585a9dee:-7fc9','LIQ-2012-00002','2012-03-28 00:00:00','201210328',NULL,NULL,NULL,NULL,'PERSNL-12f70615:1362b0b3421:-7ffa','VERGARA, JAYROME ','LRCO - I','MISC','RCT-787d141c:1363d5b6fa2:-7fd2','2012-03-23 00:00:00','30.00','BCI-787d141c:1363d5b6fa2:-7fd3','51','AF1835841f:1363d674171:-7ffa','1111111','0000004','REX','BOHOL','IA-77eb9ad:1362de475cb:-7f42',NULL,'MARKET COLLECTION','GENERAL','GENERAL',NULL,NULL,'30.00',0,NULL),('BCI-787d141c:1363d5b6fa2:-7fd8','LIQUIDATED','REM-787d141c:1363d5b6fa2:-7fc0','REM-2012-00003','2012-03-23 00:00:00','201210323','LIQ-3bcd7395:136585a9dee:-7fc9','LIQ-2012-00002','2012-03-28 00:00:00','201210328',NULL,NULL,NULL,NULL,'PERSNL-12f70615:1362b0b3421:-7ffa','VERGARA, JAYROME ','LRCO - I','MISC','RCT-787d141c:1363d5b6fa2:-7fd7','2012-03-23 00:00:00','50.00','BCI-787d141c:1363d5b6fa2:-7fd8','51','AF1835841f:1363d674171:-7ffa','1111111','0000003','MIKOY','BOHOL','IA57e27d97:135e1abe297:-7fa4',NULL,'MARRIAGE LICENSE FORM','GENERAL','GENERAL',NULL,NULL,'30.00',0,NULL),('BCI-787d141c:1363d5b6fa2:-7fd9','LIQUIDATED','REM-787d141c:1363d5b6fa2:-7fc0','REM-2012-00003','2012-03-23 00:00:00','201210323','LIQ-3bcd7395:136585a9dee:-7fc9','LIQ-2012-00002','2012-03-28 00:00:00','201210328',NULL,NULL,NULL,NULL,'PERSNL-12f70615:1362b0b3421:-7ffa','VERGARA, JAYROME ','LRCO - I','MISC','RCT-787d141c:1363d5b6fa2:-7fd7','2012-03-23 00:00:00','50.00','BCI-787d141c:1363d5b6fa2:-7fd9','51','AF1835841f:1363d674171:-7ffa','1111111','0000003','MIKOY','BOHOL','IA-77eb9ad:1362de475cb:-7f42',NULL,'MARKET COLLECTION','GENERAL','GENERAL',NULL,NULL,'20.00',0,NULL),('BCI-787d141c:1363d5b6fa2:-7fe9','LIQUIDATED','REM-787d141c:1363d5b6fa2:-7fc0','REM-2012-00003','2012-03-23 00:00:00','201210323','LIQ-3bcd7395:136585a9dee:-7fc9','LIQ-2012-00002','2012-03-28 00:00:00','201210328',NULL,NULL,NULL,NULL,'PERSNL-12f70615:1362b0b3421:-7ffa','VERGARA, JAYROME ','LRCO - I','MISC','RCT-787d141c:1363d5b6fa2:-7fe8','2012-03-22 00:00:00','20.00','BCI-787d141c:1363d5b6fa2:-7fe9','51','AF1835841f:1363d674171:-7ffa','1111111','0000002','OBERES MIKOY','BOHOL','IA-77eb9ad:1362de475cb:-7f42',NULL,'MARKET COLLECTION','GENERAL','GENERAL',NULL,NULL,'20.00',0,NULL),('BCI-787d141c:1363d5b6fa2:-7fee','LIQUIDATED','REM-787d141c:1363d5b6fa2:-7fc0','REM-2012-00003','2012-03-23 00:00:00','201210323','LIQ-3bcd7395:136585a9dee:-7fc9','LIQ-2012-00002','2012-03-28 00:00:00','201210328',NULL,NULL,NULL,NULL,'PERSNL-12f70615:1362b0b3421:-7ffa','VERGARA, JAYROME ','LRCO - I','MISC','RCT-787d141c:1363d5b6fa2:-7fed','2012-03-22 00:00:00','20.00','BCI-787d141c:1363d5b6fa2:-7fee','51','AF1835841f:1363d674171:-7ffa','1111111','0000001','VERGARA JAYROME','BOHOL','IA-77eb9ad:1362de475cb:-7f42',NULL,'MARKET COLLECTION','GENERAL','GENERAL',NULL,NULL,'20.00',0,NULL),('RI-12f70615:1362b0b3421:-7ff1','LIQUIDATED','REM-77eb9ad:1362de475cb:-7fc0','REM-2012-00001','2012-03-20 00:00:00','201210320','LIQ-77eb9ad:1362de475cb:-7fbb','LIQ-2012-00001','2012-03-20 00:00:00','201210320',NULL,NULL,NULL,NULL,'PERSNL-12f70615:1362b0b3421:-7ffa','VERGARA, JAYROME ','LOCAL REVENUE COLLECTION OFFICER - I','MISC','RCT-12f70615:1362b0b3421:-7ff2','2012-03-19 00:00:00','50.00','RI-12f70615:1362b0b3421:-7ff1','51','AF7383e27:1362b22f380:-7ffe','1234','GP-1000001-W','VERGARA, JAYROME','CEBU CITY','IA57e27d97:135e1abe297:-7fe0',NULL,'ADMINISTERING OATH','GENERAL','GENERAL',NULL,NULL,'50.00',0,NULL),('RI-1aba4021:136aa0fa9a0:-7ff7','DEPOSITED','REM-5ca1f272:136aa8ef9cc:-7fdd','REM-2012-00006','2012-04-13 00:00:00','201220413','LIQ-64adc1db:136e1effa44:-7fc4','LIQ-2012-00003','2012-04-24 00:00:00','201220424','D-64adc1db:136e1effa44:-7fc1','00003-2012','2012-04-24 10:26:03','201220424','PERSNL-12f70615:1362b0b3421:-7ffa','VERGARA, JAYROME ','LRCO - I','CTCI','RCT-1aba4021:136aa0fa9a0:-7ff8','2012-04-13 00:00:00','5.00','RI-1aba4021:136aa0fa9a0:-7ff7','0016','AF7b0b31e9:13675dac338:-7ffa','36','00000103','CABANTAN, GRACE','CEBU CITY','IA-4184fe6b:135efbfb375:-7cc8',NULL,'PERMIT FEE (MATCHMAKER)','GENERAL','GENERAL',NULL,NULL,'5.00',0,'LR-64adc1db:136e1effa44:-7fc3'),('RI-333079d1:136a5c04167:-7ff8','DEPOSITED','REM-5ca1f272:136aa8ef9cc:-7fdd','REM-2012-00006','2012-04-13 00:00:00','201220413','LIQ-64adc1db:136e1effa44:-7fc4','LIQ-2012-00003','2012-04-24 00:00:00','201220424','D-64adc1db:136e1effa44:-7fc1','00003-2012','2012-04-24 10:26:03','201220424','PERSNL-12f70615:1362b0b3421:-7ffa','VERGARA, JAYROME ','LRCO - I','CTCI','RCT-333079d1:136a5c04167:-7ff9','2012-04-12 00:00:00','5.00','RI-333079d1:136a5c04167:-7ff8','0016','AF7b0b31e9:13675dac338:-7ffa','36','00000102','VERGARA, JAYROME','CEBU CITY','IA-4184fe6b:135efbfb375:-7cc8',NULL,'PERMIT FEE (MATCHMAKER)','GENERAL','GENERAL',NULL,NULL,'5.00',0,'LR-64adc1db:136e1effa44:-7fc3'),('RI-4fbbdd06:136aab87818:-7ff2','DEPOSITED','REM-64adc1db:136e1effa44:-7fa9','REM-2012-00008','2012-04-24 00:00:00','201220424','LIQ-64adc1db:136e1effa44:-7fa1','LIQ-2012-00004','2012-04-24 00:00:00','201220424','D-64adc1db:136e1effa44:-7f9d','00004-2012','2012-04-24 10:31:18','201220424','PERSNL-12f70615:1362b0b3421:-7ffa','VERGARA, JAYROME ','LRCO - I','CTCC','RCT-4fbbdd06:136aab87818:-7ff3','2012-04-13 00:00:00','5.00','RI-4fbbdd06:136aab87818:-7ff2','0017','AFC-18094b30:136a9665945:-7fe6','222222-1','CTCC-03000002','SM CITY CEBU','CEBU CITY','IA-4184fe6b:135efbfb375:-7cc8',NULL,'PERMIT FEE (MATCHMAKER)','GENERAL','GENERAL',NULL,NULL,'5.00',0,'LR-64adc1db:136e1effa44:-7fa0'),('RI-4fbbdd06:136aab87818:-7ff9','DEPOSITED','REM-64adc1db:136e1effa44:-7fa9','REM-2012-00008','2012-04-24 00:00:00','201220424','LIQ-64adc1db:136e1effa44:-7fa1','LIQ-2012-00004','2012-04-24 00:00:00','201220424','D-64adc1db:136e1effa44:-7f9d','00004-2012','2012-04-24 10:31:18','201220424','PERSNL-12f70615:1362b0b3421:-7ffa','VERGARA, JAYROME ','LRCO - I','CTCI','RCT-4fbbdd06:136aab87818:-7ffa','2012-04-13 00:00:00','5.00','RI-4fbbdd06:136aab87818:-7ff9','0016','AF7b0b31e9:13675dac338:-7ffa','36','00000104','ENOPIA, ADELYN','CEBU CITY','IA-4184fe6b:135efbfb375:-7cc8',NULL,'PERMIT FEE (MATCHMAKER)','GENERAL','GENERAL',NULL,NULL,'5.00',0,'LR-64adc1db:136e1effa44:-7fa0'),('RI-5ca1f272:136aa8ef9cc:-7ff4','DEPOSITED','REM-5ca1f272:136aa8ef9cc:-7fdd','REM-2012-00006','2012-04-13 00:00:00','201220413','LIQ-64adc1db:136e1effa44:-7fc4','LIQ-2012-00003','2012-04-24 00:00:00','201220424','D-64adc1db:136e1effa44:-7fc1','00003-2012','2012-04-24 10:26:03','201220424','PERSNL-12f70615:1362b0b3421:-7ffa','VERGARA, JAYROME ','LRCO - I','CTCC','RCT-5ca1f272:136aa8ef9cc:-7ff5','2012-04-13 00:00:00','5.00','RI-5ca1f272:136aa8ef9cc:-7ff4','0017','AFC-18094b30:136a9665945:-7fe6','222222-1','CTCC-03000001','ANDOKS LITSUN','CEBU CITY','IA-4184fe6b:135efbfb375:-7cc8',NULL,'PERMIT FEE (MATCHMAKER)','GENERAL','GENERAL',NULL,NULL,'5.00',0,'LR-64adc1db:136e1effa44:-7fc3'),('RI-5dfc4b9f:13651f0a0de:-7fc5','LIQUIDATED','REM-3bcd7395:136585a9dee:-7fcd','REM-2012-00004','2012-03-28 00:00:00','201210328','LIQ-3bcd7395:136585a9dee:-7fc9','LIQ-2012-00002','2012-03-28 00:00:00','201210328',NULL,NULL,NULL,NULL,'PERSNL-12f70615:1362b0b3421:-7ffa','VERGARA, JAYROME ','LRCO - I','RPT','RCT-5dfc4b9f:13651f0a0de:-7fc4','2012-03-27 00:00:00','50.00','RI-5dfc4b9f:13651f0a0de:-7fc5','56','AF6a877cc1:1365208616f:-7dd7','22222','0001001','SPS. OBERES, MIKOY AND ESCARIO, REX','CEBU CITY','IA41a0f494:13564c96212:-7f59',NULL,'SEF PREVIOUS PENALTY','SEF','SEF',NULL,'A-384c5e2e:131f28590ba:-7ff3','9.72',0,NULL),('RI-5dfc4b9f:13651f0a0de:-7fc6','LIQUIDATED','REM-3bcd7395:136585a9dee:-7fcd','REM-2012-00004','2012-03-28 00:00:00','201210328','LIQ-3bcd7395:136585a9dee:-7fc9','LIQ-2012-00002','2012-03-28 00:00:00','201210328',NULL,NULL,NULL,NULL,'PERSNL-12f70615:1362b0b3421:-7ffa','VERGARA, JAYROME ','LRCO - I','RPT','RCT-5dfc4b9f:13651f0a0de:-7fc4','2012-03-27 00:00:00','50.00','RI-5dfc4b9f:13651f0a0de:-7fc6','56','AF6a877cc1:1365208616f:-7dd7','22222','0001001','SPS. OBERES, MIKOY AND ESCARIO, REX','CEBU CITY','IA41a0f494:13564c96212:-7f3e',NULL,'SEF PREVIOUS','SEF','SEF',NULL,'A-384c5e2e:131f28590ba:-7ff4','15.28',0,NULL),('RI-5dfc4b9f:13651f0a0de:-7fc7','LIQUIDATED','REM-3bcd7395:136585a9dee:-7fcd','REM-2012-00004','2012-03-28 00:00:00','201210328','LIQ-3bcd7395:136585a9dee:-7fc9','LIQ-2012-00002','2012-03-28 00:00:00','201210328',NULL,NULL,NULL,NULL,'PERSNL-12f70615:1362b0b3421:-7ffa','VERGARA, JAYROME ','LRCO - I','RPT','RCT-5dfc4b9f:13651f0a0de:-7fc4','2012-03-27 00:00:00','50.00','RI-5dfc4b9f:13651f0a0de:-7fc7','56','AF6a877cc1:1365208616f:-7dd7','22222','0001001','SPS. OBERES, MIKOY AND ESCARIO, REX','CEBU CITY','IA41a0f494:13564c96212:-7f30',NULL,'BASIC PREVIOUS PENALTY','GENERAL','GENERAL',NULL,'A-384c5e2e:131f28590ba:-7ff7','9.72',0,NULL),('RI-5dfc4b9f:13651f0a0de:-7fc8','LIQUIDATED','REM-3bcd7395:136585a9dee:-7fcd','REM-2012-00004','2012-03-28 00:00:00','201210328','LIQ-3bcd7395:136585a9dee:-7fc9','LIQ-2012-00002','2012-03-28 00:00:00','201210328',NULL,NULL,NULL,NULL,'PERSNL-12f70615:1362b0b3421:-7ffa','VERGARA, JAYROME ','LRCO - I','RPT','RCT-5dfc4b9f:13651f0a0de:-7fc4','2012-03-27 00:00:00','50.00','RI-5dfc4b9f:13651f0a0de:-7fc8','56','AF6a877cc1:1365208616f:-7dd7','22222','0001001','SPS. OBERES, MIKOY AND ESCARIO, REX','CEBU CITY','IA41a0f494:13564c96212:-7f25',NULL,'BASIC PREVIOUS','GENERAL','GENERAL',NULL,'A-384c5e2e:131f28590ba:-7ff8','15.28',0,NULL),('RI-64adc1db:136e1effa44:-7fd4','DEPOSITED','REM-64adc1db:136e1effa44:-7fa9','REM-2012-00008','2012-04-24 00:00:00','201220424','LIQ-64adc1db:136e1effa44:-7fa1','LIQ-2012-00004','2012-04-24 00:00:00','201220424','D-64adc1db:136e1effa44:-7f9d','00004-2012','2012-04-24 10:31:18','201220424','PERSNL-12f70615:1362b0b3421:-7ffa','VERGARA, JAYROME ','LRCO - I','RPT','RCT-64adc1db:136e1effa44:-7fd3','2012-04-24 00:00:00','8.00','RI-64adc1db:136e1effa44:-7fd4','56','AF6a877cc1:1365208616f:-7dd7','22222','0001006','LAURON, ROMMEL','CEBU CITY','IA41a0f494:13564c96212:-7f36',NULL,'SEF CURRENT','SEF','SEF',NULL,'A-384c5e2e:131f28590ba:-7ff6','4.00',0,'LR-64adc1db:136e1effa44:-7f9f'),('RI-64adc1db:136e1effa44:-7fd5','DEPOSITED','REM-64adc1db:136e1effa44:-7fa9','REM-2012-00008','2012-04-24 00:00:00','201220424','LIQ-64adc1db:136e1effa44:-7fa1','LIQ-2012-00004','2012-04-24 00:00:00','201220424','D-64adc1db:136e1effa44:-7f9d','00004-2012','2012-04-24 10:31:18','201220424','PERSNL-12f70615:1362b0b3421:-7ffa','VERGARA, JAYROME ','LRCO - I','RPT','RCT-64adc1db:136e1effa44:-7fd3','2012-04-24 00:00:00','8.00','RI-64adc1db:136e1effa44:-7fd5','56','AF6a877cc1:1365208616f:-7dd7','22222','0001006','LAURON, ROMMEL','CEBU CITY','IA41a0f494:13564c96212:-7f22',NULL,'BASIC CURRENT','GENERAL','GENERAL',NULL,'A-384c5e2e:131f28590ba:-7ffa','4.00',0,'LR-64adc1db:136e1effa44:-7fa0'),('RI-77eb9ad:1362de475cb:-7f34','LIQUIDATED','REM-787d141c:1363d5b6fa2:-7fc0','REM-2012-00003','2012-03-23 00:00:00','201210323','LIQ-3bcd7395:136585a9dee:-7fc9','LIQ-2012-00002','2012-03-28 00:00:00','201210328',NULL,NULL,NULL,NULL,'PERSNL-12f70615:1362b0b3421:-7ffa','VERGARA, JAYROME ','LRCO - I','BUSINESS_TAX','RCT-77eb9ad:1362de475cb:-7f35','2012-03-20 00:00:00','50.00','RI-77eb9ad:1362de475cb:-7f34','51','AF7383e27:1362b22f380:-7ffe','1234','GP-1000005-W','VERGARA, JAYROME','CEBU CITY','IA3b52a903:1362da0716c:-7ff6',NULL,'BUSINESS TAX ON RETAILER','GENERAL','GENERAL',NULL,NULL,'50.00',0,NULL),('RI-77eb9ad:1362de475cb:-7f6d','LIQUIDATED','REM-77eb9ad:1362de475cb:-7f5e','REM-2012-00002','2012-03-20 00:00:00','201210320','LIQ-3bcd7395:136585a9dee:-7fc9','LIQ-2012-00002','2012-03-28 00:00:00','201210328',NULL,NULL,NULL,NULL,'PERSNL-12f70615:1362b0b3421:-7ffa','VERGARA, JAYROME ','LRCO - I','CASHTICKET','RCT-77eb9ad:1362de475cb:-7f6e','2012-03-20 00:00:00','100.00','RI-77eb9ad:1362de475cb:-7f6d','CT2','AF-55ce799d:1362f190a42:-7fd6','2000',NULL,'PUBLIC, PAYOR','CEBU CITY','IA-77eb9ad:1362de475cb:-7f79',NULL,'PARKING FEE','GENERAL','GENERAL',NULL,NULL,'100.00',0,NULL),('RI-77eb9ad:1362de475cb:-7f9d','LIQUIDATED','REM-77eb9ad:1362de475cb:-7f5e','REM-2012-00002','2012-03-20 00:00:00','201210320','LIQ-3bcd7395:136585a9dee:-7fc9','LIQ-2012-00002','2012-03-28 00:00:00','201210328',NULL,NULL,NULL,NULL,'PERSNL-12f70615:1362b0b3421:-7ffa','VERGARA, JAYROME ','LRCO - I','CATTLE_TRANSFER','RCT-77eb9ad:1362de475cb:-7f9e','2012-03-20 00:00:00','100.00','RI-77eb9ad:1362de475cb:-7f9d','52','AF-55ce799d:1362f190a42:-7ff8','12345','GP-10000001-W','OBERES, MIKOY','SAN CARLOS CITY','IA57e27d97:135e1abe297:-7f9e',NULL,'LARGE CATTLE OF TRANSFER','GENERAL','GENERAL',NULL,NULL,'100.00',0,NULL),('RI-77eb9ad:1362de475cb:-7fcf','LIQUIDATED','REM-77eb9ad:1362de475cb:-7fc0','REM-2012-00001','2012-03-20 00:00:00','201210320','LIQ-77eb9ad:1362de475cb:-7fbb','LIQ-2012-00001','2012-03-20 00:00:00','201210320',NULL,NULL,NULL,NULL,'PERSNL-12f70615:1362b0b3421:-7ffa','VERGARA, JAYROME ','LOCAL REVENUE COLLECTION OFFICER - I','MISC','RCT-77eb9ad:1362de475cb:-7fd0','2012-03-20 00:00:00','100.00','RI-77eb9ad:1362de475cb:-7fcf','51','AF7383e27:1362b22f380:-7ffe','1234','GP-1000004-W','ARNEL RETIZA','CEBU CITY','IA57e27d97:135e1abe297:-7faa',NULL,'EXHUMATION FEE','GENERAL','GENERAL',NULL,NULL,'100.00',0,NULL),('RI-77eb9ad:1362de475cb:-7fd5','LIQUIDATED','REM-77eb9ad:1362de475cb:-7fc0','REM-2012-00001','2012-03-20 00:00:00','201210320','LIQ-77eb9ad:1362de475cb:-7fbb','LIQ-2012-00001','2012-03-20 00:00:00','201210320',NULL,NULL,NULL,NULL,'PERSNL-12f70615:1362b0b3421:-7ffa','VERGARA, JAYROME ','LOCAL REVENUE COLLECTION OFFICER - I','MISC','RCT-77eb9ad:1362de475cb:-7fd6','2012-03-20 00:00:00','2.00','RI-77eb9ad:1362de475cb:-7fd5','51','AF7383e27:1362b22f380:-7ffe','1234','GP-1000003-W','JAYROME VERGARA','CEBU CITY','IA57e27d97:135e1abe297:-7fa4',NULL,'MARRIAGE LICENSE FORM','GENERAL','GENERAL',NULL,NULL,'2.00',0,NULL),('RI-77eb9ad:1362de475cb:-7fd9','LIQUIDATED','REM-77eb9ad:1362de475cb:-7fc0','REM-2012-00001','2012-03-20 00:00:00','201210320','LIQ-77eb9ad:1362de475cb:-7fbb','LIQ-2012-00001','2012-03-20 00:00:00','201210320',NULL,NULL,NULL,NULL,'PERSNL-12f70615:1362b0b3421:-7ffa','VERGARA, JAYROME ','LOCAL REVENUE COLLECTION OFFICER - I','MISC','RCT-77eb9ad:1362de475cb:-7fda','2012-03-20 00:00:00','50.00','RI-77eb9ad:1362de475cb:-7fd9','51','AF7383e27:1362b22f380:-7ffe','1234','GP-1000002-W','REX ESCARIO','CEBU CITY','IA57e27d97:135e1abe297:-7fad',NULL,'BURIAL PERMIT','GENERAL','GENERAL',NULL,NULL,'50.00',0,NULL),('RI-7ab16a27:136de149d9c:-7fe9','DEPOSITED','REM-64adc1db:136e1effa44:-7fc8','REM-2012-00007','2012-04-24 00:00:00','201220424','LIQ-64adc1db:136e1effa44:-7fc4','LIQ-2012-00003','2012-04-24 00:00:00','201220424','D-64adc1db:136e1effa44:-7fc1','00003-2012','2012-04-24 10:26:03','201220424','PERSNL2e03615d:136b8c85690:-7ffb','PALEN, WINDHEL G','RCCO - 01','MISC','RCT-7ab16a27:136de149d9c:-7fea','2012-04-23 00:00:00','100.00','RI-7ab16a27:136de149d9c:-7fe9','51','AFC-7ab16a27:136de149d9c:-7fef','12345-3','W-5000101-G','JAYROME VERGARA','CEBU CITY','IA57e27d97:135e1abe297:-7fb6',NULL,'OTHER LEGAL DOCUMENTS','GENERAL','GENERAL',NULL,NULL,'100.00',0,'LR-64adc1db:136e1effa44:-7fc3'),('RI-a5683f2:136571474b2:-7ff4','LIQUIDATED','REM-3bcd7395:136585a9dee:-7fcd','REM-2012-00004','2012-03-28 00:00:00','201210328','LIQ-3bcd7395:136585a9dee:-7fc9','LIQ-2012-00002','2012-03-28 00:00:00','201210328',NULL,NULL,NULL,NULL,'PERSNL-12f70615:1362b0b3421:-7ffa','VERGARA, JAYROME ','LRCO - I','RPT','RCT-a5683f2:136571474b2:-7ff3','2012-03-28 00:00:00','40.92','RI-a5683f2:136571474b2:-7ff4','56','AF6a877cc1:1365208616f:-7dd7','22222','0001002','SPS. OBERES, MIKOY AND ESCARIO, REX','CEBU CITY','IA41a0f494:13564c96212:-7f59',NULL,'SEF PREVIOUS PENALTY','SEF','SEF',NULL,'A-384c5e2e:131f28590ba:-7ff3','3.16',0,NULL),('RI-a5683f2:136571474b2:-7ff5','LIQUIDATED','REM-3bcd7395:136585a9dee:-7fcd','REM-2012-00004','2012-03-28 00:00:00','201210328','LIQ-3bcd7395:136585a9dee:-7fc9','LIQ-2012-00002','2012-03-28 00:00:00','201210328',NULL,NULL,NULL,NULL,'PERSNL-12f70615:1362b0b3421:-7ffa','VERGARA, JAYROME ','LRCO - I','RPT','RCT-a5683f2:136571474b2:-7ff3','2012-03-28 00:00:00','40.92','RI-a5683f2:136571474b2:-7ff5','56','AF6a877cc1:1365208616f:-7dd7','22222','0001002','SPS. OBERES, MIKOY AND ESCARIO, REX','CEBU CITY','IA41a0f494:13564c96212:-7f3e',NULL,'SEF PREVIOUS','SEF','SEF',NULL,'A-384c5e2e:131f28590ba:-7ff4','9.62',0,NULL),('RI-a5683f2:136571474b2:-7ff6','LIQUIDATED','REM-3bcd7395:136585a9dee:-7fcd','REM-2012-00004','2012-03-28 00:00:00','201210328','LIQ-3bcd7395:136585a9dee:-7fc9','LIQ-2012-00002','2012-03-28 00:00:00','201210328',NULL,NULL,NULL,NULL,'PERSNL-12f70615:1362b0b3421:-7ffa','VERGARA, JAYROME ','LRCO - I','RPT','RCT-a5683f2:136571474b2:-7ff3','2012-03-28 00:00:00','40.92','RI-a5683f2:136571474b2:-7ff6','56','AF6a877cc1:1365208616f:-7dd7','22222','0001002','SPS. OBERES, MIKOY AND ESCARIO, REX','CEBU CITY','IA41a0f494:13564c96212:-7f36',NULL,'SEF CURRENT','SEF','SEF',NULL,'A-384c5e2e:131f28590ba:-7ff6','7.68',0,NULL),('RI-a5683f2:136571474b2:-7ff7','LIQUIDATED','REM-3bcd7395:136585a9dee:-7fcd','REM-2012-00004','2012-03-28 00:00:00','201210328','LIQ-3bcd7395:136585a9dee:-7fc9','LIQ-2012-00002','2012-03-28 00:00:00','201210328',NULL,NULL,NULL,NULL,'PERSNL-12f70615:1362b0b3421:-7ffa','VERGARA, JAYROME ','LRCO - I','RPT','RCT-a5683f2:136571474b2:-7ff3','2012-03-28 00:00:00','40.92','RI-a5683f2:136571474b2:-7ff7','56','AF6a877cc1:1365208616f:-7dd7','22222','0001002','SPS. OBERES, MIKOY AND ESCARIO, REX','CEBU CITY','IA41a0f494:13564c96212:-7f30',NULL,'BASIC PREVIOUS PENALTY','GENERAL','GENERAL',NULL,'A-384c5e2e:131f28590ba:-7ff7','3.16',0,NULL),('RI-a5683f2:136571474b2:-7ff8','LIQUIDATED','REM-3bcd7395:136585a9dee:-7fcd','REM-2012-00004','2012-03-28 00:00:00','201210328','LIQ-3bcd7395:136585a9dee:-7fc9','LIQ-2012-00002','2012-03-28 00:00:00','201210328',NULL,NULL,NULL,NULL,'PERSNL-12f70615:1362b0b3421:-7ffa','VERGARA, JAYROME ','LRCO - I','RPT','RCT-a5683f2:136571474b2:-7ff3','2012-03-28 00:00:00','40.92','RI-a5683f2:136571474b2:-7ff8','56','AF6a877cc1:1365208616f:-7dd7','22222','0001002','SPS. OBERES, MIKOY AND ESCARIO, REX','CEBU CITY','IA41a0f494:13564c96212:-7f22',NULL,'BASIC CURRENT','GENERAL','GENERAL',NULL,'A-384c5e2e:131f28590ba:-7ffa','7.68',0,NULL),('RI-a5683f2:136571474b2:-7ff9','LIQUIDATED','REM-3bcd7395:136585a9dee:-7fcd','REM-2012-00004','2012-03-28 00:00:00','201210328','LIQ-3bcd7395:136585a9dee:-7fc9','LIQ-2012-00002','2012-03-28 00:00:00','201210328',NULL,NULL,NULL,NULL,'PERSNL-12f70615:1362b0b3421:-7ffa','VERGARA, JAYROME ','LRCO - I','RPT','RCT-a5683f2:136571474b2:-7ff3','2012-03-28 00:00:00','40.92','RI-a5683f2:136571474b2:-7ff9','56','AF6a877cc1:1365208616f:-7dd7','22222','0001002','SPS. OBERES, MIKOY AND ESCARIO, REX','CEBU CITY','IA41a0f494:13564c96212:-7f25',NULL,'BASIC PREVIOUS','GENERAL','GENERAL',NULL,'A-384c5e2e:131f28590ba:-7ff8','9.62',0,NULL),('RI-d97c0a6:13657caaf62:-7f81','LIQUIDATED','REM-3bcd7395:136585a9dee:-7fcd','REM-2012-00004','2012-03-28 00:00:00','201210328','LIQ-3bcd7395:136585a9dee:-7fc9','LIQ-2012-00002','2012-03-28 00:00:00','201210328',NULL,NULL,NULL,NULL,'PERSNL-12f70615:1362b0b3421:-7ffa','VERGARA, JAYROME ','LRCO - I','RPT','RCT-d97c0a6:13657caaf62:-7f80','2012-03-28 00:00:00','13.16','RI-d97c0a6:13657caaf62:-7f81','56','AF6a877cc1:1365208616f:-7dd7','22222','0001005','LAURON, ROMMEL','CEBU CITY','IA41a0f494:13564c96212:-7f59',NULL,'SEF PREVIOUS PENALTY','SEF','SEF',NULL,'A-384c5e2e:131f28590ba:-7ff3','0.90',0,NULL),('RI-d97c0a6:13657caaf62:-7f82','LIQUIDATED','REM-3bcd7395:136585a9dee:-7fcd','REM-2012-00004','2012-03-28 00:00:00','201210328','LIQ-3bcd7395:136585a9dee:-7fc9','LIQ-2012-00002','2012-03-28 00:00:00','201210328',NULL,NULL,NULL,NULL,'PERSNL-12f70615:1362b0b3421:-7ffa','VERGARA, JAYROME ','LRCO - I','RPT','RCT-d97c0a6:13657caaf62:-7f80','2012-03-28 00:00:00','13.16','RI-d97c0a6:13657caaf62:-7f82','56','AF6a877cc1:1365208616f:-7dd7','22222','0001005','LAURON, ROMMEL','CEBU CITY','IA41a0f494:13564c96212:-7f3e',NULL,'SEF PREVIOUS','SEF','SEF',NULL,'A-384c5e2e:131f28590ba:-7ff4','3.00',0,NULL),('RI-d97c0a6:13657caaf62:-7f83','LIQUIDATED','REM-3bcd7395:136585a9dee:-7fcd','REM-2012-00004','2012-03-28 00:00:00','201210328','LIQ-3bcd7395:136585a9dee:-7fc9','LIQ-2012-00002','2012-03-28 00:00:00','201210328',NULL,NULL,NULL,NULL,'PERSNL-12f70615:1362b0b3421:-7ffa','VERGARA, JAYROME ','LRCO - I','RPT','RCT-d97c0a6:13657caaf62:-7f80','2012-03-28 00:00:00','13.16','RI-d97c0a6:13657caaf62:-7f83','56','AF6a877cc1:1365208616f:-7dd7','22222','0001005','LAURON, ROMMEL','CEBU CITY','IA41a0f494:13564c96212:-7f36',NULL,'SEF CURRENT','SEF','SEF',NULL,'A-384c5e2e:131f28590ba:-7ff6','2.68',0,NULL),('RI-d97c0a6:13657caaf62:-7f84','LIQUIDATED','REM-3bcd7395:136585a9dee:-7fcd','REM-2012-00004','2012-03-28 00:00:00','201210328','LIQ-3bcd7395:136585a9dee:-7fc9','LIQ-2012-00002','2012-03-28 00:00:00','201210328',NULL,NULL,NULL,NULL,'PERSNL-12f70615:1362b0b3421:-7ffa','VERGARA, JAYROME ','LRCO - I','RPT','RCT-d97c0a6:13657caaf62:-7f80','2012-03-28 00:00:00','13.16','RI-d97c0a6:13657caaf62:-7f84','56','AF6a877cc1:1365208616f:-7dd7','22222','0001005','LAURON, ROMMEL','CEBU CITY','IA41a0f494:13564c96212:-7f30',NULL,'BASIC PREVIOUS PENALTY','GENERAL','GENERAL',NULL,'A-384c5e2e:131f28590ba:-7ff7','0.90',0,NULL),('RI-d97c0a6:13657caaf62:-7f85','LIQUIDATED','REM-3bcd7395:136585a9dee:-7fcd','REM-2012-00004','2012-03-28 00:00:00','201210328','LIQ-3bcd7395:136585a9dee:-7fc9','LIQ-2012-00002','2012-03-28 00:00:00','201210328',NULL,NULL,NULL,NULL,'PERSNL-12f70615:1362b0b3421:-7ffa','VERGARA, JAYROME ','LRCO - I','RPT','RCT-d97c0a6:13657caaf62:-7f80','2012-03-28 00:00:00','13.16','RI-d97c0a6:13657caaf62:-7f85','56','AF6a877cc1:1365208616f:-7dd7','22222','0001005','LAURON, ROMMEL','CEBU CITY','IA41a0f494:13564c96212:-7f22',NULL,'BASIC CURRENT','GENERAL','GENERAL',NULL,'A-384c5e2e:131f28590ba:-7ffa','2.68',0,NULL),('RI-d97c0a6:13657caaf62:-7f86','LIQUIDATED','REM-3bcd7395:136585a9dee:-7fcd','REM-2012-00004','2012-03-28 00:00:00','201210328','LIQ-3bcd7395:136585a9dee:-7fc9','LIQ-2012-00002','2012-03-28 00:00:00','201210328',NULL,NULL,NULL,NULL,'PERSNL-12f70615:1362b0b3421:-7ffa','VERGARA, JAYROME ','LRCO - I','RPT','RCT-d97c0a6:13657caaf62:-7f80','2012-03-28 00:00:00','13.16','RI-d97c0a6:13657caaf62:-7f86','56','AF6a877cc1:1365208616f:-7dd7','22222','0001005','LAURON, ROMMEL','CEBU CITY','IA41a0f494:13564c96212:-7f25',NULL,'BASIC PREVIOUS','GENERAL','GENERAL',NULL,'A-384c5e2e:131f28590ba:-7ff8','3.00',0,NULL),('RI-d97c0a6:13657caaf62:-7f91','LIQUIDATED','REM-3bcd7395:136585a9dee:-7fcd','REM-2012-00004','2012-03-28 00:00:00','201210328','LIQ-3bcd7395:136585a9dee:-7fc9','LIQ-2012-00002','2012-03-28 00:00:00','201210328',NULL,NULL,NULL,NULL,'PERSNL-12f70615:1362b0b3421:-7ffa','VERGARA, JAYROME ','LRCO - I','RPT','RCT-d97c0a6:13657caaf62:-7f90','2012-03-28 00:00:00','29.92','RI-d97c0a6:13657caaf62:-7f91','56','AF6a877cc1:1365208616f:-7dd7','22222','0001004','CHIONG, EMERSON','CEBU CITY','IA41a0f494:13564c96212:-7f59',NULL,'SEF PREVIOUS PENALTY','SEF','SEF',NULL,'A-384c5e2e:131f28590ba:-7ff3','3.36',0,NULL),('RI-d97c0a6:13657caaf62:-7f92','LIQUIDATED','REM-3bcd7395:136585a9dee:-7fcd','REM-2012-00004','2012-03-28 00:00:00','201210328','LIQ-3bcd7395:136585a9dee:-7fc9','LIQ-2012-00002','2012-03-28 00:00:00','201210328',NULL,NULL,NULL,NULL,'PERSNL-12f70615:1362b0b3421:-7ffa','VERGARA, JAYROME ','LRCO - I','RPT','RCT-d97c0a6:13657caaf62:-7f90','2012-03-28 00:00:00','29.92','RI-d97c0a6:13657caaf62:-7f92','56','AF6a877cc1:1365208616f:-7dd7','22222','0001004','CHIONG, EMERSON','CEBU CITY','IA41a0f494:13564c96212:-7f3e',NULL,'SEF PREVIOUS','SEF','SEF',NULL,'A-384c5e2e:131f28590ba:-7ff4','8.00',0,NULL),('RI-d97c0a6:13657caaf62:-7f93','LIQUIDATED','REM-3bcd7395:136585a9dee:-7fcd','REM-2012-00004','2012-03-28 00:00:00','201210328','LIQ-3bcd7395:136585a9dee:-7fc9','LIQ-2012-00002','2012-03-28 00:00:00','201210328',NULL,NULL,NULL,NULL,'PERSNL-12f70615:1362b0b3421:-7ffa','VERGARA, JAYROME ','LRCO - I','RPT','RCT-d97c0a6:13657caaf62:-7f90','2012-03-28 00:00:00','29.92','RI-d97c0a6:13657caaf62:-7f93','56','AF6a877cc1:1365208616f:-7dd7','22222','0001004','CHIONG, EMERSON','CEBU CITY','IA41a0f494:13564c96212:-7f36',NULL,'SEF CURRENT','SEF','SEF',NULL,'A-384c5e2e:131f28590ba:-7ff6','3.60',0,NULL),('RI-d97c0a6:13657caaf62:-7f94','LIQUIDATED','REM-3bcd7395:136585a9dee:-7fcd','REM-2012-00004','2012-03-28 00:00:00','201210328','LIQ-3bcd7395:136585a9dee:-7fc9','LIQ-2012-00002','2012-03-28 00:00:00','201210328',NULL,NULL,NULL,NULL,'PERSNL-12f70615:1362b0b3421:-7ffa','VERGARA, JAYROME ','LRCO - I','RPT','RCT-d97c0a6:13657caaf62:-7f90','2012-03-28 00:00:00','29.92','RI-d97c0a6:13657caaf62:-7f94','56','AF6a877cc1:1365208616f:-7dd7','22222','0001004','CHIONG, EMERSON','CEBU CITY','IA41a0f494:13564c96212:-7f30',NULL,'BASIC PREVIOUS PENALTY','GENERAL','GENERAL',NULL,'A-384c5e2e:131f28590ba:-7ff7','3.36',0,NULL),('RI-d97c0a6:13657caaf62:-7f95','LIQUIDATED','REM-3bcd7395:136585a9dee:-7fcd','REM-2012-00004','2012-03-28 00:00:00','201210328','LIQ-3bcd7395:136585a9dee:-7fc9','LIQ-2012-00002','2012-03-28 00:00:00','201210328',NULL,NULL,NULL,NULL,'PERSNL-12f70615:1362b0b3421:-7ffa','VERGARA, JAYROME ','LRCO - I','RPT','RCT-d97c0a6:13657caaf62:-7f90','2012-03-28 00:00:00','29.92','RI-d97c0a6:13657caaf62:-7f95','56','AF6a877cc1:1365208616f:-7dd7','22222','0001004','CHIONG, EMERSON','CEBU CITY','IA41a0f494:13564c96212:-7f22',NULL,'BASIC CURRENT','GENERAL','GENERAL',NULL,'A-384c5e2e:131f28590ba:-7ffa','3.60',0,NULL),('RI-d97c0a6:13657caaf62:-7f96','LIQUIDATED','REM-3bcd7395:136585a9dee:-7fcd','REM-2012-00004','2012-03-28 00:00:00','201210328','LIQ-3bcd7395:136585a9dee:-7fc9','LIQ-2012-00002','2012-03-28 00:00:00','201210328',NULL,NULL,NULL,NULL,'PERSNL-12f70615:1362b0b3421:-7ffa','VERGARA, JAYROME ','LRCO - I','RPT','RCT-d97c0a6:13657caaf62:-7f90','2012-03-28 00:00:00','29.92','RI-d97c0a6:13657caaf62:-7f96','56','AF6a877cc1:1365208616f:-7dd7','22222','0001004','CHIONG, EMERSON','CEBU CITY','IA41a0f494:13564c96212:-7f25',NULL,'BASIC PREVIOUS','GENERAL','GENERAL',NULL,'A-384c5e2e:131f28590ba:-7ff8','8.00',0,NULL),('RI-d97c0a6:13657caaf62:-7fc7','LIQUIDATED','REM-3bcd7395:136585a9dee:-7fcd','REM-2012-00004','2012-03-28 00:00:00','201210328','LIQ-3bcd7395:136585a9dee:-7fc9','LIQ-2012-00002','2012-03-28 00:00:00','201210328',NULL,NULL,NULL,NULL,'PERSNL-12f70615:1362b0b3421:-7ffa','VERGARA, JAYROME ','LRCO - I','RPT','RCT-d97c0a6:13657caaf62:-7fc6','2012-03-28 00:00:00','26435.20','RI-d97c0a6:13657caaf62:-7fc7','56','AF6a877cc1:1365208616f:-7dd7','22222','0001003','VERGARA, JAYROME','CEBU CITY','IA41a0f494:13564c96212:-7f59',NULL,'SEF PREVIOUS PENALTY','SEF','SEF',NULL,'A-384c5e2e:131f28590ba:-7ff3','2.40',0,NULL),('RI-d97c0a6:13657caaf62:-7fc8','LIQUIDATED','REM-3bcd7395:136585a9dee:-7fcd','REM-2012-00004','2012-03-28 00:00:00','201210328','LIQ-3bcd7395:136585a9dee:-7fc9','LIQ-2012-00002','2012-03-28 00:00:00','201210328',NULL,NULL,NULL,NULL,'PERSNL-12f70615:1362b0b3421:-7ffa','VERGARA, JAYROME ','LRCO - I','RPT','RCT-d97c0a6:13657caaf62:-7fc6','2012-03-28 00:00:00','26435.20','RI-d97c0a6:13657caaf62:-7fc8','56','AF6a877cc1:1365208616f:-7dd7','22222','0001003','VERGARA, JAYROME','CEBU CITY','IA41a0f494:13564c96212:-7f3e',NULL,'SEF PREVIOUS','SEF','SEF',NULL,'A-384c5e2e:131f28590ba:-7ff4','8.00',0,NULL),('RI-d97c0a6:13657caaf62:-7fc9','LIQUIDATED','REM-3bcd7395:136585a9dee:-7fcd','REM-2012-00004','2012-03-28 00:00:00','201210328','LIQ-3bcd7395:136585a9dee:-7fc9','LIQ-2012-00002','2012-03-28 00:00:00','201210328',NULL,NULL,NULL,NULL,'PERSNL-12f70615:1362b0b3421:-7ffa','VERGARA, JAYROME ','LRCO - I','RPT','RCT-d97c0a6:13657caaf62:-7fc6','2012-03-28 00:00:00','26435.20','RI-d97c0a6:13657caaf62:-7fc9','56','AF6a877cc1:1365208616f:-7dd7','22222','0001003','VERGARA, JAYROME','CEBU CITY','IA41a0f494:13564c96212:-7f36',NULL,'SEF CURRENT','SEF','SEF',NULL,'A-384c5e2e:131f28590ba:-7ff6','7.20',0,NULL),('RI-d97c0a6:13657caaf62:-7fca','LIQUIDATED','REM-3bcd7395:136585a9dee:-7fcd','REM-2012-00004','2012-03-28 00:00:00','201210328','LIQ-3bcd7395:136585a9dee:-7fc9','LIQ-2012-00002','2012-03-28 00:00:00','201210328',NULL,NULL,NULL,NULL,'PERSNL-12f70615:1362b0b3421:-7ffa','VERGARA, JAYROME ','LRCO - I','RPT','RCT-d97c0a6:13657caaf62:-7fc6','2012-03-28 00:00:00','26435.20','RI-d97c0a6:13657caaf62:-7fca','56','AF6a877cc1:1365208616f:-7dd7','22222','0001003','VERGARA, JAYROME','CEBU CITY','IA41a0f494:13564c96212:-7f30',NULL,'BASIC PREVIOUS PENALTY','GENERAL','GENERAL',NULL,'A-384c5e2e:131f28590ba:-7ff7','2.40',0,NULL),('RI-d97c0a6:13657caaf62:-7fcb','LIQUIDATED','REM-3bcd7395:136585a9dee:-7fcd','REM-2012-00004','2012-03-28 00:00:00','201210328','LIQ-3bcd7395:136585a9dee:-7fc9','LIQ-2012-00002','2012-03-28 00:00:00','201210328',NULL,NULL,NULL,NULL,'PERSNL-12f70615:1362b0b3421:-7ffa','VERGARA, JAYROME ','LRCO - I','RPT','RCT-d97c0a6:13657caaf62:-7fc6','2012-03-28 00:00:00','26435.20','RI-d97c0a6:13657caaf62:-7fcb','56','AF6a877cc1:1365208616f:-7dd7','22222','0001003','VERGARA, JAYROME','CEBU CITY','IA41a0f494:13564c96212:-7f22',NULL,'BASIC CURRENT','GENERAL','GENERAL',NULL,'A-384c5e2e:131f28590ba:-7ffa','7.20',0,NULL),('RI-d97c0a6:13657caaf62:-7fcc','LIQUIDATED','REM-3bcd7395:136585a9dee:-7fcd','REM-2012-00004','2012-03-28 00:00:00','201210328','LIQ-3bcd7395:136585a9dee:-7fc9','LIQ-2012-00002','2012-03-28 00:00:00','201210328',NULL,NULL,NULL,NULL,'PERSNL-12f70615:1362b0b3421:-7ffa','VERGARA, JAYROME ','LRCO - I','RPT','RCT-d97c0a6:13657caaf62:-7fc6','2012-03-28 00:00:00','26435.20','RI-d97c0a6:13657caaf62:-7fcc','56','AF6a877cc1:1365208616f:-7dd7','22222','0001003','VERGARA, JAYROME','CEBU CITY','IA41a0f494:13564c96212:-7f25',NULL,'BASIC PREVIOUS','GENERAL','GENERAL',NULL,'A-384c5e2e:131f28590ba:-7ff8','8.00',0,NULL),('RI-d97c0a6:13657caaf62:-7fcd','LIQUIDATED','REM-3bcd7395:136585a9dee:-7fcd','REM-2012-00004','2012-03-28 00:00:00','201210328','LIQ-3bcd7395:136585a9dee:-7fc9','LIQ-2012-00002','2012-03-28 00:00:00','201210328',NULL,NULL,NULL,NULL,'PERSNL-12f70615:1362b0b3421:-7ffa','VERGARA, JAYROME ','LRCO - I','RPT','RCT-d97c0a6:13657caaf62:-7fc6','2012-03-28 00:00:00','26435.20','RI-d97c0a6:13657caaf62:-7fcd','56','AF6a877cc1:1365208616f:-7dd7','22222','0001003','VERGARA, JAYROME','CEBU CITY','IA41a0f494:13564c96212:-7f59',NULL,'SEF PREVIOUS PENALTY','SEF','SEF',NULL,'A-384c5e2e:131f28590ba:-7ff3','1800.00',0,NULL),('RI-d97c0a6:13657caaf62:-7fce','LIQUIDATED','REM-3bcd7395:136585a9dee:-7fcd','REM-2012-00004','2012-03-28 00:00:00','201210328','LIQ-3bcd7395:136585a9dee:-7fc9','LIQ-2012-00002','2012-03-28 00:00:00','201210328',NULL,NULL,NULL,NULL,'PERSNL-12f70615:1362b0b3421:-7ffa','VERGARA, JAYROME ','LRCO - I','RPT','RCT-d97c0a6:13657caaf62:-7fc6','2012-03-28 00:00:00','26435.20','RI-d97c0a6:13657caaf62:-7fce','56','AF6a877cc1:1365208616f:-7dd7','22222','0001003','VERGARA, JAYROME','CEBU CITY','IA41a0f494:13564c96212:-7f3e',NULL,'SEF PREVIOUS','SEF','SEF',NULL,'A-384c5e2e:131f28590ba:-7ff4','6000.00',0,NULL),('RI-d97c0a6:13657caaf62:-7fcf','LIQUIDATED','REM-3bcd7395:136585a9dee:-7fcd','REM-2012-00004','2012-03-28 00:00:00','201210328','LIQ-3bcd7395:136585a9dee:-7fc9','LIQ-2012-00002','2012-03-28 00:00:00','201210328',NULL,NULL,NULL,NULL,'PERSNL-12f70615:1362b0b3421:-7ffa','VERGARA, JAYROME ','LRCO - I','RPT','RCT-d97c0a6:13657caaf62:-7fc6','2012-03-28 00:00:00','26435.20','RI-d97c0a6:13657caaf62:-7fcf','56','AF6a877cc1:1365208616f:-7dd7','22222','0001003','VERGARA, JAYROME','CEBU CITY','IA41a0f494:13564c96212:-7f36',NULL,'SEF CURRENT','SEF','SEF',NULL,'A-384c5e2e:131f28590ba:-7ff6','5400.00',0,NULL),('RI-d97c0a6:13657caaf62:-7fd0','LIQUIDATED','REM-3bcd7395:136585a9dee:-7fcd','REM-2012-00004','2012-03-28 00:00:00','201210328','LIQ-3bcd7395:136585a9dee:-7fc9','LIQ-2012-00002','2012-03-28 00:00:00','201210328',NULL,NULL,NULL,NULL,'PERSNL-12f70615:1362b0b3421:-7ffa','VERGARA, JAYROME ','LRCO - I','RPT','RCT-d97c0a6:13657caaf62:-7fc6','2012-03-28 00:00:00','26435.20','RI-d97c0a6:13657caaf62:-7fd0','56','AF6a877cc1:1365208616f:-7dd7','22222','0001003','VERGARA, JAYROME','CEBU CITY','IA41a0f494:13564c96212:-7f30',NULL,'BASIC PREVIOUS PENALTY','GENERAL','GENERAL',NULL,'A-384c5e2e:131f28590ba:-7ff7','1800.00',0,NULL),('RI-d97c0a6:13657caaf62:-7fd1','LIQUIDATED','REM-3bcd7395:136585a9dee:-7fcd','REM-2012-00004','2012-03-28 00:00:00','201210328','LIQ-3bcd7395:136585a9dee:-7fc9','LIQ-2012-00002','2012-03-28 00:00:00','201210328',NULL,NULL,NULL,NULL,'PERSNL-12f70615:1362b0b3421:-7ffa','VERGARA, JAYROME ','LRCO - I','RPT','RCT-d97c0a6:13657caaf62:-7fc6','2012-03-28 00:00:00','26435.20','RI-d97c0a6:13657caaf62:-7fd1','56','AF6a877cc1:1365208616f:-7dd7','22222','0001003','VERGARA, JAYROME','CEBU CITY','IA41a0f494:13564c96212:-7f22',NULL,'BASIC CURRENT','GENERAL','GENERAL',NULL,'A-384c5e2e:131f28590ba:-7ffa','5400.00',0,NULL),('RI-d97c0a6:13657caaf62:-7fd2','LIQUIDATED','REM-3bcd7395:136585a9dee:-7fcd','REM-2012-00004','2012-03-28 00:00:00','201210328','LIQ-3bcd7395:136585a9dee:-7fc9','LIQ-2012-00002','2012-03-28 00:00:00','201210328',NULL,NULL,NULL,NULL,'PERSNL-12f70615:1362b0b3421:-7ffa','VERGARA, JAYROME ','LRCO - I','RPT','RCT-d97c0a6:13657caaf62:-7fc6','2012-03-28 00:00:00','26435.20','RI-d97c0a6:13657caaf62:-7fd2','56','AF6a877cc1:1365208616f:-7dd7','22222','0001003','VERGARA, JAYROME','CEBU CITY','IA41a0f494:13564c96212:-7f25',NULL,'BASIC PREVIOUS','GENERAL','GENERAL',NULL,'A-384c5e2e:131f28590ba:-7ff8','6000.00',0,NULL),('RI2a8c8a24:1363832b9dd:-7ff2','LIQUIDATED','REM-787d141c:1363d5b6fa2:-7fc0','REM-2012-00003','2012-03-23 00:00:00','201210323','LIQ-3bcd7395:136585a9dee:-7fc9','LIQ-2012-00002','2012-03-28 00:00:00','201210328',NULL,NULL,NULL,NULL,'PERSNL-12f70615:1362b0b3421:-7ffa','VERGARA, JAYROME ','LRCO - I','BUSINESS_TAX','RCT2a8c8a24:1363832b9dd:-7ff3','2012-03-22 00:00:00','50.00','RI2a8c8a24:1363832b9dd:-7ff2','51','AF7383e27:1362b22f380:-7ffe','1234','GP-1000006-W','ZAMORA, JESSIE','CEBU CITY','IA3b52a903:1362da0716c:-7ff6',NULL,'BUSINESS TAX ON RETAILER','GENERAL','GENERAL',NULL,NULL,'50.00',0,NULL),('RI3284830e:136dfa7dffc:-7fe2','DEPOSITED','REM-64adc1db:136e1effa44:-7fc8','REM-2012-00007','2012-04-24 00:00:00','201220424','LIQ-64adc1db:136e1effa44:-7fc4','LIQ-2012-00003','2012-04-24 00:00:00','201220424','D-64adc1db:136e1effa44:-7fc1','00003-2012','2012-04-24 10:26:03','201220424','PERSNL2e03615d:136b8c85690:-7ffb','PALEN, WINDHEL G','RCCO - 01','BUSINESS_TAX','RCT3284830e:136dfa7dffc:-7fe3','2012-04-23 00:00:00','450.00','RI3284830e:136dfa7dffc:-7fe2','51','AFC-7ab16a27:136de149d9c:-7fef','12345-3','W-5000103-G','VERGARA, ROJEAN','CEBU CITY','IA3b52a903:1362da0716c:-7ff6',NULL,'BUSINESS TAX ON RETAILER','GENERAL','GENERAL',NULL,NULL,'450.00',0,'LR-64adc1db:136e1effa44:-7fc3'),('RI3284830e:136dfa7dffc:-7ff1','DEPOSITED','REM-64adc1db:136e1effa44:-7fc8','REM-2012-00007','2012-04-24 00:00:00','201220424','LIQ-64adc1db:136e1effa44:-7fc4','LIQ-2012-00003','2012-04-24 00:00:00','201220424','D-64adc1db:136e1effa44:-7fc1','00003-2012','2012-04-24 10:26:03','201220424','PERSNL2e03615d:136b8c85690:-7ffb','PALEN, WINDHEL G','RCCO - 01','BUSINESS_TAX','RCT3284830e:136dfa7dffc:-7ff3','2012-04-23 00:00:00','1500.00','RI3284830e:136dfa7dffc:-7ff1','51','AFC-7ab16a27:136de149d9c:-7fef','12345-3','W-5000102-G','VERGARA, ROJEAN','CEBU CITY','IA3b52a903:1362da0716c:-7ff6',NULL,'BUSINESS TAX ON RETAILER','GENERAL','GENERAL',NULL,NULL,'750.00',0,'LR-64adc1db:136e1effa44:-7fc3'),('RI3284830e:136dfa7dffc:-7ff2','DEPOSITED','REM-64adc1db:136e1effa44:-7fc8','REM-2012-00007','2012-04-24 00:00:00','201220424','LIQ-64adc1db:136e1effa44:-7fc4','LIQ-2012-00003','2012-04-24 00:00:00','201220424','D-64adc1db:136e1effa44:-7fc1','00003-2012','2012-04-24 10:26:03','201220424','PERSNL2e03615d:136b8c85690:-7ffb','PALEN, WINDHEL G','RCCO - 01','BUSINESS_TAX','RCT3284830e:136dfa7dffc:-7ff3','2012-04-23 00:00:00','1500.00','RI3284830e:136dfa7dffc:-7ff2','51','AFC-7ab16a27:136de149d9c:-7fef','12345-3','W-5000102-G','VERGARA, ROJEAN','CEBU CITY','IA3b52a903:1362da0716c:-7ff6',NULL,'BUSINESS TAX ON RETAILER','GENERAL','GENERAL',NULL,NULL,'750.00',0,'LR-64adc1db:136e1effa44:-7fc3'),('RI3600cbb4:136a52373df:-7fc9','DEPOSITED','REM3600cbb4:136a52373df:-7fb1','REM-2012-00005','2012-04-12 00:00:00','201220412','LIQ-64adc1db:136e1effa44:-7fc4','LIQ-2012-00003','2012-04-24 00:00:00','201220424','D-64adc1db:136e1effa44:-7fc1','00003-2012','2012-04-24 10:26:03','201220424','PERSNL-12f70615:1362b0b3421:-7ffa','VERGARA, JAYROME ','LRCO - I','MISC','RCT3600cbb4:136a52373df:-7fca','2012-04-12 00:00:00','30.00','RI3600cbb4:136a52373df:-7fc9','51','AF7383e27:1362b22f380:-7ffe','1234','GP-1000008-W','RAMOS MIKE','CEBU CITY','IA57e27d97:135e1abe297:-7ff8',NULL,'CERTIFICATION CLEARANCE FEES','GENERAL','GENERAL',NULL,'A52380147:131d8fe3efb:-7fc9','30.00',0,'LR-64adc1db:136e1effa44:-7fc3'),('RI3600cbb4:136a52373df:-7fe1','DEPOSITED','REM3600cbb4:136a52373df:-7fb1','REM-2012-00005','2012-04-12 00:00:00','201220412','LIQ-64adc1db:136e1effa44:-7fc4','LIQ-2012-00003','2012-04-24 00:00:00','201220424','D-64adc1db:136e1effa44:-7fc1','00003-2012','2012-04-24 10:26:03','201220424','PERSNL-12f70615:1362b0b3421:-7ffa','VERGARA, JAYROME ','LRCO - I','CTCI','RCT3600cbb4:136a52373df:-7fe2','2012-04-12 00:00:00','5.00','RI3600cbb4:136a52373df:-7fe1','0016','AF7b0b31e9:13675dac338:-7ffa','36','00000101','VERGARA, JAYROME','CEBU CITY','IA-4184fe6b:135efbfb375:-7cc8',NULL,'PERMIT FEE (MATCHMAKER)','GENERAL','GENERAL',NULL,NULL,'5.00',0,'LR-64adc1db:136e1effa44:-7fc3'),('RI4eb9968d:13639066586:-7fba','LIQUIDATED','REM-787d141c:1363d5b6fa2:-7fc0','REM-2012-00003','2012-03-23 00:00:00','201210323','LIQ-3bcd7395:136585a9dee:-7fc9','LIQ-2012-00002','2012-03-28 00:00:00','201210328',NULL,NULL,NULL,NULL,'PERSNL-12f70615:1362b0b3421:-7ffa','VERGARA, JAYROME ','LRCO - I','BUSINESS_TAX','RCT4eb9968d:13639066586:-7fbb','2012-09-01 00:00:00','3318.75','RI4eb9968d:13639066586:-7fba','51','AF7383e27:1362b22f380:-7ffe','1234','GP-1000007-W','CHIONG, EMERSON','CEBU CITY','IA3b52a903:1362da0716c:-7ff6',NULL,'BUSINESS TAX ON RETAILER','GENERAL','GENERAL',NULL,NULL,'3318.75',0,NULL);

/*Table structure for table `riv` */

DROP TABLE IF EXISTS `riv`;

CREATE TABLE `riv` (
  `objid` varchar(50) NOT NULL,
  `schemaname` varchar(50) NOT NULL,
  `schemaversion` varchar(5) NOT NULL,
  `docstate` varchar(25) default NULL,
  `rivtype` varchar(255) default NULL,
  `txnno` varchar(25) default NULL,
  `txndate` date default NULL,
  `requestedby` varchar(75) NOT NULL,
  `requestedbytitle` varchar(50) NOT NULL,
  `info` text NOT NULL,
  `items` text NOT NULL
) ENGINE=InnoDB DEFAULT CHARSET=latin1;

/*Data for the table `riv` */

insert  into `riv`(`objid`,`schemaname`,`schemaversion`,`docstate`,`rivtype`,`txnno`,`txndate`,`requestedby`,`requestedbytitle`,`info`,`items`) values ('R67f5cacc:136a0623237:-7fe5','riv:riv','1.0','CLOSED','COLLECTOR','2012000005','2012-04-11','JERSON MAGLASANG','LRCO - II','[treasuryname:\"LGU TAGBILARAN\",lgu:\"TAGBILARAN\",requestedbyid:\"PERSNL-77eb9ad:1362de475cb:-7f2e\",requestedby:\"JERSON MAGLASANG\",requestedbytitle:\"LRCO - II\",approvedbyid:\"PERSNL-77eb9ad:1362de475cb:-7ffa\",approvedby:\"REX ESCARIO\",approvedbytitle:\"ACCOUNTABLE FORM OFFICER\"]','[[objid:\"I-54a44d82:136a05d8d0a:-7fc9\",qtyrequested:2,qtydelivered:2,af:[docstate:\"APPROVED\",serieslength:7,unit:\"stub\",aftype:\"serial\",schemaname:\"af:serial\",pcsperunit:50,description:\"GENERAL COLLECTION\",denomination:null,schemaversion:\"1.0\",objid:\"51\"],afid:\"51\",afdescription:\"GENERAL COLLECTION\",aftype:\"serial\",afunit:\"stub\",afpcsperunit:50]]'),('R67f5cacc:136a0623237:-7fdc','riv:riv','1.0','CLOSED','LGU','2012000006','2012-04-11','REX ESCARIO','ACCOUNTABLE FORM OFFICER','[treasuryname:\"LGU TAGBILARAN\",lgu:\"TAGBILARAN\",requestedbyid:\"PERSNL-77eb9ad:1362de475cb:-7ffa\",requestedby:\"REX ESCARIO\",requestedbytitle:\"ACCOUNTABLE FORM OFFICER\",approvedbyid:\"PERSNL-77eb9ad:1362de475cb:-7ffa\",approvedby:\"ESCARIO, REX\",approvedbytitle:\"ACCOUNTABLE FORM OFFICER\"]','[[objid:\"I2fad4908:136a080ae99:-7fa8\",qtyrequested:5,qtydelivered:5,af:[docstate:\"APPROVED\",serieslength:7,unit:\"stub\",aftype:\"serial\",schemaname:\"af:serial\",pcsperunit:50,description:\"GENERAL COLLECTION\",denomination:null,schemaversion:\"1.0\",objid:\"51\"],afid:\"51\",afdescription:\"GENERAL COLLECTION\",aftype:\"serial\",afunit:\"stub\",afpcsperunit:50]]'),('R-18094b30:136a9665945:-7ff4','riv:riv','1.0','CLOSED','COLLECTOR','2012000007','2012-04-13','JAYROME VERGARA','LRCO - I','[treasuryname:\"LGU TAGBILARAN\",lgu:\"TAGBILARAN\",requestedbyid:\"PERSNL-12f70615:1362b0b3421:-7ffa\",requestedby:\"JAYROME VERGARA\",requestedbytitle:\"LRCO - I\",approvedbyid:\"PERSNL-77eb9ad:1362de475cb:-7ffa\",approvedby:\"REX ESCARIO\",approvedbytitle:\"ACCOUNTABLE FORM OFFICER\"]','[[objid:\"I4728e103:136a9724dec:-7fbd\",qtyrequested:1,qtydelivered:1,af:[docstate:\"APPROVED\",serieslength:8,unit:\"stub\",aftype:\"serial\",schemaname:\"af:serial\",pcsperunit:50,description:\"CTC-CORPORATION\",denomination:null,schemaversion:\"1.0\",objid:\"0017\"],afid:\"0017\",afdescription:\"CTC-CORPORATION\",aftype:\"serial\",afunit:\"stub\",afpcsperunit:50]]'),('R-18094b30:136a9665945:-7fef','riv:riv','1.0','CLOSED','LGU','2012000008','2012-04-13','REX ESCARIO','ACCOUNTABLE FORM OFFICER','[treasuryname:\"LGU TAGBILARAN\",lgu:\"TAGBILARAN\",requestedbyid:\"PERSNL-77eb9ad:1362de475cb:-7ffa\",requestedby:\"REX ESCARIO\",requestedbytitle:\"ACCOUNTABLE FORM OFFICER\",approvedbyid:\"PERSNL-77eb9ad:1362de475cb:-7ffa\",approvedby:\"ESCARIO, REX\",approvedbytitle:\"ACCOUNTABLE FORM OFFICER\"]','[[objid:\"I4728e103:136a9724dec:-7f32\",qtyrequested:5,qtydelivered:5,af:[docstate:\"APPROVED\",serieslength:8,unit:\"stub\",aftype:\"serial\",schemaname:\"af:serial\",pcsperunit:50,description:\"CTC-CORPORATION\",denomination:null,schemaversion:\"1.0\",objid:\"0017\"],afid:\"0017\",afdescription:\"CTC-CORPORATION\",aftype:\"serial\",afunit:\"stub\",afpcsperunit:50]]'),('R-7ab16a27:136de149d9c:-7ff5','riv:riv','1.0','CLOSED','COLLECTOR','2012000009','2012-04-23','WINDHEL PALEN','RCCO - 01','[treasuryname:\"LGU TAGBILARAN\",lgu:\"TAGBILARAN\",requestedbyid:\"PERSNL2e03615d:136b8c85690:-7ffb\",requestedby:\"WINDHEL PALEN\",requestedbytitle:\"RCCO - 01\",approvedbyid:\"PERSNL-77eb9ad:1362de475cb:-7ffa\",approvedby:\"REX ESCARIO\",approvedbytitle:\"ACCOUNTABLE FORM OFFICER\"]','[[objid:\"I79ee1e42:136de56e9d6:-7f97\",qtyrequested:1,qtydelivered:1,af:[docstate:\"APPROVED\",serieslength:7,unit:\"stub\",aftype:\"serial\",schemaname:\"af:serial\",pcsperunit:50,description:\"GENERAL COLLECTION\",denomination:null,schemaversion:\"1.0\",objid:\"51\"],afid:\"51\",afdescription:\"GENERAL COLLECTION\",aftype:\"serial\",afunit:\"stub\",afpcsperunit:50]]');

/*Table structure for table `role` */

DROP TABLE IF EXISTS `role`;

CREATE TABLE `role` (
  `name` varchar(50) NOT NULL,
  `description` varchar(50) default NULL,
  `roleclass` varchar(20) NOT NULL,
  `included` mediumtext,
  `system` smallint(6) default '0',
  PRIMARY KEY  (`name`,`roleclass`),
  KEY `FK_role` (`roleclass`)
) ENGINE=InnoDB DEFAULT CHARSET=latin1;

/*Data for the table `role` */

insert  into `role`(`name`,`description`,`roleclass`,`included`,`system`) values ('ACCOUNTING_DEFAULT','ACCOUNTING_DEFAULT','ACCOUNTING','[ \r\n  \'tc2:account\\\\..*\', \r\n  \'tc2:bank\\\\..*\',\r\n  \'tc2:bankacct\\\\..*\',\r\n  \'tc2:collectionsetting\\\\..*\',\r\n  \'tc2:collectiontype\\\\..*\',\r\n  \'tc2:fund\\\\..*\',\r\n  \'tc2:incomeacct\\\\..*\',\r\n  \'tc2:incomeacctgroup\\\\..*\',\r\n  \'tc2:tcmanagement.open\',\r\n  \'tc2:tcreport.incomeaccount\', \r\n]',1),('ADMIN_DEFAULT','ADMIN_DEFAULT','ADMIN','[\".*\"]',1),('AFO','AFO','TREASURY','[\"tc2:af\\\\..*\",\"tc2:afcontrol\\\\..*\",\"tc2:afinventory\\\\..*\",\"tc2:iraf\\\\..*\",\"tc2:riv_lgu\\\\..*\",\"tc2:riv\\\\..*\"]',0),('ASSESSOR','ASSESSOR','RPT','[\"etracs2-entity:.*\",\"rpt2:rpttransaction\\\\..*\",\"rpt2:consolidationmgt\\\\..*\",\"rpt2:datacapture\\\\..*\",\"rpt2:transfer\\\\..*\",\"rpt2:reassessment\\\\..*\",\"rpt2:correction\\\\..*\",\"rpt2:newdiscovery\\\\..*\",\"rpt2:multipleclaim\\\\..*\",\"rpt2:cancelfaasmgt\\\\..*\",\"rpt2:cancelfaas\\\\..*\",\"rpt2:faasmgt\\\\..*\",\"rpt2:faas\\\\..*\",\"rpt2:subdivision\\\\..*\",\"rpt2:subdivisionmgt\\\\..*\",\"rpt2:truecopy\\\\..*\",\"rpt2:rptcertification_list\\\\..*\",\"rpt2:rptcertifications\\\\..*\",\"rpt2:noproperty\\\\..*\",\"rpt2:landholding\\\\..*\",\"rpt2:multipleproperty\\\\..*\",\"rpt2:noimprovement\\\\..*\",\"rpt2:noimprovementbytdno\\\\..*\",\"rpt2:latestexistproperty\\\\..*\",\"rpt2:withimproveland\\\\..*\",\"rpt2:wimprovebytdno\\\\..*\",\"rpt2:rptreport\\\\..*\",\"rpt2:rptreportmgmt\\\\..*\",\"rpt2:rptmanagement\\\\..*\",\"rpt2:rysetting\\\\..*\",\"rpt2:propertyclassification\\\\..*\",\"rpt2:exemptiontypes\\\\..*\",\"rpt2:kindofbldg\\\\..*\",\"rpt2:materials\\\\..*\",\"rpt2:structures\\\\..*\",\"rpt2:structuretemplates\\\\..*\",\"rpt2:machines\\\\..*\",\"rpt2:plantstrees\\\\..*\",\"rpt2:miscitems\\\\..*\",\"rpt2:rptofficers\\\\..*\",\"rpt2:canceltdreasons\\\\..*\",\"rpt2:txnrequirements\\\\..*\",\"rpt2:rptparameters\\\\..*\",\"rpt2:rptsetting\\\\..*\",\"rpt2:annotationmgmt\\\\..*\",\"rpt2:annotation\\\\..*\",\"rpt2:cancelannotationmgmt\\\\..*\",\"rpt2:cancelannotation\\\\..*\",\"rpt2:mortgage\\\\..*\",\"rpt2:bailbond\\\\..*\",\"rpt2:other\\\\..*\"]',0),('ASSESSOR_CERTIFICATION','ASSESSOR_CERTIFICATION','RPT','[\"rpt2:truecopy\\\\..*\",\"rpt2:rptcertification_list\\\\..*\",\"rpt2:rptcertifications\\\\..*\",\"rpt2:noproperty\\\\..*\",\"rpt2:landholding\\\\..*\",\"rpt2:multipleproperty\\\\..*\",\"rpt2:noimprovement\\\\..*\",\"rpt2:noimprovementbytdno\\\\..*\",\"rpt2:latestexistproperty\\\\..*\",\"rpt2:withimproveland\\\\..*\",\"rpt2:wimprovebytdno\\\\..*\"]',NULL),('ASSESSOR_REPORTS','ASSESSOR_REPORTS','RPT','[\"rpt2:rptreport\\\\..*\",\"rpt2:rptreportmgmt\\\\..*\"]',NULL),('BP_ADMIN','BP_ADMIN','BP','[\"bp2:bpadmin\\\\..*\",\"bp2:bpbillingrules\\\\..*\",\"bp2:bpassessmentrule\\\\..*\",\"bp2:bpbilling\\\\..*\",\"bp2:bpmanagement\\\\..*\",\"bp2:bplicensing\\\\..*\",\"bp2:bptransaction\\\\..*\",\"bp2:bpreportmgmt\\\\..*\",\"bp2:bpreport\\\\..*\",\"bp2:bppermit\\\\..*\",\"etracs2common:rule\\\\..*\"]',NULL),('BP_LICENSING','BP_LICENSING','BP','[\"bp2:bpbillingrules\\\\..*\",\"bp2:bpbilling\\\\..*\",\"bp2:bpmanagement\\\\..*\",\"bp2:bplicensing\\\\..*\",\"bp2:bptransaction\\\\..*\",\"bp2:bpreportmgmt\\\\..*\",\"bp2:bpreport\\\\..*\",\"bp2:bppermit\\\\..*\",\"etracs2-entity:.*\"]',NULL),('BP_PERMIT','BP_PERMIT','BP','[\"bp2:bpmanagement\\\\..*\",\"bp2:bplicensing\\\\..*\",\"bp2:bptransaction\\\\..*\",\"bp2:bpreportmgmt\\\\..*\",\"bp2:bpreport\\\\..*\",\"bp2:bppermit\\\\..*\",\"etracs2-entity:.*\"]',NULL),('CASHIER','CASHIER','TREASURY','[\"tc2:bank\\\\..*\",\"tc2:bankacct\\\\..*\",\"tc2:fund\\\\..*\",\"tc2:deposit\\\\..*\",\"tc2:treasurymgmt_fund\\\\..*\"]',NULL),('COLLECTOR','COLLECTOR','TREASURY','[\"bp2:collection_bp\\\\..*\",\"ctc2:.*\",\"etracs2common:entity\\\\..*\",\"etracs2common:individual\\\\..*\",\"etracs2common:juridical\\\\..*\",\"etracs2common:multiple\\\\..*\",\"rpt2:landtax\\\\..*\",\"tc2:collectionsetting\\\\..*\",\"tc2:collectiontype\\\\..*\",\"tc2:fund\\\\..*\",\"tc2:incomeacct\\\\..*\",\"tc2:incomeacctgroup\\\\..*\",\"tc2:tcmanagement\\\\..*\",\"tc2:afcontrol\\\\..*\",\"tc2:collection\\\\..*\",\"tc2:remittance\\\\..*\",\"tc2:receipt\\\\..*\",\"tc2:batchcapturemgmt\\\\..*\",\"tc2:batchcapture\\\\..*\",\"tc2:collection_burial\\\\..*\",\"tc2:collection_cashticket\\\\..*\",\"tc2:collection_cattleownership\\\\..*\",\"tc2:collection_cattletransfer\\\\..*\",\"tc2:collection_general\\\\..*\",\"tc2:collection_marriage\\\\..*\",\"tc2:postcapturereceipt\\\\..*\",\"tc2:tcreport\\\\..*\",\"tc2:collection_slaughterpermit\\\\..*\",\"tc2:treasurymgmt_abstract\\\\..*\",\"tc2:treasurymgmt_afmonitoring\\\\..*\",\"tc2:treasurymgmt_collection\\\\..*\",\"tc2:treasurymgmt_fund\\\\..*\",\"tc2:treasurymgmt_liquidation\\\\..*\",\"tc2:treasurymgmt_remittance\\\\..*\",\"tc2:riv_lgu\\\\..*\",\"tc2:riv\\\\..*\"]',NULL),('FACULTY_DEFAULT','FACULTY_DEFAULT','FACULTY','[ \'.*\' ]',1),('IT_DEFAULT','IT_DEFAULT','IT','[ \'.*\' ]',1),('LANDTAX','LANDTAX','RPT','[\"etracs2-entity:.*\",\"etracs2common:rule\\\\..*\",\"rpt2:truecopy\\\\..*\",\"rpt2:rptcertification_list\\\\..*\",\"rpt2:rptcertifications\\\\..*\",\"rpt2:noproperty\\\\..*\",\"rpt2:landholding\\\\..*\",\"rpt2:multipleproperty\\\\..*\",\"rpt2:noimprovement\\\\..*\",\"rpt2:noimprovementbytdno\\\\..*\",\"rpt2:latestexistproperty\\\\..*\",\"rpt2:withimproveland\\\\..*\",\"rpt2:wimprovebytdno\\\\..*\",\"rpt2:rptreport\\\\..*\",\"rpt2:rptreportmgmt\\\\..*\",\"rpt2:rptbilling\\\\..*\",\"rpt2:rptledger\\\\..*\",\"rpt2:propertypayer\\\\..*\",\"rpt2:rptbillingrule\\\\..*\",\"rpt2:landtax\\\\..*\",\"rpt2:rptmanagement\\\\..*\",\"rpt2:rptparameters\\\\..*\",\"rpt2:rptsetting\\\\..*\"]',NULL),('LIQUIDATING_OFFICER','Liquidating officer role.','TREASURY','[\"tc2:fund\\\\..*\",\"tc2:tcmanagement\\\\..*\",\"tc2:tcreport\\\\..*\",\"tc2:liquidation\\\\..*\",\"tc2:treasurymgmt_liquidation\\\\..*\"]',NULL),('RPT_ADMIN','RPT_ADMIN','RPT','[\"etracs2-entity:.*\",\"rpt2:.*\"]',NULL),('RPT_APPRAISER','RPT_APPRAISER','RPT','[\"etracs2-entity:.*\",\"rpt2:rpttransaction\\\\..*\",\"rpt2:consolidation\\\\..*\",\"rpt2:consolidationmgt\\\\..*\",\"rpt2:datacapture\\\\.(create)\",\"rpt2:transfer\\\\..*\",\"rpt2:reassessment\\\\..*\",\"rpt2:correction\\\\..*\",\"rpt2:newdiscovery\\\\..*\",\"rpt2:multipleclaim\\\\..*\",\"rpt2:cancelfaasmgt\\\\..*\",\"rpt2:cancelfaas\\\\..*\",\"rpt2:faasmgt\\\\..*\",\"rpt2:faas\\\\..*\",\"rpt2:subdivision\\\\..*\",\"rpt2:subdivisionmgt\\\\..*\",\"rpt2:truecopy\\\\..*\"]',0),('RULE_AUTHOR','RULE_AUTHOR','BP','[\"bp2:bpadmin\\\\..*\",\"bp2:bpbillingrules\\\\..*\",\"bp2:bpassessmentrule\\\\..*\",\"bp2:bpbilling\\\\..*\",\"bp2:bpmanagement\\\\..*\",\"bp2:bplicensing\\\\..*\",\"bp2:bpreportmgmt\\\\..*\",\"etracs2common:rule\\\\..*\"]',NULL),('SUBCOLLECTOR','SUBCOLLECTOR','TREASURY','[\"bp2:collection_bp\\\\..*\",\"etracs2common:entity\\\\..*\",\"etracs2common:individual\\\\..*\",\"etracs2common:juridical\\\\..*\",\"etracs2common:multiple\\\\..*\",\"rpt2:landtax\\\\..*\",\"tc2:collection\\\\.(create_capture)\",\"tc2:receipt\\\\..*\",\"tc2:batchcapturemgmt\\\\..*\",\"tc2:batchcapture\\\\..*\",\"tc2:collection_burial\\\\..*\",\"tc2:collection_cashticket\\\\..*\",\"tc2:collection_cattleownership\\\\..*\",\"tc2:collection_cattletransfer\\\\..*\",\"tc2:collection_general\\\\..*\",\"tc2:collection_marriage\\\\..*\",\"tc2:postcapturereceipt\\\\..*\",\"tc2:collection_slaughterpermit\\\\..*\"]',NULL),('TEST','test','TREASURY','[\"bp2:.*\"]',NULL),('TREASURY_DEFAULT','TREASURY_DEFAULT','TREASURY','[\".*\"]',1);

/*Table structure for table `rptcertification` */

DROP TABLE IF EXISTS `rptcertification`;

CREATE TABLE `rptcertification` (
  `objid` varchar(50) NOT NULL,
  `schemaname` varchar(30) default '',
  `schemaversion` varchar(30) default '',
  `taxpayerid` varchar(50) default NULL,
  `taxpayername` varchar(300) default NULL,
  `taxpayeraddress` varchar(100) default NULL,
  `requestedby` varchar(50) default NULL,
  `purpose` varchar(100) default NULL,
  `certifiedby` varchar(100) default NULL,
  `certifiedbytitle` varchar(100) default NULL,
  `byauthority` varchar(100) default NULL,
  `official` tinyint(1) default NULL,
  `orno` varchar(30) default NULL,
  `ordate` date default NULL,
  `oramount` decimal(10,2) default NULL,
  `stampamount` decimal(10,2) default NULL,
  `items` text,
  `opener` varchar(20) default NULL,
  `extended` text,
  `docno` varchar(25) NOT NULL,
  `title` varchar(50) NOT NULL,
  `tdno` varchar(25) default NULL,
  `faasid` varchar(50) default NULL,
  PRIMARY KEY  (`objid`)
) ENGINE=InnoDB DEFAULT CHARSET=latin1;

/*Data for the table `rptcertification` */

/*Table structure for table `rptledger` */

DROP TABLE IF EXISTS `rptledger`;

CREATE TABLE `rptledger` (
  `objid` varchar(50) NOT NULL,
  `schemaname` varchar(25) NOT NULL,
  `schemaversion` varchar(5) NOT NULL,
  `docstate` varchar(25) NOT NULL,
  `fullpin` varchar(30) NOT NULL,
  `claimno` varchar(25) NOT NULL,
  `faasid` varchar(50) NOT NULL,
  `rputype` varchar(15) NOT NULL,
  `classid` varchar(50) NOT NULL,
  `classcode` varchar(10) NOT NULL,
  `actualuseid` varchar(50) default NULL,
  `actualusecode` varchar(10) default NULL,
  `tdno` varchar(30) NOT NULL,
  `prevtdno` varchar(300) default NULL,
  `cadastrallotno` varchar(200) NOT NULL,
  `blockno` varchar(25) default NULL,
  `barangay` varchar(75) NOT NULL,
  `txntype` varchar(5) NOT NULL,
  `taxable` int(11) NOT NULL,
  `assessedvalue` decimal(14,2) NOT NULL,
  `taxpayerid` varchar(50) NOT NULL,
  `taxpayerno` varchar(25) NOT NULL,
  `taxpayername` varchar(500) NOT NULL,
  `taxpayeraddress` varchar(100) NOT NULL,
  `administratorid` varchar(50) default NULL,
  `administratorno` varchar(25) default NULL,
  `administratorname` varchar(100) default NULL,
  `administratoraddress` varchar(100) default NULL,
  `lastyearpaid` int(11) NOT NULL,
  `lastqtrpaid` int(11) NOT NULL,
  `partialbasic` decimal(10,2) NOT NULL,
  `partialsef` decimal(10,2) NOT NULL,
  `firstqtrpaidontime` int(11) NOT NULL,
  `partialbasicint` decimal(12,2) NOT NULL,
  `partialsefint` decimal(12,2) NOT NULL,
  PRIMARY KEY  (`objid`),
  UNIQUE KEY `ux_rptledger_fullpin` (`fullpin`,`claimno`),
  KEY `ix_rptledger_docstate` (`docstate`),
  KEY `ix_rptledger_tdnostate` (`tdno`,`docstate`),
  KEY `ix_rptledger_prevtdnostate` (`prevtdno`,`docstate`),
  KEY `ix_rptledger_lotstate` (`cadastrallotno`,`docstate`),
  KEY `ix_rptledger_brgystate` (`barangay`,`docstate`),
  KEY `ix_rptledger_tpaynostate` (`taxpayerno`,`docstate`),
  KEY `ix_rptledger_namestate` (`taxpayername`,`docstate`),
  KEY `ix_rptledger_faasid` (`faasid`)
) ENGINE=InnoDB DEFAULT CHARSET=latin1;

/*Data for the table `rptledger` */

insert  into `rptledger`(`objid`,`schemaname`,`schemaversion`,`docstate`,`fullpin`,`claimno`,`faasid`,`rputype`,`classid`,`classcode`,`actualuseid`,`actualusecode`,`tdno`,`prevtdno`,`cadastrallotno`,`blockno`,`barangay`,`txntype`,`taxable`,`assessedvalue`,`taxpayerid`,`taxpayerno`,`taxpayername`,`taxpayeraddress`,`administratorid`,`administratorno`,`administratorname`,`administratoraddress`,`lastyearpaid`,`lastqtrpaid`,`partialbasic`,`partialsef`,`firstqtrpaidontime`,`partialbasicint`,`partialsefint`) values ('L-5dfc4b9f:13651f0a0de:-7ff2','rptledger','1.0','APPROVED','100-01-0001-001-02','-','F-a5683f2:136571474b2:-7fd0','land','PC-62eb6464:13642754aed:-7ff9','AGR','PC-62eb6464:13642754aed:-7ff9','AGR','2010-01-0001-00004','2010-01-0001-00003','1234',NULL,'BRGY 1','RE',1,'580.00','E2a8c8a24:1363832b9dd:-7fea','00005','ESCARIO, REX','CEBU CITY',NULL,NULL,NULL,NULL,2012,4,'0.00','0.00',0,'0.00','0.00'),('L-64adc1db:136e1effa44:-7fe7','rptledger','1.0','PENDING','100-01-0001-003-01','-','F-64adc1db:136e1effa44:-7ff3','land','PC-62eb6464:13642754aed:-7ff9','AGR','PC-62eb6464:13642754aed:-7ff9','AGR','2012-0001-123',NULL,'1234',NULL,'BRGY 1','DC',1,'400.00','E4eb9968d:13639066586:-7ff4','00007','LAURON, ROMMEL','CEBU CITY',NULL,NULL,NULL,NULL,2011,4,'0.00','0.00',0,'0.00','0.00'),('L-a5683f2:136571474b2:-7fc3','rptledger','1.0','APPROVED','100-01-0001-001-05','-','F-a5683f2:136571474b2:-7fc7','land','PC-62eb6464:13642754aed:-7ff9','AGR','PC-62eb6464:13642754aed:-7ff9','AGR','2010-01-0001-00005',NULL,'1234',NULL,'BRGY 1','ND',1,'1200.00','E2a8c8a24:1363832b9dd:-7fb9','00006','FLORES, WORGIE','CEBU CITY',NULL,NULL,NULL,NULL,2010,4,'0.00','0.00',0,'0.00','0.00'),('L-d97c0a6:13657caaf62:-7f60','rptledger','1.0','APPROVED','100-01-0001-01-10','-','F-d97c0a6:13657caaf62:-7f61','land','PC-62eb6464:13642754aed:-7ff9','AGR','PC-62eb6464:13642754aed:-7ff9','AGR','2010-01-0001-00009','10-0001-5000,10-01-9000','1234',NULL,'BRGY 1','CS',0,'700.00','E2a8c8a24:1363832b9dd:-7ffa','00004','ZAMORA, JESSIE','CEBU CITY',NULL,NULL,NULL,NULL,2011,4,'0.00','0.00',0,'0.00','0.00'),('L-d97c0a6:13657caaf62:-7f68','rptledger','1.0','APPROVED','100-01-0001-01-07','-','F-d97c0a6:13657caaf62:-7f6d','land','PC-62eb6464:13642754aed:-7ff9','AGR','PC-62eb6464:13642754aed:-7ff9','AGR','2010-01-0001-00008','100-001001','1234',NULL,'BRGY 1','SD',1,'400.00','E4eb9968d:13639066586:-7ff4','00007','LAURON, ROMMEL','CEBU CITY',NULL,NULL,NULL,NULL,2012,4,'0.00','0.00',0,'0.00','0.00'),('L-d97c0a6:13657caaf62:-7f6c','rptledger','1.0','APPROVED','100-01-0001-01-06','-','F-d97c0a6:13657caaf62:-7f6f','land','PC-62eb6464:13642754aed:-7ff9','AGR','PC-62eb6464:13642754aed:-7ff9','AGR','2010-01-0001-00007','100-001001','1234',NULL,'BRGY 1','SD',1,'400.00','E2a8c8a24:1363832b9dd:-7ffa','00004','ZAMORA, JESSIE','CEBU CITY',NULL,NULL,NULL,NULL,2011,4,'0.00','0.00',0,'0.00','0.00'),('L-d97c0a6:13657caaf62:-7f9d','rptledger','1.0','CANCELLED','100-01-0001-001-09','-','F-d97c0a6:13657caaf62:-7fa1','land','PC-62eb6464:13642754aed:-7ff9','AGR','PC-62eb6464:13642754aed:-7ff9','AGR','10-01-9000',NULL,'2134',NULL,'BRGY 1','DC',1,'300.00','E4eb9968d:13639066586:-7ff4','00007','LAURON, ROMMEL','CEBU CITY',NULL,NULL,NULL,NULL,2012,4,'0.00','0.00',0,'0.00','0.00'),('L-d97c0a6:13657caaf62:-7fa6','rptledger','1.0','CANCELLED','100-01-0001-001-08','-','F-d97c0a6:13657caaf62:-7fae','land','PC-62eb6464:13642754aed:-7ff9','AGR','PC-62eb6464:13642754aed:-7ff9','AGR','10-0001-5000',NULL,'1234',NULL,'BRGY 1','DC',1,'400.00','E4eb9968d:13639066586:-7fc5','00008','CHIONG, EMERSON','CEBU CITY',NULL,NULL,NULL,NULL,2012,4,'0.00','0.00',0,'0.00','0.00'),('L-d97c0a6:13657caaf62:-7fdf','rptledger','1.0','APPROVED','100-01-0001-01-06-1001','-','FA-d97c0a6:13657caaf62:-7f6e','bldg','PC-62eb6464:13642754aed:-7ff8','RES','PC-62eb6464:13642754aed:-7ff8','RES','10-01-4000','10-01-100000','1234',NULL,'BRGY 1','SD',1,'600000.00','E-12f70615:1362b0b3421:-7fed','00001','VERGARA, JAYROME','CEBU CITY',NULL,NULL,NULL,NULL,2012,4,'0.00','0.00',0,'0.00','0.00'),('L-d97c0a6:13657caaf62:-7ff6','rptledger','1.0','APPROVED','100-01-0001-001-05','2','F-d97c0a6:13657caaf62:-7ffa','land','PC-62eb6464:13642754aed:-7ff9','AGR','PC-62eb6464:13642754aed:-7ff9','AGR','2010-01-0001-00006',NULL,'1234',NULL,'BRGY 1','MC',1,'1200.00','E-77eb9ad:1362de475cb:-7fa0','00002','OBERES, MIKOY','SAN CARLOS CITY',NULL,NULL,NULL,NULL,2012,4,'0.00','0.00',0,'0.00','0.00'),('L43e81b93:1364f33e257:-7ffc','rptledger','1.0','CANCELLED','100-01-0001-001-01','-','F-7d229091:1364f0c65c7:-7ff7','land','PC-62eb6464:13642754aed:-7ff9','AGR','PC-62eb6464:13642754aed:-7ff9','AGR','100-001001',NULL,'1234',NULL,'BRGY 1','DC',1,'800.00','E-12f70615:1362b0b3421:-7fed','00001','VERGARA, JAYROME','CEBU CITY',NULL,NULL,NULL,NULL,2012,4,'0.00','0.00',0,'0.00','0.00'),('L6a69f048:1367103ed2e:-7ff5','rptledger','1.0','PENDING','100-01-0001-002-01','-','F6a69f048:1367103ed2e:-7ffb','land','PC-62eb6464:13642754aed:-7ff9','AGR','PC-62eb6464:13642754aed:-7ff9','AGR','2012-01-1000-10001',NULL,'1234',NULL,'BRGY 1','DC',1,'800.00','E6a69f048:1367103ed2e:-7ffa','00010','CABANTAN, GRACE','CEBU CITY',NULL,NULL,NULL,NULL,2011,4,'0.00','0.00',0,'0.00','0.00');

/*Table structure for table `rptledgeritem` */

DROP TABLE IF EXISTS `rptledgeritem`;

CREATE TABLE `rptledgeritem` (
  `objid` varchar(50) NOT NULL,
  `schemaname` varchar(50) NOT NULL,
  `schemaversion` varchar(5) NOT NULL,
  `docstate` varchar(25) NOT NULL,
  `parentid` varchar(50) NOT NULL,
  `faasid` varchar(50) default NULL,
  `tdno` varchar(30) NOT NULL,
  `txntype` varchar(5) NOT NULL,
  `classid` varchar(50) NOT NULL,
  `classcode` varchar(5) NOT NULL,
  `actualuseid` varchar(50) default NULL,
  `actualusecode` varchar(5) default NULL,
  `taxable` int(11) NOT NULL,
  `backtax` int(11) NOT NULL,
  `fromyear` int(11) NOT NULL,
  `toyear` int(11) NOT NULL,
  `assessedvalue` decimal(14,2) NOT NULL,
  `systemcreated` int(11) NOT NULL,
  PRIMARY KEY  (`objid`),
  KEY `ix_rptledger_parentid` (`parentid`),
  KEY `ix_rptledger_tdno` (`tdno`)
) ENGINE=InnoDB DEFAULT CHARSET=latin1;

/*Data for the table `rptledgeritem` */

insert  into `rptledgeritem`(`objid`,`schemaname`,`schemaversion`,`docstate`,`parentid`,`faasid`,`tdno`,`txntype`,`classid`,`classcode`,`actualuseid`,`actualusecode`,`taxable`,`backtax`,`fromyear`,`toyear`,`assessedvalue`,`systemcreated`) values ('LI-5dfc4b9f:13651f0a0de:-7ff1','rptledger:rptledgeritem','1.0','APPROVED','L-5dfc4b9f:13651f0a0de:-7ff2','F-5dfc4b9f:13651f0a0de:-7ff7','10-0001-00001','DC','PC-62eb6464:13642754aed:-7ff9','AGR','PC-62eb6464:13642754aed:-7ff9','AGR',1,0,2011,2011,'850.00',1),('LI-64adc1db:136e1effa44:-7fe6','rptledger:rptledgeritem','1.0','APPROVED','L-64adc1db:136e1effa44:-7fe7','F-64adc1db:136e1effa44:-7ff3','2012-0001-123','DC','PC-62eb6464:13642754aed:-7ff9','AGR','PC-62eb6464:13642754aed:-7ff9','AGR',1,0,2012,0,'400.00',1),('LI-a5683f2:136571474b2:-7fc2','rptledger:rptledgeritem','1.0','APPROVED','L-a5683f2:136571474b2:-7fc3','F-a5683f2:136571474b2:-7fc7','2010-01-0001-00005','ND','PC-62eb6464:13642754aed:-7ff9','AGR','PC-62eb6464:13642754aed:-7ff9','AGR',1,1,2011,0,'1200.00',1),('LI-a5683f2:136571474b2:-7fcc','rptledger:rptledgeritem','1.0','APPROVED','L-5dfc4b9f:13651f0a0de:-7ff2','F-a5683f2:136571474b2:-7fd0','2010-01-0001-00004','RE','PC-62eb6464:13642754aed:-7ff9','AGR','PC-62eb6464:13642754aed:-7ff9','AGR',1,0,2013,0,'580.00',1),('LI-a5683f2:136571474b2:-7fd6','rptledger:rptledgeritem','1.0','CANCELLED','L-5dfc4b9f:13651f0a0de:-7ff2','F-a5683f2:136571474b2:-7fda','2010-01-0001-00003','CE','PC-62eb6464:13642754aed:-7ff9','AGR','PC-62eb6464:13642754aed:-7ff9','AGR',1,0,2013,2013,'600.00',1),('LI-a5683f2:136571474b2:-7fde','rptledger:rptledgeritem','1.0','APPROVED','L-5dfc4b9f:13651f0a0de:-7ff2','F-a5683f2:136571474b2:-7fe3','2010-01-0001-00002','TRE','PC-62eb6464:13642754aed:-7ff9','AGR','PC-62eb6464:13642754aed:-7ff9','AGR',1,0,2012,2012,'600.00',1),('LI-a5683f2:136571474b2:-7fe7','rptledger:rptledgeritem','1.0','CANCELLED','L-5dfc4b9f:13651f0a0de:-7ff2','F-a5683f2:136571474b2:-7ffc','2010-01-0001-00001','TR','PC-62eb6464:13642754aed:-7ff9','AGR','PC-62eb6464:13642754aed:-7ff9','AGR',1,0,2012,2012,'850.00',1),('LI-d97c0a6:13657caaf62:-7f5f','rptledger:rptledgeritem','1.0','APPROVED','L-d97c0a6:13657caaf62:-7f60','F-d97c0a6:13657caaf62:-7f61','2010-01-0001-00009','CS','PC-62eb6464:13642754aed:-7ff9','AGR','PC-62eb6464:13642754aed:-7ff9','AGR',0,0,2012,0,'700.00',1),('LI-d97c0a6:13657caaf62:-7f64','rptledger:rptledgeritem','1.0','APPROVED','L-d97c0a6:13657caaf62:-7fdf','FA-d97c0a6:13657caaf62:-7f6e','10-01-4000','SD','PC-62eb6464:13642754aed:-7ff8','RES','PC-62eb6464:13642754aed:-7ff8','RES',1,0,2012,0,'600000.00',1),('LI-d97c0a6:13657caaf62:-7f67','rptledger:rptledgeritem','1.0','APPROVED','L-d97c0a6:13657caaf62:-7f68','F-d97c0a6:13657caaf62:-7f6d','2010-01-0001-00008','SD','PC-62eb6464:13642754aed:-7ff9','AGR','PC-62eb6464:13642754aed:-7ff9','AGR',1,0,2012,0,'400.00',1),('LI-d97c0a6:13657caaf62:-7f6b','rptledger:rptledgeritem','1.0','APPROVED','L-d97c0a6:13657caaf62:-7f6c','F-d97c0a6:13657caaf62:-7f6f','2010-01-0001-00007','SD','PC-62eb6464:13642754aed:-7ff9','AGR','PC-62eb6464:13642754aed:-7ff9','AGR',1,0,2012,0,'400.00',1),('LI-d97c0a6:13657caaf62:-7f9c','rptledger:rptledgeritem','1.0','APPROVED','L-d97c0a6:13657caaf62:-7f9d','F-d97c0a6:13657caaf62:-7fa1','10-01-9000','DC','PC-62eb6464:13642754aed:-7ff9','AGR','PC-62eb6464:13642754aed:-7ff9','AGR',1,0,2011,0,'300.00',1),('LI-d97c0a6:13657caaf62:-7fa5','rptledger:rptledgeritem','1.0','APPROVED','L-d97c0a6:13657caaf62:-7fa6','F-d97c0a6:13657caaf62:-7fae','10-0001-5000','DC','PC-62eb6464:13642754aed:-7ff9','AGR','PC-62eb6464:13642754aed:-7ff9','AGR',1,0,2010,0,'400.00',1),('LI-d97c0a6:13657caaf62:-7fde','rptledger:rptledgeritem','1.0','APPROVED','L-d97c0a6:13657caaf62:-7fdf','F-5dfc4b9f:13651f0a0de:-7fb6','10-01-100000','DC','PC-62eb6464:13642754aed:-7ff8','RES','PC-62eb6464:13642754aed:-7ff8','RES',1,0,2011,2011,'600000.00',1),('LI-d97c0a6:13657caaf62:-7ff5','rptledger:rptledgeritem','1.0','APPROVED','L-d97c0a6:13657caaf62:-7ff6','F-d97c0a6:13657caaf62:-7ffa','2010-01-0001-00006','MC','PC-62eb6464:13642754aed:-7ff9','AGR','PC-62eb6464:13642754aed:-7ff9','AGR',1,1,2013,0,'1200.00',1),('LI43e81b93:1364f33e257:-7ffb','rptledger:rptledgeritem','1.0','APPROVED','L43e81b93:1364f33e257:-7ffc','F-7d229091:1364f0c65c7:-7ff7','100-001001','DC','PC-62eb6464:13642754aed:-7ff9','AGR','PC-62eb6464:13642754aed:-7ff9','AGR',1,0,2011,0,'800.00',1),('LI6a69f048:1367103ed2e:-7ff4','rptledger:rptledgeritem','1.0','APPROVED','L6a69f048:1367103ed2e:-7ff5','F6a69f048:1367103ed2e:-7ffb','2012-01-1000-10001','DC','PC-62eb6464:13642754aed:-7ff9','AGR','PC-62eb6464:13642754aed:-7ff9','AGR',1,0,2012,0,'800.00',1),('LI6a877cc1:1365208616f:-7de2','rptledger:rptledgeritem','1.0','APPROVED','L-5dfc4b9f:13651f0a0de:-7ff2',NULL,'05-0001-00001','GR','PC-62eb6464:13642754aed:-7ff9','AGR','PC-62eb6464:13642754aed:-7ff9','AGR',1,0,2005,2007,'800.00',0),('LI6a877cc1:1365208616f:-7de3','rptledger:rptledgeritem','1.0','APPROVED','L-5dfc4b9f:13651f0a0de:-7ff2',NULL,'08-0001-00001','GR','PC-62eb6464:13642754aed:-7ff9','AGR','PC-62eb6464:13642754aed:-7ff9','AGR',1,0,2008,2010,'820.00',0);

/*Table structure for table `rptparameters` */

DROP TABLE IF EXISTS `rptparameters`;

CREATE TABLE `rptparameters` (
  `objid` varchar(50) NOT NULL,
  `schemaname` varchar(50) NOT NULL,
  `schemaversion` varchar(10) NOT NULL,
  `paramname` varchar(100) NOT NULL,
  `paramcaption` varchar(100) NOT NULL,
  `paramdesc` varchar(1000) default NULL,
  `paramtype` varchar(20) NOT NULL,
  `parammin` decimal(10,2) default NULL,
  `parammax` decimal(10,2) default NULL,
  PRIMARY KEY  (`objid`)
) ENGINE=InnoDB DEFAULT CHARSET=latin1 ROW_FORMAT=DYNAMIC;

/*Data for the table `rptparameters` */

insert  into `rptparameters`(`objid`,`schemaname`,`schemaversion`,`paramname`,`paramcaption`,`paramdesc`,`paramtype`,`parammin`,`parammax`) values ('PARAM-441479f2:1360967efdb:-7b7b','rptparameters:rptparameters','1.0','UNIT_VALUE','UNIT VALUE',NULL,'decimal','0.00','0.00'),('PARAM-58d7ffce:13562fdc3d7:-7f68','rptparameters:rptparameters','1.0','AREA_SQM','AREA IN SQM',NULL,'decimal','0.00','0.00'),('PARAM-62eb6464:13642754aed:-7f99','rptparameters:rptparameters','1.0','NO_OF_UNITS','NO. OF UNITS',NULL,'integer','0.00','0.00'),('PARAM193875f9:135eaac4707:-7f25','rptparameters:rptparameters','1.0','PERCENTAGE5_10','PERCENTAGE (5-10%)',NULL,'range_integer','5.00','10.00'),('PARAM193875f9:135eaac4707:-7f26','rptparameters:rptparameters','1.0','NO_LINEAR_METER','NO. OF LINEAR METER',NULL,'decimal','0.00','0.00'),('PARAM193875f9:135eaac4707:-7f27','rptparameters:rptparameters','1.0','SET','NO. OF SETS',NULL,'integer','0.00','0.00'),('PARAM193875f9:135eaac4707:-7f28','rptparameters:rptparameters','1.0','HT_METER','HEIGHT IN METER',NULL,'decimal','0.00','0.00'),('PARAM193875f9:135eaac4707:-7f39','rptparameters:rptparameters','1.0','R350_450','UNIT VALUE (350-450)',NULL,'range_decimal','350.00','450.00'),('PARAM193875f9:135eaac4707:-7fbb','rptparameters:rptparameters','1.0','R200_300','UNIT VALUE (200-300)',NULL,'range_decimal','200.00','300.00'),('PARAM193875f9:135eaac4707:-7fbd','rptparameters:rptparameters','1.0','R250_300','UNIT VALUE (250-300)',NULL,'range_decimal','250.00','300.00'),('PARAM193875f9:135eaac4707:-7fbf','rptparameters:rptparameters','1.0','R300_400','UNIT VALUE (300-400)',NULL,'range_decimal','300.00','400.00'),('PARAM193875f9:135eaac4707:-7fc2','rptparameters:rptparameters','1.0','R400_500','UNIT VALUE (400-500)',NULL,'range_decimal','400.00','500.00'),('PARAM6002c02b:13559e55856:-7fdf','rptparameters:rptparameters','1.0','DISTANCE_KM','DISTANCE IN KM.','DISTANCE IN KM.	','decimal','0.00','0.00');

/*Table structure for table `rptpayment` */

DROP TABLE IF EXISTS `rptpayment`;

CREATE TABLE `rptpayment` (
  `objid` varchar(50) NOT NULL,
  `schemaname` varchar(50) NOT NULL,
  `schemaversion` varchar(5) NOT NULL,
  `rptledgerid` varchar(50) NOT NULL,
  `opener` varchar(50) NOT NULL,
  `mode` varchar(10) NOT NULL,
  `dtposted` datetime NOT NULL,
  `receiptid` varchar(50) default NULL,
  `receiptdate` date NOT NULL,
  `receiptno` varchar(25) NOT NULL,
  `collectorid` varchar(50) default NULL,
  `collectorname` varchar(50) default NULL,
  `collectortitle` varchar(50) default NULL,
  `capturedby` varchar(30) default NULL,
  `particulars` varchar(50) default NULL,
  `voided` int(11) NOT NULL,
  `period` varchar(50) default NULL,
  `revtype` varchar(15) default NULL,
  `fromyear` int(11) NOT NULL,
  `fromqtr` int(11) NOT NULL,
  `toyear` int(11) NOT NULL,
  `toqtr` int(11) NOT NULL,
  `basic` decimal(14,2) NOT NULL,
  `basicint` decimal(14,2) NOT NULL,
  `basicdisc` decimal(14,2) NOT NULL,
  `basicpartial` decimal(14,2) NOT NULL,
  `sef` decimal(14,2) NOT NULL,
  `sefint` decimal(14,2) NOT NULL,
  `sefdisc` decimal(14,2) NOT NULL,
  `sefpartial` decimal(14,2) NOT NULL,
  `collectingagency` varchar(100) default NULL,
  `collectingagencyid` varchar(50) default NULL,
  PRIMARY KEY  (`objid`)
) ENGINE=InnoDB DEFAULT CHARSET=latin1;

/*Data for the table `rptpayment` */

insert  into `rptpayment`(`objid`,`schemaname`,`schemaversion`,`rptledgerid`,`opener`,`mode`,`dtposted`,`receiptid`,`receiptdate`,`receiptno`,`collectorid`,`collectorname`,`collectortitle`,`capturedby`,`particulars`,`voided`,`period`,`revtype`,`fromyear`,`fromqtr`,`toyear`,`toqtr`,`basic`,`basicint`,`basicdisc`,`basicpartial`,`sef`,`sefint`,`sefdisc`,`sefpartial`,`collectingagency`,`collectingagencyid`) values ('RP-5dfc4b9f:13651f0a0de:-7fc1','rptpayment','1.0','L-5dfc4b9f:13651f0a0de:-7ff2','rptonline','ONLINE','2012-03-27 12:07:18','RCT-5dfc4b9f:13651f0a0de:-7fc4','2012-03-27','0001001','PERSNL-12f70615:1362b0b3421:-7ffa','VERGARA, JAYROME ','LRCO - I',NULL,NULL,0,'Partial 2009-2010P',NULL,2009,1,2010,4,'15.28','9.72','0.00','0.00','15.28','9.72','0.00','0.00',NULL,NULL),('RP-64adc1db:136e1effa44:-7fd0','rptpayment','1.0','L-d97c0a6:13657caaf62:-7f68','rptonline','ONLINE','2012-04-24 10:23:41','RCT-64adc1db:136e1effa44:-7fd3','2012-04-24','0001006','PERSNL-12f70615:1362b0b3421:-7ffa','VERGARA, JAYROME ','LRCO - I',NULL,NULL,0,'Full 2012',NULL,2012,1,2012,4,'4.00','0.00','0.00','0.00','4.00','0.00','0.00','0.00',NULL,NULL),('RP-a5683f2:136571474b2:-7ff0','rptpayment','1.0','L-5dfc4b9f:13651f0a0de:-7ff2','rptonline','ONLINE','2012-03-28 10:41:30','RCT-a5683f2:136571474b2:-7ff3','2012-03-28','0001002','PERSNL-12f70615:1362b0b3421:-7ffa','VERGARA, JAYROME ','LRCO - I',NULL,NULL,0,'Full 2010-2012',NULL,2010,1,2012,4,'18.14','3.16','0.84','0.00','18.14','3.16','0.84','0.00',NULL,NULL),('RP-d97c0a6:13657caaf62:-7f7d','rptpayment','1.0','L-d97c0a6:13657caaf62:-7f9d','rptonline','ONLINE','2012-03-28 14:45:27','RCT-d97c0a6:13657caaf62:-7f80','2012-03-28','0001005','PERSNL-12f70615:1362b0b3421:-7ffa','VERGARA, JAYROME ','LRCO - I',NULL,NULL,0,'Full 2011-2012',NULL,2011,1,2012,4,'6.00','0.90','0.32','0.00','6.00','0.90','0.32','0.00',NULL,NULL),('RP-d97c0a6:13657caaf62:-7f8d','rptpayment','1.0','L-d97c0a6:13657caaf62:-7fa6','rptonline','ONLINE','2012-03-28 14:45:11','RCT-d97c0a6:13657caaf62:-7f90','2012-03-28','0001004','PERSNL-12f70615:1362b0b3421:-7ffa','VERGARA, JAYROME ','LRCO - I',NULL,NULL,0,'Full 2010-2012',NULL,2010,1,2012,4,'12.00','3.36','0.40','0.00','12.00','3.36','0.40','0.00',NULL,NULL),('RP-d97c0a6:13657caaf62:-7fbd','rptpayment','1.0','L43e81b93:1364f33e257:-7ffc','rptonline','ONLINE','2012-03-28 14:11:14','RCT-d97c0a6:13657caaf62:-7fc6','2012-03-28','0001003','PERSNL-12f70615:1362b0b3421:-7ffa','VERGARA, JAYROME ','LRCO - I',NULL,NULL,0,'Full 2011-2012',NULL,2011,1,2012,4,'16.00','2.40','0.80','0.00','16.00','2.40','0.80','0.00',NULL,NULL),('RP-d97c0a6:13657caaf62:-7fc3','rptpayment','1.0','L-d97c0a6:13657caaf62:-7fdf','rptonline','ONLINE','2012-03-28 14:11:14','RCT-d97c0a6:13657caaf62:-7fc6','2012-03-28','0001003','PERSNL-12f70615:1362b0b3421:-7ffa','VERGARA, JAYROME ','LRCO - I',NULL,NULL,0,'Full 2011-2012',NULL,2011,1,2012,4,'12000.00','1800.00','600.00','0.00','12000.00','1800.00','600.00','0.00',NULL,NULL),('RP6a877cc1:1365208616f:-7ddc','rptpayment','1.0','L-5dfc4b9f:13651f0a0de:-7ff2','rptledgercapturepmt','CAPTURE','2012-03-27 11:25:02',NULL,'2008-04-01','12345',NULL,'JESSIE ZAMORA',NULL,'VERGARA, JAYROME',NULL,0,'2-4Q, 2008',NULL,2008,2,2008,4,'6.00','0.00','0.00','0.00','6.00','0.00','0.00','0.00',NULL,NULL),('RP6a877cc1:1365208616f:-7ddd','rptpayment','1.0','L-5dfc4b9f:13651f0a0de:-7ff2','rptledgercapturepmt','CAPTURE','2012-03-27 11:22:39',NULL,'2008-01-01','1234',NULL,'JESSIE ZAMORA',NULL,'VERGARA, JAYROME',NULL,0,'1Q, 2008',NULL,2008,1,2008,1,'2.00','0.00','0.00','0.00','2.00','0.00','0.00','0.00',NULL,NULL),('RP6a877cc1:1365208616f:-7de0','rptpayment','1.0','L-5dfc4b9f:13651f0a0de:-7ff2','rptledgercapturepmt','CAPTURE','2012-03-27 11:18:21',NULL,'2006-01-01','1234',NULL,'JESSIE ZAMORA',NULL,'VERGARA, JAYROME',NULL,0,'Full 2005-2007',NULL,2005,1,2007,4,'8.00','0.00','0.00','0.00','8.00','0.00','0.00','0.00',NULL,NULL);

/*Table structure for table `rptpaymentdetail` */

DROP TABLE IF EXISTS `rptpaymentdetail`;

CREATE TABLE `rptpaymentdetail` (
  `objid` varchar(50) NOT NULL,
  `receiptid` varchar(50) NOT NULL,
  `rptledgerid` varchar(50) NOT NULL,
  `year` int(11) NOT NULL,
  `qtr` int(11) NOT NULL,
  `basic` decimal(14,2) NOT NULL,
  `basicint` decimal(14,2) NOT NULL,
  `basicdisc` decimal(14,2) NOT NULL,
  `basicpartial` decimal(14,2) NOT NULL,
  `sef` decimal(14,2) NOT NULL,
  `sefint` decimal(14,2) NOT NULL,
  `sefdisc` decimal(14,2) NOT NULL,
  `sefpartial` decimal(14,2) NOT NULL,
  `revtype` varchar(15) default NULL,
  `rptledgeritemid` varchar(50) default NULL,
  PRIMARY KEY  (`objid`)
) ENGINE=InnoDB DEFAULT CHARSET=latin1;

/*Data for the table `rptpaymentdetail` */

insert  into `rptpaymentdetail`(`objid`,`receiptid`,`rptledgerid`,`year`,`qtr`,`basic`,`basicint`,`basicdisc`,`basicpartial`,`sef`,`sefint`,`sefdisc`,`sefpartial`,`revtype`,`rptledgeritemid`) values ('RPD-5dfc4b9f:13651f0a0de:-7fbf','RCT-5dfc4b9f:13651f0a0de:-7fc4','L-5dfc4b9f:13651f0a0de:-7ff2',2010,0,'7.08','3.82','0.00','0.00','7.08','3.82','0.00','0.00','previous','LI6a877cc1:1365208616f:-7de3'),('RPD-5dfc4b9f:13651f0a0de:-7fc0','RCT-5dfc4b9f:13651f0a0de:-7fc4','L-5dfc4b9f:13651f0a0de:-7ff2',2009,0,'8.20','5.90','0.00','0.00','8.20','5.90','0.00','0.00','previous','LI6a877cc1:1365208616f:-7de3'),('RPD-64adc1db:136e1effa44:-7fcc','RCT-64adc1db:136e1effa44:-7fd3','L-d97c0a6:13657caaf62:-7f68',2012,4,'1.00','0.00','0.00','0.00','1.00','0.00','0.00','0.00','current','LI-d97c0a6:13657caaf62:-7f67'),('RPD-64adc1db:136e1effa44:-7fcd','RCT-64adc1db:136e1effa44:-7fd3','L-d97c0a6:13657caaf62:-7f68',2012,3,'1.00','0.00','0.00','0.00','1.00','0.00','0.00','0.00','current','LI-d97c0a6:13657caaf62:-7f67'),('RPD-64adc1db:136e1effa44:-7fce','RCT-64adc1db:136e1effa44:-7fd3','L-d97c0a6:13657caaf62:-7f68',2012,2,'1.00','0.00','0.00','0.00','1.00','0.00','0.00','0.00','current','LI-d97c0a6:13657caaf62:-7f67'),('RPD-64adc1db:136e1effa44:-7fcf','RCT-64adc1db:136e1effa44:-7fd3','L-d97c0a6:13657caaf62:-7f68',2012,1,'1.00','0.00','0.00','0.00','1.00','0.00','0.00','0.00','current','LI-d97c0a6:13657caaf62:-7f67'),('RPD-a5683f2:136571474b2:-7fea','RCT-a5683f2:136571474b2:-7ff3','L-5dfc4b9f:13651f0a0de:-7ff2',2012,4,'2.13','0.00','0.21','0.00','2.13','0.00','0.21','0.00','current','LI-5dfc4b9f:13651f0a0de:-7ff1'),('RPD-a5683f2:136571474b2:-7feb','RCT-a5683f2:136571474b2:-7ff3','L-5dfc4b9f:13651f0a0de:-7ff2',2012,3,'2.13','0.00','0.21','0.00','2.13','0.00','0.21','0.00','current','LI-5dfc4b9f:13651f0a0de:-7ff1'),('RPD-a5683f2:136571474b2:-7fec','RCT-a5683f2:136571474b2:-7ff3','L-5dfc4b9f:13651f0a0de:-7ff2',2012,2,'2.13','0.00','0.21','0.00','2.13','0.00','0.21','0.00','current','LI-5dfc4b9f:13651f0a0de:-7ff1'),('RPD-a5683f2:136571474b2:-7fed','RCT-a5683f2:136571474b2:-7ff3','L-5dfc4b9f:13651f0a0de:-7ff2',2012,1,'2.13','0.00','0.21','0.00','2.13','0.00','0.21','0.00','current','LI-5dfc4b9f:13651f0a0de:-7ff1'),('RPD-a5683f2:136571474b2:-7fee','RCT-a5683f2:136571474b2:-7ff3','L-5dfc4b9f:13651f0a0de:-7ff2',2011,0,'8.50','2.55','0.00','0.00','8.50','2.55','0.00','0.00','previous','LI-5dfc4b9f:13651f0a0de:-7ff1'),('RPD-a5683f2:136571474b2:-7fef','RCT-a5683f2:136571474b2:-7ff3','L-5dfc4b9f:13651f0a0de:-7ff2',2010,0,'1.12','0.61','0.00','0.00','1.12','0.61','0.00','0.00','previous','LI6a877cc1:1365208616f:-7de3'),('RPD-d97c0a6:13657caaf62:-7f78','RCT-d97c0a6:13657caaf62:-7f80','L-d97c0a6:13657caaf62:-7f9d',2012,4,'0.75','0.00','0.08','0.00','0.75','0.00','0.08','0.00','current','LI-d97c0a6:13657caaf62:-7f9c'),('RPD-d97c0a6:13657caaf62:-7f79','RCT-d97c0a6:13657caaf62:-7f80','L-d97c0a6:13657caaf62:-7f9d',2012,3,'0.75','0.00','0.08','0.00','0.75','0.00','0.08','0.00','current','LI-d97c0a6:13657caaf62:-7f9c'),('RPD-d97c0a6:13657caaf62:-7f7a','RCT-d97c0a6:13657caaf62:-7f80','L-d97c0a6:13657caaf62:-7f9d',2012,2,'0.75','0.00','0.08','0.00','0.75','0.00','0.08','0.00','current','LI-d97c0a6:13657caaf62:-7f9c'),('RPD-d97c0a6:13657caaf62:-7f7b','RCT-d97c0a6:13657caaf62:-7f80','L-d97c0a6:13657caaf62:-7f9d',2012,1,'0.75','0.00','0.08','0.00','0.75','0.00','0.08','0.00','current','LI-d97c0a6:13657caaf62:-7f9c'),('RPD-d97c0a6:13657caaf62:-7f7c','RCT-d97c0a6:13657caaf62:-7f80','L-d97c0a6:13657caaf62:-7f9d',2011,0,'3.00','0.90','0.00','0.00','3.00','0.90','0.00','0.00','previous','LI-d97c0a6:13657caaf62:-7f9c'),('RPD-d97c0a6:13657caaf62:-7f87','RCT-d97c0a6:13657caaf62:-7f90','L-d97c0a6:13657caaf62:-7fa6',2012,4,'1.00','0.00','0.10','0.00','1.00','0.00','0.10','0.00','current','LI-d97c0a6:13657caaf62:-7fa5'),('RPD-d97c0a6:13657caaf62:-7f88','RCT-d97c0a6:13657caaf62:-7f90','L-d97c0a6:13657caaf62:-7fa6',2012,3,'1.00','0.00','0.10','0.00','1.00','0.00','0.10','0.00','current','LI-d97c0a6:13657caaf62:-7fa5'),('RPD-d97c0a6:13657caaf62:-7f89','RCT-d97c0a6:13657caaf62:-7f90','L-d97c0a6:13657caaf62:-7fa6',2012,2,'1.00','0.00','0.10','0.00','1.00','0.00','0.10','0.00','current','LI-d97c0a6:13657caaf62:-7fa5'),('RPD-d97c0a6:13657caaf62:-7f8a','RCT-d97c0a6:13657caaf62:-7f90','L-d97c0a6:13657caaf62:-7fa6',2012,1,'1.00','0.00','0.10','0.00','1.00','0.00','0.10','0.00','current','LI-d97c0a6:13657caaf62:-7fa5'),('RPD-d97c0a6:13657caaf62:-7f8b','RCT-d97c0a6:13657caaf62:-7f90','L-d97c0a6:13657caaf62:-7fa6',2011,0,'4.00','1.20','0.00','0.00','4.00','1.20','0.00','0.00','previous','LI-d97c0a6:13657caaf62:-7fa5'),('RPD-d97c0a6:13657caaf62:-7f8c','RCT-d97c0a6:13657caaf62:-7f90','L-d97c0a6:13657caaf62:-7fa6',2010,0,'4.00','2.16','0.00','0.00','4.00','2.16','0.00','0.00','previous','LI-d97c0a6:13657caaf62:-7fa5'),('RPD-d97c0a6:13657caaf62:-7fb8','RCT-d97c0a6:13657caaf62:-7fc6','L43e81b93:1364f33e257:-7ffc',2012,4,'2.00','0.00','0.20','0.00','2.00','0.00','0.20','0.00','current','LI43e81b93:1364f33e257:-7ffb'),('RPD-d97c0a6:13657caaf62:-7fb9','RCT-d97c0a6:13657caaf62:-7fc6','L43e81b93:1364f33e257:-7ffc',2012,3,'2.00','0.00','0.20','0.00','2.00','0.00','0.20','0.00','current','LI43e81b93:1364f33e257:-7ffb'),('RPD-d97c0a6:13657caaf62:-7fba','RCT-d97c0a6:13657caaf62:-7fc6','L43e81b93:1364f33e257:-7ffc',2012,2,'2.00','0.00','0.20','0.00','2.00','0.00','0.20','0.00','current','LI43e81b93:1364f33e257:-7ffb'),('RPD-d97c0a6:13657caaf62:-7fbb','RCT-d97c0a6:13657caaf62:-7fc6','L43e81b93:1364f33e257:-7ffc',2012,1,'2.00','0.00','0.20','0.00','2.00','0.00','0.20','0.00','current','LI43e81b93:1364f33e257:-7ffb'),('RPD-d97c0a6:13657caaf62:-7fbc','RCT-d97c0a6:13657caaf62:-7fc6','L43e81b93:1364f33e257:-7ffc',2011,0,'8.00','2.40','0.00','0.00','8.00','2.40','0.00','0.00','previous','LI43e81b93:1364f33e257:-7ffb'),('RPD-d97c0a6:13657caaf62:-7fbe','RCT-d97c0a6:13657caaf62:-7fc6','L-d97c0a6:13657caaf62:-7fdf',2012,4,'1500.00','0.00','150.00','0.00','1500.00','0.00','150.00','0.00','current','LI-d97c0a6:13657caaf62:-7fde'),('RPD-d97c0a6:13657caaf62:-7fbf','RCT-d97c0a6:13657caaf62:-7fc6','L-d97c0a6:13657caaf62:-7fdf',2012,3,'1500.00','0.00','150.00','0.00','1500.00','0.00','150.00','0.00','current','LI-d97c0a6:13657caaf62:-7fde'),('RPD-d97c0a6:13657caaf62:-7fc0','RCT-d97c0a6:13657caaf62:-7fc6','L-d97c0a6:13657caaf62:-7fdf',2012,2,'1500.00','0.00','150.00','0.00','1500.00','0.00','150.00','0.00','current','LI-d97c0a6:13657caaf62:-7fde'),('RPD-d97c0a6:13657caaf62:-7fc1','RCT-d97c0a6:13657caaf62:-7fc6','L-d97c0a6:13657caaf62:-7fdf',2012,1,'1500.00','0.00','150.00','0.00','1500.00','0.00','150.00','0.00','current','LI-d97c0a6:13657caaf62:-7fde'),('RPD-d97c0a6:13657caaf62:-7fc2','RCT-d97c0a6:13657caaf62:-7fc6','L-d97c0a6:13657caaf62:-7fdf',2011,0,'6000.00','1800.00','0.00','0.00','6000.00','1800.00','0.00','0.00','previous','LI-d97c0a6:13657caaf62:-7fde');

/*Table structure for table `rptpaymentmanual` */

DROP TABLE IF EXISTS `rptpaymentmanual`;

CREATE TABLE `rptpaymentmanual` (
  `objid` varchar(50) NOT NULL,
  `schemaname` varchar(50) NOT NULL,
  `schemaversion` varchar(5) NOT NULL,
  `receiptid` varchar(50) NOT NULL,
  `taxpayername` varchar(1000) NOT NULL,
  `taxpayeraddress` varchar(100) NOT NULL,
  `tdno` varchar(30) NOT NULL,
  `fullpin` varchar(25) default NULL,
  `cadastrallotno` varchar(100) NOT NULL,
  `barangay` varchar(50) default NULL,
  `classcode` varchar(10) default NULL,
  `rputype` varchar(15) default NULL,
  `assessedvalue` decimal(16,2) NOT NULL,
  `period` varchar(30) default NULL,
  `fromyear` int(11) NOT NULL,
  `fromqtr` int(11) NOT NULL,
  `toyear` int(11) NOT NULL,
  `toqtr` int(11) NOT NULL,
  `basic` decimal(14,2) NOT NULL,
  `basicdisc` decimal(14,2) NOT NULL,
  `basicint` decimal(14,2) NOT NULL,
  `basicprev` decimal(14,2) NOT NULL,
  `basicprevint` decimal(14,2) NOT NULL,
  `basicprior` decimal(14,2) NOT NULL,
  `basicpriorint` decimal(14,2) NOT NULL,
  `sef` decimal(14,2) NOT NULL,
  `sefdisc` decimal(14,2) NOT NULL,
  `sefint` decimal(14,2) NOT NULL,
  `sefprev` decimal(14,2) NOT NULL,
  `sefprevint` decimal(14,2) NOT NULL,
  `sefprior` decimal(14,2) NOT NULL,
  `sefpriorint` decimal(14,2) NOT NULL,
  `basicgross` decimal(16,2) NOT NULL,
  `basicnet` decimal(16,2) NOT NULL,
  `basicdp` decimal(16,2) NOT NULL,
  `sefgross` decimal(16,2) NOT NULL,
  `sefnet` decimal(16,2) NOT NULL,
  `sefdp` decimal(16,2) NOT NULL,
  `amount` decimal(16,2) NOT NULL,
  `municity` varchar(200) NOT NULL,
  `municityid` varchar(50) NOT NULL,
  `municityname` varchar(100) NOT NULL,
  PRIMARY KEY  (`objid`),
  KEY `ix_rptpaymentmanual_receiptid` (`receiptid`)
) ENGINE=InnoDB DEFAULT CHARSET=latin1;

/*Data for the table `rptpaymentmanual` */

/*Table structure for table `rptsetting` */

DROP TABLE IF EXISTS `rptsetting`;

CREATE TABLE `rptsetting` (
  `objid` varchar(50) NOT NULL,
  `schemaname` varchar(50) NOT NULL,
  `schemaversion` varchar(5) NOT NULL,
  `ry` int(11) NOT NULL,
  `ordinanceno` varchar(30) default NULL,
  `ordinancedate` varchar(20) default NULL,
  `roundadjmarketvalue` int(1) NOT NULL,
  `allowlandcancellation` int(1) NOT NULL,
  `usenewtdprintout` int(1) NOT NULL,
  `landreportbasedonactualuse` int(1) NOT NULL,
  `allowtransferwithbalance` int(1) NOT NULL,
  `allowcorrectionwithbalance` int(1) NOT NULL,
  `allowdepreciationwithbalance` int(1) NOT NULL,
  `allowchangetaxabilitywithbalance` int(1) NOT NULL,
  `allowsubdivisionwithbalance` int(1) NOT NULL,
  `allowconsolidationwithbalance` int(1) NOT NULL,
  `allowreclasswithbalance` int(1) NOT NULL,
  `approvedmvbelow` decimal(10,2) default NULL,
  `agriculturalid` varchar(50) default NULL,
  `agriculturaltitle` varchar(100) default NULL,
  `adjustplanttree` int(1) NOT NULL,
  `propertyclassifications` text,
  PRIMARY KEY  (`objid`)
) ENGINE=InnoDB DEFAULT CHARSET=latin1 ROW_FORMAT=DYNAMIC;

/*Data for the table `rptsetting` */

insert  into `rptsetting`(`objid`,`schemaname`,`schemaversion`,`ry`,`ordinanceno`,`ordinancedate`,`roundadjmarketvalue`,`allowlandcancellation`,`usenewtdprintout`,`landreportbasedonactualuse`,`allowtransferwithbalance`,`allowcorrectionwithbalance`,`allowdepreciationwithbalance`,`allowchangetaxabilitywithbalance`,`allowsubdivisionwithbalance`,`allowconsolidationwithbalance`,`allowreclasswithbalance`,`approvedmvbelow`,`agriculturalid`,`agriculturaltitle`,`adjustplanttree`,`propertyclassifications`) values ('RPTSET-62eb6464:13642754aed:-7fd2','rptsetting:rptsetting','1.0',2010,'1234','2011-06-01',1,1,1,1,0,1,1,1,1,1,1,'0.00','PC-62eb6464:13642754aed:-7ff9','AGRICULTURAL',1,'[]'),('RPTSET-62eb6464:13642754aed:-7fd3','rptsetting:rptsetting','1.0',2012,'1234','2011-06-01',1,1,1,1,0,1,1,1,1,1,1,'0.00','PC-62eb6464:13642754aed:-7ff9','AGRICULTURAL',1,'[]');

/*Table structure for table `session_history` */

DROP TABLE IF EXISTS `session_history`;

CREATE TABLE `session_history` (
  `sessionid` varchar(50) NOT NULL,
  `timein` datetime default NULL,
  `uid` varchar(50) default NULL,
  `timeout` datetime default NULL,
  `status` varchar(255) default NULL,
  PRIMARY KEY  (`sessionid`)
) ENGINE=InnoDB DEFAULT CHARSET=latin1;

/*Data for the table `session_history` */

/*Table structure for table `structures` */

DROP TABLE IF EXISTS `structures`;

CREATE TABLE `structures` (
  `objid` varchar(50) NOT NULL,
  `schemaname` varchar(50) NOT NULL,
  `schemaversion` varchar(10) NOT NULL,
  `structurecode` varchar(10) NOT NULL,
  `structuredesc` varchar(100) NOT NULL,
  `materials` text,
  `indexno` int(11) default NULL,
  PRIMARY KEY  (`objid`)
) ENGINE=InnoDB DEFAULT CHARSET=latin1 ROW_FORMAT=DYNAMIC;

/*Data for the table `structures` */

insert  into `structures`(`objid`,`schemaname`,`schemaversion`,`structurecode`,`structuredesc`,`materials`,`indexno`) values ('ST-62eb6464:13642754aed:-7fe9','structures:structures','1.0','BEM','BEAMS','[[material:[materialcode:\"RC\",objid:\"MAT-62eb6464:13642754aed:-7fea\",materialdesc:\"REINFORCED CONCRETE\"],objid:\"MAT-62eb6464:13642754aed:-7fea\",materialcode:\"RC\",materialdesc:\"REINFORCED CONCRETE\"],[material:[materialcode:\"WD\",objid:\"MAT-62eb6464:13642754aed:-7fe8\",materialdesc:\"WOOD\"],objid:\"MAT-62eb6464:13642754aed:-7fe8\",materialcode:\"WD\",materialdesc:\"WOOD\"],[material:[materialcode:\"ST\",objid:\"MAT-62eb6464:13642754aed:-7fe7\",materialdesc:\"STEEL\"],objid:\"MAT-62eb6464:13642754aed:-7fe7\",materialcode:\"ST\",materialdesc:\"STEEL\"]]',NULL),('ST33f47dbb:132fa9e0bc9:-7f9d','structures:structures','1.0','FL','FLOORING','[[material:[materialcode:\"WD\",objid:\"MAT-62eb6464:13642754aed:-7fe8\",materialdesc:\"WOOD\"],objid:\"MAT-62eb6464:13642754aed:-7fe8\",materialcode:\"WD\",materialdesc:\"WOOD\"],[material:[materialcode:\"RC\",objid:\"MAT-62eb6464:13642754aed:-7fea\",materialdesc:\"REINFORCED CONCRETE\"],objid:\"MAT-62eb6464:13642754aed:-7fea\",materialcode:\"RC\",materialdesc:\"REINFORCED CONCRETE\"]]',NULL),('ST33f47dbb:132fa9e0bc9:-7f9f','structures:structures','1.0','PT','PARTITION','[[material:[materialcode:\"A1\",objid:\"MAT-62eb6464:13642754aed:-7fec\",materialdesc:\"AMACAN\"],objid:\"MAT-62eb6464:13642754aed:-7fec\",materialcode:\"A1\",materialdesc:\"AMACAN\"],[material:[materialcode:\"A10\",objid:\"MAT-62eb6464:13642754aed:-7feb\",materialdesc:\"AMACAN & PLYWOOD\"],objid:\"MAT-62eb6464:13642754aed:-7feb\",materialcode:\"A10\",materialdesc:\"AMACAN & PLYWOOD\"],[material:[materialcode:\"RC\",objid:\"MAT-62eb6464:13642754aed:-7fea\",materialdesc:\"REINFORCED CONCRETE\"],objid:\"MAT-62eb6464:13642754aed:-7fea\",materialcode:\"RC\",materialdesc:\"REINFORCED CONCRETE\"]]',NULL),('ST33f47dbb:132fa9e0bc9:-7fa1','structures:structures','1.0','RF','ROOFING','[[material:[materialcode:\"A1\",objid:\"MAT-62eb6464:13642754aed:-7fec\",materialdesc:\"AMACAN\"],objid:\"MAT-62eb6464:13642754aed:-7fec\",materialcode:\"A1\",materialdesc:\"AMACAN\"],[material:[materialcode:\"RC\",objid:\"MAT-62eb6464:13642754aed:-7fea\",materialdesc:\"REINFORCED CONCRETE\"],objid:\"MAT-62eb6464:13642754aed:-7fea\",materialcode:\"RC\",materialdesc:\"REINFORCED CONCRETE\"],[material:[materialcode:\"ST\",objid:\"MAT-62eb6464:13642754aed:-7fe7\",materialdesc:\"STEEL\"],objid:\"MAT-62eb6464:13642754aed:-7fe7\",materialcode:\"ST\",materialdesc:\"STEEL\"]]',NULL),('ST33f47dbb:132fa9e0bc9:-7fa3','structures:structures','1.0','FO','FOUNDATION','[[material:[materialcode:\"RC\",objid:\"MAT-62eb6464:13642754aed:-7fea\",materialdesc:\"REINFORCED CONCRETE\"],objid:\"MAT-62eb6464:13642754aed:-7fea\",materialcode:\"RC\",materialdesc:\"REINFORCED CONCRETE\"],[material:[materialcode:\"WD\",objid:\"MAT-62eb6464:13642754aed:-7fe8\",materialdesc:\"WOOD\"],objid:\"MAT-62eb6464:13642754aed:-7fe8\",materialcode:\"WD\",materialdesc:\"WOOD\"]]',NULL);

/*Table structure for table `structuretemplate` */

DROP TABLE IF EXISTS `structuretemplate`;

CREATE TABLE `structuretemplate` (
  `objid` varchar(50) NOT NULL,
  `schemaname` varchar(50) NOT NULL,
  `schemaversion` varchar(10) NOT NULL,
  `templatecode` varchar(10) NOT NULL,
  `structures` text,
  PRIMARY KEY  (`objid`)
) ENGINE=InnoDB DEFAULT CHARSET=latin1 ROW_FORMAT=DYNAMIC;

/*Data for the table `structuretemplate` */

/*Table structure for table `subdivision` */

DROP TABLE IF EXISTS `subdivision`;

CREATE TABLE `subdivision` (
  `objid` varchar(50) NOT NULL,
  `schemaname` varchar(50) NOT NULL,
  `schemaversion` varchar(5) NOT NULL,
  `docstate` varchar(25) NOT NULL,
  `ry` int(11) NOT NULL,
  `txntype` varchar(5) NOT NULL,
  `autonumber` int(11) NOT NULL,
  `issuedate` date NOT NULL,
  `effectivityyear` int(11) NOT NULL,
  `effectivityqtr` int(11) NOT NULL,
  `memoranda` text NOT NULL,
  `motherfaasid` varchar(50) NOT NULL,
  `mothertdno` varchar(25) NOT NULL,
  `motherpin` varchar(25) NOT NULL,
  `motherclasscode` varchar(10) NOT NULL,
  `mothertaxpayername` varchar(500) NOT NULL,
  `mothercadastrallotno` varchar(100) NOT NULL,
  `mothersurveyno` varchar(50) default NULL,
  `mothermv` decimal(14,2) NOT NULL,
  `motherav` decimal(14,2) NOT NULL,
  `motherareasqm` decimal(16,6) NOT NULL,
  `motherareaha` decimal(16,6) NOT NULL,
  `subdivisioncount` int(11) NOT NULL,
  `affectedrpucount` int(11) NOT NULL,
  `appraisedby` varchar(50) default NULL,
  `appraisedbytitle` varchar(50) default NULL,
  `dtappraised` date default NULL,
  `recommendedby` varchar(50) default NULL,
  `recommendedbytitle` varchar(50) default NULL,
  `dtrecommended` date default NULL,
  `approvedby` varchar(50) default NULL,
  `approvedbytitle` varchar(50) default NULL,
  `dtapproved` date default NULL,
  `extended` text,
  `docno` varchar(10) default NULL,
  PRIMARY KEY  (`objid`)
) ENGINE=InnoDB DEFAULT CHARSET=latin1;

/*Data for the table `subdivision` */

insert  into `subdivision`(`objid`,`schemaname`,`schemaversion`,`docstate`,`ry`,`txntype`,`autonumber`,`issuedate`,`effectivityyear`,`effectivityqtr`,`memoranda`,`motherfaasid`,`mothertdno`,`motherpin`,`motherclasscode`,`mothertaxpayername`,`mothercadastrallotno`,`mothersurveyno`,`mothermv`,`motherav`,`motherareasqm`,`motherareaha`,`subdivisioncount`,`affectedrpucount`,`appraisedby`,`appraisedbytitle`,`dtappraised`,`recommendedby`,`recommendedbytitle`,`dtrecommended`,`approvedby`,`approvedbytitle`,`dtapproved`,`extended`,`docno`) values ('SD-261cc787:13661fb74d2:-7ff4','subdivision','1.0','DRAFT',2010,'SD',1,'2012-03-30',2012,1,'SUBDIVISION','F-a5683f2:136571474b2:-7fc7','2010-01-0001-00005','100-01-0001-001-05','AGR','FLORES, WORGIE','1234',NULL,'3000.00','1200.00','30000.000000','3.000000',2,0,NULL,NULL,'2012-03-30',NULL,NULL,'2012-03-30',NULL,NULL,'2012-03-30','[lgutype:\"city\"]','00002'),('SD-d97c0a6:13657caaf62:-7fd9','subdivision','1.0','APPROVED',2010,'SD',1,'2012-03-28',2012,1,'SUBDIVISION','F-7d229091:1364f0c65c7:-7ff7','100-001001','100-01-0001-001-01','AGR','VERGARA, JAYROME','1234',NULL,'2000.00','800.00','20000.000000','2.000000',2,0,'ELMO NAZARENO','LAOO','2012-03-28','WINDHEL PALEN','RECOMMENDING OFFICER','2012-03-28','REX ESCARIO','MUNICIPAL ASSESSOR','2012-03-28','[recommendedbyid:\"RPTO-5dfc4b9f:13651f0a0de:-7ff6\",lgutype:\"city\",appraisedbyid:\"RPTO-62eb6464:13642754aed:-7fd9\",approvedbyid:\"RPTO-62eb6464:13642754aed:-7fdb\"]','00001');

/*Table structure for table `subdivisionaffectedrpu` */

DROP TABLE IF EXISTS `subdivisionaffectedrpu`;

CREATE TABLE `subdivisionaffectedrpu` (
  `objid` varchar(50) NOT NULL,
  `subdivisionid` varchar(50) NOT NULL,
  `itemno` varchar(5) default NULL,
  `rputype` varchar(10) NOT NULL,
  `prevfaasid` varchar(50) NOT NULL,
  `prevtdno` varchar(25) NOT NULL,
  `prevfullpin` varchar(25) NOT NULL,
  `newtdno` varchar(25) default NULL,
  `subdivisionlandid` varchar(50) default NULL,
  `newpin` varchar(25) default NULL,
  `newsuffix` int(11) default NULL,
  `memoranda` text,
  `newfaasid` varchar(50) default NULL,
  PRIMARY KEY  (`objid`)
) ENGINE=InnoDB DEFAULT CHARSET=latin1;

/*Data for the table `subdivisionaffectedrpu` */

insert  into `subdivisionaffectedrpu`(`objid`,`subdivisionid`,`itemno`,`rputype`,`prevfaasid`,`prevtdno`,`prevfullpin`,`newtdno`,`subdivisionlandid`,`newpin`,`newsuffix`,`memoranda`,`newfaasid`) values ('AR-d97c0a6:13657caaf62:-7fd7','SD-d97c0a6:13657caaf62:-7fd9','1','bldg','F-5dfc4b9f:13651f0a0de:-7fb6','10-01-100000','100-01-0001-001-01-1001','10-01-4000','SL-d97c0a6:13657caaf62:-7fd6','100-01-0001-01-06',1001,'SUBDIVISION','FA-d97c0a6:13657caaf62:-7f6e');

/*Table structure for table `subdivisionland` */

DROP TABLE IF EXISTS `subdivisionland`;

CREATE TABLE `subdivisionland` (
  `objid` varchar(50) NOT NULL,
  `subdivisionid` varchar(50) NOT NULL,
  `newtdno` varchar(25) default NULL,
  `newpin` varchar(25) NOT NULL,
  `newtitletype` varchar(25) default NULL,
  `newtitleno` varchar(50) default NULL,
  `newtitledate` date default NULL,
  `areasqm` decimal(16,6) NOT NULL,
  `areaha` decimal(16,6) NOT NULL,
  `memoranda` text NOT NULL,
  `taxpayerid` varchar(50) default NULL,
  `taxpayerno` varchar(25) default NULL,
  `taxpayername` varchar(500) default NULL,
  `taxpayeraddress` varchar(100) default NULL,
  `rp` text NOT NULL,
  `rpu` text NOT NULL,
  `newfaasid` varchar(50) default NULL,
  `extended` text,
  `itemno` varchar(10) default NULL,
  PRIMARY KEY  (`objid`)
) ENGINE=InnoDB DEFAULT CHARSET=latin1;

/*Data for the table `subdivisionland` */

insert  into `subdivisionland`(`objid`,`subdivisionid`,`newtdno`,`newpin`,`newtitletype`,`newtitleno`,`newtitledate`,`areasqm`,`areaha`,`memoranda`,`taxpayerid`,`taxpayerno`,`taxpayername`,`taxpayeraddress`,`rp`,`rpu`,`newfaasid`,`extended`,`itemno`) values ('SL-d97c0a6:13657caaf62:-7fd4','SD-d97c0a6:13657caaf62:-7fd9','2010-01-0001-00008','100-01-0001-01-07','-','1234','2012-01-01','10000.000000','1.000000','SUBDIVISION','E4eb9968d:13639066586:-7ff4','00007','LAURON, ROMMEL','CEBU CITY','[attributes:[],lgutype:\"CITY\",autonumber:\"0\",pintype:\"new\",munidistrict:\"DISTRICT 1\",barangay:\"BRGY 1\",provcityindex:\"100\",barangayid:\"100-01-0001\",munidistrictindex:\"01\",barangayindex:\"0001\",provcity:\"TAGBILARAN\",cadastrallotno:\"1234\",north:\"-\",east:\"-\",south:\"-\",west:\"-\",section:\"01\",parcel:\"07\",pin:\"100-01-0001-01-07\"]','[rputype:\"land\",ry:2010,classid:\"PC-62eb6464:13642754aed:-7ff9\",classcode:\"AGR\",classname:\"AGRICULTURAL\",taxable:true,suffix:0,info:[taxable:true,totalbmv:0.0,totalmv:0.0,totalav:0.0,totalareasqm:0.0,totalareaha:0.0,useswornamount:false,idleland:false,landvalueadjustment:0.0,landdetails:[[objid:\"LD56f5576c:13657cc132b:-6abd\",basevalue:1000.00,unitvalue:1000.00,taxable:true,basemarketvalue:1000.00,marketvalue:1.00E+3,adjustment:0.0,landvalueadjustment:0.0,actualuseadjustment:0.0,assesslevel:40.00,assessedvalue:4E+2,areasqm:10000.0,areaha:1.00,landadjustments:[],adjustments:[],subclassid:\"SC-ab8144b:1364cfce92b:-78fb\",subclasscode:\"CL1\",subclassname:\"FIRST CLASS\",specificclassid:\"SC-ab8144b:1364cfce92b:-7972\",specificclasscode:\"CL\",specificclassname:\"COCO LAND\",areatype:\"HA\",actualuseid:\"PC-62eb6464:13642754aed:-7ff9\",actualusecode:\"AGR\",actualusename:\"AGRICULTURAL\",subclass:[specificclasscode:\"CL\",subclassid:\"SC-ab8144b:1364cfce92b:-78fb\",areatype:\"HA\",specificclassname:\"COCO LAND\",subclassname:\"FIRST CLASS\",subclasscode:\"CL1\",actualusecode:\"AGR\",actualusename:\"AGRICULTURAL\",basevalue:1000.00,actualuseid:\"PC-62eb6464:13642754aed:-7ff9\",specificclassid:\"SC-ab8144b:1364cfce92b:-7972\"],al:[assesslevelcode:\"AGR\",assesslevelid:\"AL5a8175e8:1364cd23a8e:-7ff9\",assesslevelname:\"AGRICULTURAL\"],assesslevelid:\"AL5a8175e8:1364cd23a8e:-7ff9\",assesslevelcode:\"AGR\",assesslevelname:\"AGRICULTURAL\",area:1.00]],landtotal:[areasqm:10000.0,areaha:1.0,basemarketvalue:1000.00,adjustment:0.0,marketvalue:1000.0,assessedvalue:400.0],planttrees:[],planttotal:[bearing:0.0,nonbearing:0.0,basemarketvalue:0.0,adjustment:0.0,marketvalue:0.0,assessedvalue:0.0],adjustments:[]],fullpin:\"100-01-0001-01-07\",totalbmv:1000.00,totalmv:1000.0,totalav:400.0,totalareasqm:10000.0,totalareaha:1.0]','F-d97c0a6:13657caaf62:-7f6d','[taxpayer:[schemaname:\"entity:entity\",entityno:\"00007\",entityaddress:\"CEBU CITY\",entityname:\"LAURON, ROMMEL\",schemaversion:\"1.0\",objid:\"E4eb9968d:13639066586:-7ff4\",entitytype:\"individual\"]]','2'),('SL-d97c0a6:13657caaf62:-7fd6','SD-d97c0a6:13657caaf62:-7fd9','2010-01-0001-00007','100-01-0001-01-06','-','1234','2012-01-01','10000.000000','1.000000','SUBDIVISION','E2a8c8a24:1363832b9dd:-7ffa','00004','ZAMORA, JESSIE','CEBU CITY','[attributes:[],lgutype:\"CITY\",autonumber:\"0\",pintype:\"new\",munidistrict:\"DISTRICT 1\",barangay:\"BRGY 1\",provcityindex:\"100\",barangayid:\"100-01-0001\",munidistrictindex:\"01\",barangayindex:\"0001\",provcity:\"TAGBILARAN\",cadastrallotno:\"1234\",north:\"-\",east:\"-\",south:\"-\",west:\"-\",section:\"01\",parcel:\"06\",pin:\"100-01-0001-01-06\"]','[rputype:\"land\",ry:2010,classid:\"PC-62eb6464:13642754aed:-7ff9\",classcode:\"AGR\",classname:\"AGRICULTURAL\",taxable:true,suffix:0,info:[taxable:true,totalbmv:0.0,totalmv:0.0,totalav:0.0,totalareasqm:0.0,totalareaha:0.0,useswornamount:false,idleland:false,landvalueadjustment:0.0,landdetails:[[objid:\"LD56f5576c:13657cc132b:-6b04\",basevalue:1000.00,unitvalue:1000.00,taxable:true,basemarketvalue:1000.00,marketvalue:1.00E+3,adjustment:0.0,landvalueadjustment:0.0,actualuseadjustment:0.0,assesslevel:40.00,assessedvalue:4E+2,areasqm:10000.0,areaha:1.00,landadjustments:[],adjustments:[],subclass:[specificclasscode:\"CL\",subclassid:\"SC-ab8144b:1364cfce92b:-78fb\",areatype:\"HA\",specificclassname:\"COCO LAND\",subclassname:\"FIRST CLASS\",subclasscode:\"CL1\",actualusecode:\"AGR\",actualusename:\"AGRICULTURAL\",basevalue:1000.00,actualuseid:\"PC-62eb6464:13642754aed:-7ff9\",specificclassid:\"SC-ab8144b:1364cfce92b:-7972\"],subclassid:\"SC-ab8144b:1364cfce92b:-78fb\",subclasscode:\"CL1\",subclassname:\"FIRST CLASS\",specificclassid:\"SC-ab8144b:1364cfce92b:-7972\",specificclasscode:\"CL\",specificclassname:\"COCO LAND\",areatype:\"HA\",actualuseid:\"PC-62eb6464:13642754aed:-7ff9\",actualusecode:\"AGR\",actualusename:\"AGRICULTURAL\",al:[assesslevelcode:\"AGR\",assesslevelid:\"AL5a8175e8:1364cd23a8e:-7ff9\",assesslevelname:\"AGRICULTURAL\"],assesslevelid:\"AL5a8175e8:1364cd23a8e:-7ff9\",assesslevelcode:\"AGR\",assesslevelname:\"AGRICULTURAL\",area:1.00]],landtotal:[areasqm:10000.0,areaha:1.0,basemarketvalue:1000.00,adjustment:0.0,marketvalue:1000.0,assessedvalue:400.0],planttrees:[],planttotal:[bearing:0.0,nonbearing:0.0,basemarketvalue:0.0,adjustment:0.0,marketvalue:0.0,assessedvalue:0.0],adjustments:[]],fullpin:\"100-01-0001-01-06\",totalbmv:1000.00,totalmv:1000.0,totalav:400.0,totalareasqm:10000.0,totalareaha:1.0]','F-d97c0a6:13657caaf62:-7f6f','[taxpayer:[schemaname:\"entity:entity\",entityno:\"00004\",entityaddress:\"CEBU CITY\",entityname:\"ZAMORA, JESSIE\",schemaversion:\"1.0\",objid:\"E2a8c8a24:1363832b9dd:-7ffa\",entitytype:\"individual\"]]','1');

/*Table structure for table `sys_inbox` */

DROP TABLE IF EXISTS `sys_inbox`;

CREATE TABLE `sys_inbox` (
  `objid` varchar(50) NOT NULL,
  `schemaname` varchar(50) NOT NULL,
  `schemaversion` varchar(5) NOT NULL,
  `fromlguindex` varchar(10) NOT NULL,
  `fromlguname` varchar(50) NOT NULL,
  `tolguindex` varchar(20) NOT NULL,
  `tolguname` varchar(50) NOT NULL,
  `dtsent` datetime NOT NULL,
  `sentby` varchar(50) NOT NULL,
  `sentbytitle` varchar(50) NOT NULL,
  `action` varchar(50) NOT NULL,
  `data` text NOT NULL,
  `message` text,
  `refid` varchar(50) NOT NULL,
  `stacktrace` text,
  PRIMARY KEY  (`objid`)
) ENGINE=InnoDB DEFAULT CHARSET=latin1;

/*Data for the table `sys_inbox` */

/*Table structure for table `sys_outbox` */

DROP TABLE IF EXISTS `sys_outbox`;

CREATE TABLE `sys_outbox` (
  `objid` varchar(50) NOT NULL,
  `schemaname` varchar(50) NOT NULL,
  `schemaversion` varchar(5) NOT NULL,
  `fromlguindex` varchar(20) NOT NULL,
  `fromlguname` varchar(50) NOT NULL,
  `tolguindex` varchar(20) NOT NULL,
  `tolguname` varchar(50) NOT NULL,
  `dtsent` datetime NOT NULL,
  `sentby` varchar(50) NOT NULL,
  `sentbytitle` varchar(50) NOT NULL,
  `action` varchar(50) NOT NULL,
  `data` text NOT NULL,
  `message` text,
  `refid` varchar(50) NOT NULL,
  `stacktrace` text,
  PRIMARY KEY  (`objid`)
) ENGINE=InnoDB DEFAULT CHARSET=latin1;

/*Data for the table `sys_outbox` */

/*Table structure for table `sys_processedinbox` */

DROP TABLE IF EXISTS `sys_processedinbox`;

CREATE TABLE `sys_processedinbox` (
  `objid` varchar(50) NOT NULL,
  `schemaname` varchar(50) NOT NULL,
  `schemaversion` varchar(5) NOT NULL,
  `fromlguindex` varchar(10) NOT NULL,
  `fromlguname` varchar(50) NOT NULL,
  `tolguindex` varchar(20) NOT NULL,
  `tolguname` varchar(50) NOT NULL,
  `dtsent` datetime NOT NULL,
  `sentby` varchar(50) NOT NULL,
  `sentbytitle` varchar(50) NOT NULL,
  `action` varchar(50) NOT NULL,
  `data` text NOT NULL,
  `message` text,
  `refid` varchar(50) NOT NULL,
  `stacktrace` text,
  PRIMARY KEY  (`objid`)
) ENGINE=InnoDB DEFAULT CHARSET=latin1;

/*Data for the table `sys_processedinbox` */

/*Table structure for table `sys_processedoutbox` */

DROP TABLE IF EXISTS `sys_processedoutbox`;

CREATE TABLE `sys_processedoutbox` (
  `objid` varchar(50) NOT NULL,
  `schemaname` varchar(50) NOT NULL,
  `schemaversion` varchar(5) NOT NULL,
  `fromlguindex` varchar(20) NOT NULL,
  `fromlguname` varchar(50) NOT NULL,
  `tolguindex` varchar(20) NOT NULL,
  `tolguname` varchar(50) NOT NULL,
  `dtsent` datetime NOT NULL,
  `sentby` varchar(50) NOT NULL,
  `sentbytitle` varchar(50) NOT NULL,
  `action` varchar(50) NOT NULL,
  `data` text NOT NULL,
  `message` text,
  `refid` varchar(50) NOT NULL,
  `stacktrace` text,
  PRIMARY KEY  (`objid`)
) ENGINE=InnoDB DEFAULT CHARSET=latin1;

/*Data for the table `sys_processedoutbox` */

/*Table structure for table `terminal` */

DROP TABLE IF EXISTS `terminal`;

CREATE TABLE `terminal` (
  `terminalid` varchar(50) NOT NULL,
  `macaddress` varchar(50) default NULL,
  `dtregistered` datetime default NULL,
  `registeredby` varchar(50) default NULL,
  `info` text,
  `state` int(11) default NULL,
  PRIMARY KEY  (`terminalid`),
  UNIQUE KEY `macaddress_unique` (`macaddress`)
) ENGINE=InnoDB DEFAULT CHARSET=latin1;

/*Data for the table `terminal` */

insert  into `terminal`(`terminalid`,`macaddress`,`dtregistered`,`registeredby`,`info`,`state`) values ('8L0HPQHUJX','08-00-27-00-C0-8E','2012-04-01 22:48:14','JAY',NULL,0),('D3P37FP7EW','E0-2A-82-46-62-A7','2012-04-02 10:30:06','JAY',NULL,0),('E7771HJ8C3','00-00-00-00-00-00','2012-04-23 22:29:38','JAY',NULL,0),('FM5XKLFK2U',NULL,NULL,NULL,NULL,0),('PR428NYYD7',NULL,NULL,NULL,NULL,0),('TQPUN9WAM4',NULL,NULL,NULL,NULL,0),('VHHM0YX8WL',NULL,NULL,NULL,NULL,0),('VM8DVLREVY',NULL,NULL,NULL,NULL,0);

/*Table structure for table `test` */

DROP TABLE IF EXISTS `test`;

CREATE TABLE `test` (
  `objid` varchar(10) NOT NULL,
  `val1` varchar(10) NOT NULL,
  `val2` varchar(10) NOT NULL,
  PRIMARY KEY  (`objid`)
) ENGINE=InnoDB DEFAULT CHARSET=latin1;

/*Data for the table `test` */

/*Table structure for table `timezone` */

DROP TABLE IF EXISTS `timezone`;

CREATE TABLE `timezone` (
  `timezone` varchar(50) NOT NULL default '',
  `country` varchar(5) default NULL,
  PRIMARY KEY  (`timezone`)
) ENGINE=MyISAM DEFAULT CHARSET=latin1;

/*Data for the table `timezone` */

/*Table structure for table `truecopy` */

DROP TABLE IF EXISTS `truecopy`;

CREATE TABLE `truecopy` (
  `objid` varchar(50) NOT NULL,
  `schemaname` varchar(50) NOT NULL,
  `schemaversion` varchar(10) NOT NULL,
  `txnno` varchar(50) default NULL,
  `issuedate` varchar(20) NOT NULL,
  `requestedby` varchar(100) NOT NULL,
  `requestedbyaddress` varchar(150) NOT NULL,
  `orno` varchar(50) NOT NULL,
  `ordate` varchar(50) NOT NULL,
  `oramount` decimal(10,2) NOT NULL,
  `purpose` varchar(500) NOT NULL,
  `issuedby` varchar(100) default NULL,
  `issuedtitle` varchar(50) default NULL,
  `certifiedby` varchar(100) NOT NULL,
  `certifiedbytitle` varchar(50) NOT NULL,
  `authority` varchar(100) NOT NULL,
  `faasid` varchar(50) NOT NULL,
  `tdno` varchar(50) NOT NULL,
  `faasinfo` text NOT NULL,
  PRIMARY KEY  (`objid`)
) ENGINE=InnoDB DEFAULT CHARSET=latin1 ROW_FORMAT=DYNAMIC;

/*Data for the table `truecopy` */

insert  into `truecopy`(`objid`,`schemaname`,`schemaversion`,`txnno`,`issuedate`,`requestedby`,`requestedbyaddress`,`orno`,`ordate`,`oramount`,`purpose`,`issuedby`,`issuedtitle`,`certifiedby`,`certifiedbytitle`,`authority`,`faasid`,`tdno`,`faasinfo`) values ('TC-3bcd7395:136585a9dee:-7ffc','truecopy:truecopy','1.0','1','2012-03-28','OBERES, MIKE','CEBU CITY','1234','2011-03-01','10.00','FOR ANY LEGAL PURPOSE IT MAY SERVE.',NULL,NULL,'JESSIE ZAMORA','CITY ASSESSOR','-','F-a5683f2:136571474b2:-7fc7','2010-01-0001-00005','[issuedate:null,effectivityyear:2011,effectivityqtr:1,taxpayername:\"FLORES, WORGIE\",taxpayeraddress:\"CEBU CITY\",pin:\"100-01-0001-001-05\",classcode:\"AGR\",cadastrallotno:\"1234\",barangay:\"BRGY 1\",mv:3000.00,surveyno:null,av:1200.00]');

/*Table structure for table `txninfo` */

DROP TABLE IF EXISTS `txninfo`;

CREATE TABLE `txninfo` (
  `objid` varchar(50) NOT NULL,
  `lastupdate` timestamp NOT NULL default CURRENT_TIMESTAMP on update CURRENT_TIMESTAMP,
  `lastupdateby` varchar(50) default NULL,
  PRIMARY KEY  (`objid`)
) ENGINE=InnoDB DEFAULT CHARSET=latin1;

/*Data for the table `txninfo` */

/*Table structure for table `txnlog` */

DROP TABLE IF EXISTS `txnlog`;

CREATE TABLE `txnlog` (
  `objid` varchar(50) NOT NULL,
  `schemaname` varchar(50) NOT NULL,
  `versionno` varchar(5) NOT NULL,
  `ref` varchar(100) NOT NULL,
  `refid` varchar(500) NOT NULL,
  `txndate` datetime NOT NULL,
  `action` varchar(50) NOT NULL,
  `userid` varchar(50) NOT NULL,
  `remarks` varchar(500) default NULL,
  `diff` text,
  PRIMARY KEY  (`objid`),
  KEY `ix_txnlog_refid` (`refid`)
) ENGINE=InnoDB DEFAULT CHARSET=latin1;

/*Data for the table `txnlog` */

insert  into `txnlog`(`objid`,`schemaname`,`versionno`,`ref`,`refid`,`txndate`,`action`,`userid`,`remarks`,`diff`) values ('L-12f70615:1362b0b3421:-7fe4','log:log','1.0','Rule','R-12f70615:1362b0b3421:-7fe6','2012-03-19 21:51:17','DEPLOY','PERSNL-12f70615:1362b0b3421:-7ffa',NULL,NULL),('L-12f70615:1362b0b3421:-7fe5','log:log','1.0','Rule','R-12f70615:1362b0b3421:-7fe6','2012-03-19 21:51:12','CREATE','PERSNL-12f70615:1362b0b3421:-7ffa',NULL,NULL),('L-12f70615:1362b0b3421:-7fe7','log:log','1.0','Variable','V-12f70615:1362b0b3421:-7fe8','2012-03-19 21:50:03','CREATE','PERSNL-12f70615:1362b0b3421:-7ffa',NULL,NULL),('L-12f70615:1362b0b3421:-7fea','log:log','1.0','Lob','L-12f70615:1362b0b3421:-7feb','2012-03-19 21:47:21','CREATE','PERSNL-12f70615:1362b0b3421:-7ffa',NULL,NULL),('L-12f70615:1362b0b3421:-7fec','log:log','1.0','Entity','E-12f70615:1362b0b3421:-7fed','2012-03-19 21:45:39','CREATE','PERSNL-12f70615:1362b0b3421:-7ffa',NULL,NULL),('L-12f70615:1362b0b3421:-7fef','log:log','1.0','MISC','RCT-12f70615:1362b0b3421:-7ff2','2012-03-19 21:27:43','CREATE','PERSNL-12f70615:1362b0b3421:-7ffa',NULL,NULL),('L-12f70615:1362b0b3421:-7ffb','log:log','1.0','LGU','100','2012-03-19 21:17:43','CREATE','SYSTASK',NULL,NULL),('L-18094b30:136a9665945:-7fe3','log:log','1.0','CRAAF','IRAF-18094b30:136a9665945:-7ff0','2012-04-13 10:24:52','GENERATE','PERSNL-77eb9ad:1362de475cb:-7ffa',NULL,NULL),('L-18094b30:136a9665945:-7fe8','log:log','1.0','CRAAF','IRAF-18094b30:136a9665945:-7feb','2012-04-13 10:24:48','GENERATE','PERSNL-77eb9ad:1362de475cb:-7ffa',NULL,NULL),('L-18094b30:136a9665945:-7fed','log:log','1.0','RIV','R-18094b30:136a9665945:-7fef','2012-04-13 10:24:05','APPROVE','PERSNL-77eb9ad:1362de475cb:-7ffa',NULL,NULL),('L-18094b30:136a9665945:-7fee','log:log','1.0','RIV','R-18094b30:136a9665945:-7fef','2012-04-13 10:24:03','CREATE','PERSNL-77eb9ad:1362de475cb:-7ffa',NULL,NULL),('L-18094b30:136a9665945:-7ff2','log:log','1.0','RIV','R-18094b30:136a9665945:-7ff4','2012-04-13 10:23:11','APPROVE','PERSNL-12f70615:1362b0b3421:-7ffa',NULL,NULL),('L-18094b30:136a9665945:-7ff3','log:log','1.0','RIV','R-18094b30:136a9665945:-7ff4','2012-04-13 10:23:09','CREATE','PERSNL-12f70615:1362b0b3421:-7ffa',NULL,NULL),('L-18094b30:136a9665945:-7ff5','log:log','1.0','CollectionType','C-18094b30:136a9665945:-7ff6','2012-04-13 10:22:51','CREATE','PERSNL-12f70615:1362b0b3421:-7ffa',NULL,NULL),('L-180db72b:136df9875d1:-7ff9','log:log','1.0','Entity','E-180db72b:136df9875d1:-7ffa','2012-04-23 22:30:37','CREATE','PERSNL-77eb9ad:1362de475cb:-7fb1',NULL,NULL),('L-1aba4021:136aa0fa9a0:-7fee','log:log','1.0','Entity','E-1aba4021:136aa0fa9a0:-7fef','2012-04-13 13:58:15','CREATE','PERSNL-12f70615:1362b0b3421:-7ffa',NULL,NULL),('L-1aba4021:136aa0fa9a0:-7ff5','log:log','1.0','CTCI','RCT-1aba4021:136aa0fa9a0:-7ff8','2012-04-13 13:25:42','CREATE','PERSNL-12f70615:1362b0b3421:-7ffa',NULL,NULL),('L-1aba4021:136aa0fa9a0:-7ff9','log:log','1.0','Entity','E6a69f048:1367103ed2e:-7ffa','2012-04-13 13:25:41','UPDATE','PERSNL-12f70615:1362b0b3421:-7ffa',NULL,'[\"info.height\":[newValue:\"5\'\",action:\"update\"],\"info.birthplace\":[newValue:\"CEBU CITY\",action:\"update\"],\"info.profession\":[newValue:\"ENGINEER\",action:\"update\"],\"info.gender\":[newValue:\"MALE\",action:\"update\"],\"info.citizenship\":[newValue:\"FILIPINO\",action:\"update\"],\"info.weight\":[newValue:\"40 KG\",action:\"update\"],\"info.tin\":[newValue:\"111\",action:\"update\"],\"info.civilstatus\":[newValue:\"SINGLE\",action:\"update\"],\"info.birthdate\":[newValue:\"1988-01-01\",action:\"update\"]]'),('L-25ee0f35:1369fdea3d2:-7ff5','log:log','1.0','RIV','R-25ee0f35:1369fdea3d2:-7ff7','2012-04-11 13:45:13','APPROVE','PERSNL-77eb9ad:1362de475cb:-7f2e',NULL,NULL),('L-25ee0f35:1369fdea3d2:-7ff6','log:log','1.0','RIV','R-25ee0f35:1369fdea3d2:-7ff7','2012-04-11 13:45:11','CREATE','PERSNL-77eb9ad:1362de475cb:-7f2e',NULL,NULL),('L-261cc787:13661fb74d2:-7ff3','log:log','1.0','Subdivision','SD-261cc787:13661fb74d2:-7ff4','2012-03-30 13:56:46','CREATE','PERSNL-77eb9ad:1362de475cb:-7f2e',NULL,NULL),('L-333079d1:136a5c04167:-7ff6','log:log','1.0','CTCI','RCT-333079d1:136a5c04167:-7ff9','2012-04-12 16:54:10','CREATE','PERSNL-12f70615:1362b0b3421:-7ffa',NULL,NULL),('L-333079d1:136a5c04167:-7ffa','log:log','1.0','Entity','E-12f70615:1362b0b3421:-7fed','2012-04-12 16:54:10','UPDATE','PERSNL-12f70615:1362b0b3421:-7ffa',NULL,'[:]'),('L-36c61497:13630aaa8cd:-7ff7','log:log','1.0','Rule','R-36c61497:13630aaa8cd:-7ff9','2012-03-20 23:16:06','DEPLOY','PERSNL-77eb9ad:1362de475cb:-7fb1',NULL,NULL),('L-36c61497:13630aaa8cd:-7ff8','log:log','1.0','Rule','R-36c61497:13630aaa8cd:-7ff9','2012-03-20 23:16:03','CREATE','PERSNL-77eb9ad:1362de475cb:-7fb1',NULL,NULL),('L-3bcd7395:136585a9dee:-7fbe','log:log','1.0','Deposit','D-3bcd7395:136585a9dee:-7fc2','2012-03-28 17:06:03','CLOSE','PERSNL-77eb9ad:1362de475cb:-7fe7',NULL,NULL),('L-3bcd7395:136585a9dee:-7fc1','log:log','1.0','Deposit','D-3bcd7395:136585a9dee:-7fc2','2012-03-28 17:04:42','CREATE','PERSNL-77eb9ad:1362de475cb:-7fe7',NULL,NULL),('L-3bcd7395:136585a9dee:-7fcb','log:log','1.0','CRAAF','REM-3bcd7395:136585a9dee:-7fcd','2012-03-28 16:51:40','UPDATE','PERSNL-12f70615:1362b0b3421:-7ffa',NULL,NULL),('L-3bcd7395:136585a9dee:-7fdf','log:log','1.0','CancelAnnotation','CA-3bcd7395:136585a9dee:-7fe4','2012-03-28 16:47:39','APPROVE','PERSNL-77eb9ad:1362de475cb:-7f2e',NULL,NULL),('L-3bcd7395:136585a9dee:-7fe0','log:log','1.0','CancelAnnotation','CA-3bcd7395:136585a9dee:-7fe4','2012-03-28 16:47:38','UPDATE','PERSNL-77eb9ad:1362de475cb:-7f2e','','[dtsubmitted:[newValue:\"2012-03-28\",action:\"update\",oldValue:\"2012-03-28\"]]'),('L-3bcd7395:136585a9dee:-7fe1','log:log','1.0','CancelAnnotation','CA-3bcd7395:136585a9dee:-7fe4','2012-03-28 16:47:37','SUBMIT','PERSNL-77eb9ad:1362de475cb:-7f2e',NULL,NULL),('L-3bcd7395:136585a9dee:-7fe2','log:log','1.0','CancelAnnotation','CA-3bcd7395:136585a9dee:-7fe4','2012-03-28 16:47:37','UPDATE','PERSNL-77eb9ad:1362de475cb:-7f2e','','[:]'),('L-3bcd7395:136585a9dee:-7fe3','log:log','1.0','CancelAnnotation','CA-3bcd7395:136585a9dee:-7fe4','2012-03-28 16:47:34','CREATE','PERSNL-77eb9ad:1362de475cb:-7f2e',NULL,NULL),('L-3bcd7395:136585a9dee:-7feb','log:log','1.0','Annotation','A-3bcd7395:136585a9dee:-7ff0','2012-03-28 16:41:35','APPROVE','PERSNL-77eb9ad:1362de475cb:-7f2e',NULL,NULL),('L-3bcd7395:136585a9dee:-7fec','log:log','1.0','Annotation','A-3bcd7395:136585a9dee:-7ff0','2012-03-28 16:41:35','UPDATE','PERSNL-77eb9ad:1362de475cb:-7f2e','','[dtsubmitted:[newValue:\"2012-03-28\",action:\"update\",oldValue:\"2012-03-28\"]]'),('L-3bcd7395:136585a9dee:-7fed','log:log','1.0','Annotation','A-3bcd7395:136585a9dee:-7ff0','2012-03-28 16:41:33','SUBMIT','PERSNL-77eb9ad:1362de475cb:-7f2e',NULL,NULL),('L-3bcd7395:136585a9dee:-7fee','log:log','1.0','Annotation','A-3bcd7395:136585a9dee:-7ff0','2012-03-28 16:41:33','UPDATE','PERSNL-77eb9ad:1362de475cb:-7f2e','','[:]'),('L-3bcd7395:136585a9dee:-7fef','log:log','1.0','Annotation','A-3bcd7395:136585a9dee:-7ff0','2012-03-28 16:41:30','CREATE','PERSNL-77eb9ad:1362de475cb:-7f2e',NULL,NULL),('L-3bcd7395:136585a9dee:-7ff1','log:log','1.0','Annotation','A-3bcd7395:136585a9dee:-7ff6','2012-03-28 16:36:58','APPROVE','PERSNL-77eb9ad:1362de475cb:-7f2e',NULL,NULL),('L-3bcd7395:136585a9dee:-7ff2','log:log','1.0','Annotation','A-3bcd7395:136585a9dee:-7ff6','2012-03-28 16:36:58','UPDATE','PERSNL-77eb9ad:1362de475cb:-7f2e','','[dtsubmitted:[newValue:\"2012-03-28\",action:\"update\",oldValue:\"2012-03-28\"]]'),('L-3bcd7395:136585a9dee:-7ff3','log:log','1.0','Annotation','A-3bcd7395:136585a9dee:-7ff6','2012-03-28 16:36:55','SUBMIT','PERSNL-77eb9ad:1362de475cb:-7f2e',NULL,NULL),('L-3bcd7395:136585a9dee:-7ff4','log:log','1.0','Annotation','A-3bcd7395:136585a9dee:-7ff6','2012-03-28 16:36:55','UPDATE','PERSNL-77eb9ad:1362de475cb:-7f2e','','[:]'),('L-3bcd7395:136585a9dee:-7ff5','log:log','1.0','Annotation','A-3bcd7395:136585a9dee:-7ff6','2012-03-28 16:36:46','CREATE','PERSNL-77eb9ad:1362de475cb:-7f2e',NULL,NULL),('L-3c544d8e:136bdf9ac02:-7fcc','log:log','1.0','Rule','R-3c544d8e:136bdf9ac02:-7fdf','2012-04-17 14:59:24','DEPLOY','PERSNL-12f70615:1362b0b3421:-7ffa',NULL,NULL),('L-3c544d8e:136bdf9ac02:-7fcd','log:log','1.0','Rule','R-3c544d8e:136bdf9ac02:-7fdf','2012-04-17 14:59:23','UNDEPLOY','PERSNL-12f70615:1362b0b3421:-7ffa',NULL,NULL),('L-3c544d8e:136bdf9ac02:-7fce','log:log','1.0','Rule','R-3c544d8e:136bdf9ac02:-7fd6','2012-04-17 14:59:19','DEPLOY','PERSNL-12f70615:1362b0b3421:-7ffa',NULL,NULL),('L-3c544d8e:136bdf9ac02:-7fcf','log:log','1.0','Rule','R-3c544d8e:136bdf9ac02:-7fd6','2012-04-17 14:59:18','UNDEPLOY','PERSNL-12f70615:1362b0b3421:-7ffa',NULL,NULL),('L-3c544d8e:136bdf9ac02:-7fd0','log:log','1.0','Rule','R-3c544d8e:136bdf9ac02:-7fd6','2012-04-17 14:56:05','DEPLOY','PERSNL-12f70615:1362b0b3421:-7ffa',NULL,NULL),('L-3c544d8e:136bdf9ac02:-7fd1','log:log','1.0','Rule','R-3c544d8e:136bdf9ac02:-7fd6','2012-04-17 14:56:04','UNDEPLOY','PERSNL-12f70615:1362b0b3421:-7ffa',NULL,NULL),('L-3c544d8e:136bdf9ac02:-7fd2','log:log','1.0','Rule','R-3c544d8e:136bdf9ac02:-7fd6','2012-04-17 14:45:55','DEPLOY','PERSNL-12f70615:1362b0b3421:-7ffa',NULL,NULL),('L-3c544d8e:136bdf9ac02:-7fd3','log:log','1.0','Rule','R-3c544d8e:136bdf9ac02:-7fd6','2012-04-17 14:45:54','UNDEPLOY','PERSNL-12f70615:1362b0b3421:-7ffa',NULL,NULL),('L-3c544d8e:136bdf9ac02:-7fd4','log:log','1.0','Rule','R-3c544d8e:136bdf9ac02:-7fd6','2012-04-17 14:44:48','DEPLOY','PERSNL-12f70615:1362b0b3421:-7ffa',NULL,NULL),('L-3c544d8e:136bdf9ac02:-7fd5','log:log','1.0','Rule','R-3c544d8e:136bdf9ac02:-7fd6','2012-04-17 14:44:46','CREATE','PERSNL-12f70615:1362b0b3421:-7ffa',NULL,NULL),('L-3c544d8e:136bdf9ac02:-7fd7','log:log','1.0','Rule','R-3c544d8e:136bdf9ac02:-7fdf','2012-04-17 13:56:14','DEPLOY','PERSNL-12f70615:1362b0b3421:-7ffa',NULL,NULL),('L-3c544d8e:136bdf9ac02:-7fd8','log:log','1.0','Rule','R-3c544d8e:136bdf9ac02:-7fdf','2012-04-17 13:56:13','UNDEPLOY','PERSNL-12f70615:1362b0b3421:-7ffa',NULL,NULL),('L-3c544d8e:136bdf9ac02:-7fd9','log:log','1.0','Rule','R-3c544d8e:136bdf9ac02:-7fdf','2012-04-17 13:54:54','DEPLOY','PERSNL-12f70615:1362b0b3421:-7ffa',NULL,NULL),('L-3c544d8e:136bdf9ac02:-7fda','log:log','1.0','Rule','R-3c544d8e:136bdf9ac02:-7fdf','2012-04-17 13:54:53','UPDATE','PERSNL-12f70615:1362b0b3421:-7ffa',NULL,NULL),('L-3c544d8e:136bdf9ac02:-7fdb','log:log','1.0','IncomeAcct','IA-3c544d8e:136bdf9ac02:-7fdd','2012-04-17 13:54:17','APPROVE','PERSNL-12f70615:1362b0b3421:-7ffa',NULL,NULL),('L-3c544d8e:136bdf9ac02:-7fdc','log:log','1.0','IncomeAcct','IA-3c544d8e:136bdf9ac02:-7fdd','2012-04-17 13:54:16','CREATE','PERSNL-12f70615:1362b0b3421:-7ffa',NULL,NULL),('L-3c544d8e:136bdf9ac02:-7fde','log:log','1.0','Rule','R-3c544d8e:136bdf9ac02:-7fdf','2012-04-17 13:53:49','CREATE','PERSNL-12f70615:1362b0b3421:-7ffa',NULL,NULL),('L-3c544d8e:136bdf9ac02:-7fe0','log:log','1.0','Rule','R36e9f07f:136bb589329:-7ff9','2012-04-17 13:53:17','UNDEPLOY','PERSNL-12f70615:1362b0b3421:-7ffa',NULL,NULL),('L-3c544d8e:136bdf9ac02:-7fe2','log:log','1.0','Rule','R36e9f07f:136bb589329:-7ff9','2012-04-17 13:20:06','DEPLOY','PERSNL-12f70615:1362b0b3421:-7ffa',NULL,NULL),('L-3c544d8e:136bdf9ac02:-7fee','log:log','1.0','Rule','R36e9f07f:136bb589329:-7ff9','2012-04-17 11:29:23','UPDATE','PERSNL-12f70615:1362b0b3421:-7ffa',NULL,NULL),('L-4b392abc:136dfb8138f:-7ff5','log:log','1.0','Rule','R701a3287:136bf2306f1:-7ff8','2012-04-23 23:09:56','DEPLOY','PERSNL-77eb9ad:1362de475cb:-7fb1',NULL,NULL),('L-4b392abc:136dfb8138f:-7ff6','log:log','1.0','Rule','R701a3287:136bf2306f1:-7ff8','2012-04-23 23:05:48','UNDEPLOY','PERSNL-77eb9ad:1362de475cb:-7fb1',NULL,NULL),('L-4b392abc:136dfb8138f:-7ff7','log:log','1.0','Rule','R3600cbb4:136a52373df:-7ffb','2012-04-23 23:05:40','DEPLOY','PERSNL-77eb9ad:1362de475cb:-7fb1',NULL,NULL),('L-4b392abc:136dfb8138f:-7ff8','log:log','1.0','Rule','R3600cbb4:136a52373df:-7ffb','2012-04-23 23:05:38','UPDATE','PERSNL-77eb9ad:1362de475cb:-7fb1',NULL,NULL),('L-4b392abc:136dfb8138f:-7ff9','log:log','1.0','Rule','R3600cbb4:136a52373df:-7ffb','2012-04-23 23:05:35','UNDEPLOY','PERSNL-77eb9ad:1362de475cb:-7fb1',NULL,NULL),('L-4b392abc:136dfb8138f:-7ffa','log:log','1.0','Rule','R-67039395:136b9d6e2fe:-7ff1','2012-04-23 23:05:28','DEPLOY','PERSNL-77eb9ad:1362de475cb:-7fb1',NULL,NULL),('L-4b392abc:136dfb8138f:-7ffb','log:log','1.0','Rule','R-67039395:136b9d6e2fe:-7ff1','2012-04-23 23:05:27','UPDATE','PERSNL-77eb9ad:1362de475cb:-7fb1',NULL,NULL),('L-4b392abc:136dfb8138f:-7ffc','log:log','1.0','Rule','R-67039395:136b9d6e2fe:-7ff1','2012-04-23 23:05:24','UNDEPLOY','PERSNL-77eb9ad:1362de475cb:-7fb1',NULL,NULL),('L-4f24d0e:1369ffb1109:-7ff7','log:log','1.0','RIV','R-4f24d0e:1369ffb1109:-7ff9','2012-04-11 14:11:34','APPROVE','PERSNL-77eb9ad:1362de475cb:-7f2e',NULL,NULL),('L-4f24d0e:1369ffb1109:-7ff8','log:log','1.0','RIV','R-4f24d0e:1369ffb1109:-7ff9','2012-04-11 14:11:29','CREATE','PERSNL-77eb9ad:1362de475cb:-7f2e',NULL,NULL),('L-4fbbdd06:136aab87818:-7ff0','log:log','1.0','CTCC','RCT-4fbbdd06:136aab87818:-7ff3','2012-04-13 16:51:24','CREATE','PERSNL-12f70615:1362b0b3421:-7ffa',NULL,NULL),('L-4fbbdd06:136aab87818:-7ff4','log:log','1.0','Entity','E-4fbbdd06:136aab87818:-7ff5','2012-04-13 16:51:24','CREATE','PERSNL-12f70615:1362b0b3421:-7ffa',NULL,NULL),('L-4fbbdd06:136aab87818:-7ff7','log:log','1.0','CTCI','RCT-4fbbdd06:136aab87818:-7ffa','2012-04-13 16:08:35','CREATE','PERSNL-12f70615:1362b0b3421:-7ffa',NULL,NULL),('L-4fbbdd06:136aab87818:-7ffb','log:log','1.0','Entity','E-4fbbdd06:136aab87818:-7ffc','2012-04-13 16:08:35','CREATE','PERSNL-12f70615:1362b0b3421:-7ffa',NULL,NULL),('L-534b1bda:136764ca815:-7fcb','log:log','1.0','Entity','E-534b1bda:136764ca815:-7fcc','2012-04-03 14:24:50','CREATE','PERSNL-12f70615:1362b0b3421:-7ffa',NULL,NULL),('L-5b932d89:1363d121758:-7ff2','log:log','1.0','BPApplication','BP-5b932d89:1363d121758:-7ffc','2012-03-23 09:05:31','APPROVE','PERSNL2a8c8a24:1363832b9dd:-7fc3','RENEW',NULL),('L-5ca1f272:136aa8ef9cc:-7fda','log:log','1.0','CRAAF','REM-5ca1f272:136aa8ef9cc:-7fdd','2012-04-13 15:52:32','UPDATE','PERSNL-12f70615:1362b0b3421:-7ffa',NULL,NULL),('L-5ca1f272:136aa8ef9cc:-7ff2','log:log','1.0','CTCC','RCT-5ca1f272:136aa8ef9cc:-7ff5','2012-04-13 15:50:45','CREATE','PERSNL-12f70615:1362b0b3421:-7ffa',NULL,NULL),('L-5ca1f272:136aa8ef9cc:-7ff6','log:log','1.0','Entity','E-5ca1f272:136aa8ef9cc:-7ff7','2012-04-13 15:50:45','CREATE','PERSNL-12f70615:1362b0b3421:-7ffa',NULL,NULL),('L-5dfc4b9f:13651f0a0de:-7fb0','log:log','1.0','Faas','F-5dfc4b9f:13651f0a0de:-7fb6','2012-03-27 14:40:39','CREATE','PERSNL-77eb9ad:1362de475cb:-7f2e',NULL,NULL),('L-5dfc4b9f:13651f0a0de:-7fb7','log:log','1.0','Structure','ST33f47dbb:132fa9e0bc9:-7fa1','2012-03-27 14:33:40','UPDATE','PERSNL-77eb9ad:1362de475cb:-7f2e',NULL,'[\"materials[2]\":[value:[material:[materialcode:\"ST\",objid:\"MAT-62eb6464:13642754aed:-7fe7\",materialdesc:\"STEEL\"],objid:\"MAT-62eb6464:13642754aed:-7fe7\",materialcode:\"ST\",materialdesc:\"STEEL\"],action:\"add\",pos:2,name:\"materials\"],\"materials[0]\":[value:[material:[materialcode:\"A1\",objid:\"MAT-62eb6464:13642754aed:-7fec\",materialdesc:\"AMACAN\"],objid:\"MAT-62eb6464:13642754aed:-7fec\",materialcode:\"A1\",materialdesc:\"AMACAN\"],action:\"add\",pos:0,name:\"materials\"],\"materials[1]\":[value:[material:[materialcode:\"RC\",objid:\"MAT-62eb6464:13642754aed:-7fea\",materialdesc:\"REINFORCED CONCRETE\"],objid:\"MAT-62eb6464:13642754aed:-7fea\",materialcode:\"RC\",materialdesc:\"REINFORCED CONCRETE\"],action:\"add\",pos:1,name:\"materials\"],sys_lastupdate:[newValue:1332830020000,action:\"update\"],sys_lastupdateby:[newValue:\"PERSNL-77eb9ad:1362de475cb:-7f2e\",action:\"update\"]]'),('L-5dfc4b9f:13651f0a0de:-7fb8','log:log','1.0','Structure','ST33f47dbb:132fa9e0bc9:-7f9f','2012-03-27 14:33:29','UPDATE','PERSNL-77eb9ad:1362de475cb:-7f2e',NULL,'[\"materials[2]\":[value:[material:[materialcode:\"RC\",objid:\"MAT-62eb6464:13642754aed:-7fea\",materialdesc:\"REINFORCED CONCRETE\"],objid:\"MAT-62eb6464:13642754aed:-7fea\",materialcode:\"RC\",materialdesc:\"REINFORCED CONCRETE\"],action:\"add\",pos:2,name:\"materials\"],\"materials[0]\":[value:[material:[materialcode:\"A1\",objid:\"MAT-62eb6464:13642754aed:-7fec\",materialdesc:\"AMACAN\"],objid:\"MAT-62eb6464:13642754aed:-7fec\",materialcode:\"A1\",materialdesc:\"AMACAN\"],action:\"add\",pos:0,name:\"materials\"],\"materials[1]\":[value:[material:[materialcode:\"A10\",objid:\"MAT-62eb6464:13642754aed:-7feb\",materialdesc:\"AMACAN & PLYWOOD\"],objid:\"MAT-62eb6464:13642754aed:-7feb\",materialcode:\"A10\",materialdesc:\"AMACAN & PLYWOOD\"],action:\"add\",pos:1,name:\"materials\"],sys_lastupdate:[newValue:1332830009000,action:\"update\"],sys_lastupdateby:[newValue:\"PERSNL-77eb9ad:1362de475cb:-7f2e\",action:\"update\"]]'),('L-5dfc4b9f:13651f0a0de:-7fb9','log:log','1.0','Structure','ST33f47dbb:132fa9e0bc9:-7fa3','2012-03-27 14:33:17','UPDATE','PERSNL-77eb9ad:1362de475cb:-7f2e',NULL,'[\"materials[0]\":[value:[material:[materialcode:\"RC\",objid:\"MAT-62eb6464:13642754aed:-7fea\",materialdesc:\"REINFORCED CONCRETE\"],objid:\"MAT-62eb6464:13642754aed:-7fea\",materialcode:\"RC\",materialdesc:\"REINFORCED CONCRETE\"],action:\"add\",pos:0,name:\"materials\"],\"materials[1]\":[value:[material:[materialcode:\"WD\",objid:\"MAT-62eb6464:13642754aed:-7fe8\",materialdesc:\"WOOD\"],objid:\"MAT-62eb6464:13642754aed:-7fe8\",materialcode:\"WD\",materialdesc:\"WOOD\"],action:\"add\",pos:1,name:\"materials\"],sys_lastupdate:[newValue:1332829997000,action:\"update\"],sys_lastupdateby:[newValue:\"PERSNL-77eb9ad:1362de475cb:-7f2e\",action:\"update\"]]'),('L-5dfc4b9f:13651f0a0de:-7fba','log:log','1.0','Structure','ST33f47dbb:132fa9e0bc9:-7f9d','2012-03-27 14:33:07','UPDATE','PERSNL-77eb9ad:1362de475cb:-7f2e',NULL,'[\"materials[0]\":[value:[material:[materialcode:\"WD\",objid:\"MAT-62eb6464:13642754aed:-7fe8\",materialdesc:\"WOOD\"],objid:\"MAT-62eb6464:13642754aed:-7fe8\",materialcode:\"WD\",materialdesc:\"WOOD\"],action:\"add\",pos:0,name:\"materials\"],\"materials[1]\":[value:[material:[materialcode:\"RC\",objid:\"MAT-62eb6464:13642754aed:-7fea\",materialdesc:\"REINFORCED CONCRETE\"],objid:\"MAT-62eb6464:13642754aed:-7fea\",materialcode:\"RC\",materialdesc:\"REINFORCED CONCRETE\"],action:\"add\",pos:1,name:\"materials\"],sys_lastupdate:[newValue:1332829987000,action:\"update\"],sys_lastupdateby:[newValue:\"PERSNL-77eb9ad:1362de475cb:-7f2e\",action:\"update\"]]'),('L-5dfc4b9f:13651f0a0de:-7fc2','log:log','1.0','RPT','RCT-5dfc4b9f:13651f0a0de:-7fc4','2012-03-27 12:07:18','CREATE','PERSNL-12f70615:1362b0b3421:-7ffa',NULL,NULL),('L-5dfc4b9f:13651f0a0de:-7fd7','log:log','1.0','rptbilling','R193875f9:135eaac4707:-7ee4','2012-03-27 11:48:19','DEPLOY','PERSNL-12f70615:1362b0b3421:-7ffa',NULL,NULL),('L-5dfc4b9f:13651f0a0de:-7fd8','log:log','1.0','rptbilling','R193875f9:135eaac4707:-7ee4','2012-03-27 11:48:17','UNDEPLOY','PERSNL-12f70615:1362b0b3421:-7ffa',NULL,NULL),('L-5dfc4b9f:13651f0a0de:-7fd9','log:log','1.0','rptbilling','R193875f9:135eaac4707:-7eec','2012-03-27 11:48:13','DEPLOY','PERSNL-12f70615:1362b0b3421:-7ffa',NULL,NULL),('L-5dfc4b9f:13651f0a0de:-7fda','log:log','1.0','rptbilling','R193875f9:135eaac4707:-7eec','2012-03-27 11:48:11','UNDEPLOY','PERSNL-12f70615:1362b0b3421:-7ffa',NULL,NULL),('L-5dfc4b9f:13651f0a0de:-7fdb','log:log','1.0','rptbilling','R-3d003eed:13604552478:-7fd2','2012-03-27 11:48:07','DEPLOY','PERSNL-12f70615:1362b0b3421:-7ffa',NULL,NULL),('L-5dfc4b9f:13651f0a0de:-7fdc','log:log','1.0','rptbilling','R-3d003eed:13604552478:-7fd2','2012-03-27 11:48:05','UNDEPLOY','PERSNL-12f70615:1362b0b3421:-7ffa',NULL,NULL),('L-5dfc4b9f:13651f0a0de:-7fdd','log:log','1.0','rptbilling','R193875f9:135eaac4707:-7eb0','2012-03-27 11:48:01','DEPLOY','PERSNL-12f70615:1362b0b3421:-7ffa',NULL,NULL),('L-5dfc4b9f:13651f0a0de:-7fde','log:log','1.0','rptbilling','R193875f9:135eaac4707:-7eb0','2012-03-27 11:47:59','UNDEPLOY','PERSNL-12f70615:1362b0b3421:-7ffa',NULL,NULL),('L-5dfc4b9f:13651f0a0de:-7fdf','log:log','1.0','rptbilling','R193875f9:135eaac4707:-7eb3','2012-03-27 11:47:54','DEPLOY','PERSNL-12f70615:1362b0b3421:-7ffa',NULL,NULL),('L-5dfc4b9f:13651f0a0de:-7fe0','log:log','1.0','rptbilling','R193875f9:135eaac4707:-7eb3','2012-03-27 11:47:52','UNDEPLOY','PERSNL-12f70615:1362b0b3421:-7ffa',NULL,NULL),('L-5dfc4b9f:13651f0a0de:-7fe1','log:log','1.0','rptbilling','R193875f9:135eaac4707:-7eb9','2012-03-27 11:47:48','DEPLOY','PERSNL-12f70615:1362b0b3421:-7ffa',NULL,NULL),('L-5dfc4b9f:13651f0a0de:-7fe2','log:log','1.0','rptbilling','R193875f9:135eaac4707:-7eb9','2012-03-27 11:47:46','UNDEPLOY','PERSNL-12f70615:1362b0b3421:-7ffa',NULL,NULL),('L-5dfc4b9f:13651f0a0de:-7fe3','log:log','1.0','rptbilling','R193875f9:135eaac4707:-7efb','2012-03-27 11:47:42','DEPLOY','PERSNL-12f70615:1362b0b3421:-7ffa',NULL,NULL),('L-5dfc4b9f:13651f0a0de:-7fe4','log:log','1.0','rptbilling','R193875f9:135eaac4707:-7efb','2012-03-27 11:47:40','UNDEPLOY','PERSNL-12f70615:1362b0b3421:-7ffa',NULL,NULL),('L-5dfc4b9f:13651f0a0de:-7fe5','log:log','1.0','rptbilling','R193875f9:135eaac4707:-7f0a','2012-03-27 11:47:36','DEPLOY','PERSNL-12f70615:1362b0b3421:-7ffa',NULL,NULL),('L-5dfc4b9f:13651f0a0de:-7fe6','log:log','1.0','rptbilling','R193875f9:135eaac4707:-7f0a','2012-03-27 11:47:35','UNDEPLOY','PERSNL-12f70615:1362b0b3421:-7ffa',NULL,NULL),('L-5dfc4b9f:13651f0a0de:-7fe7','log:log','1.0','rptbilling','R193875f9:135eaac4707:-7eec','2012-03-27 11:44:26','DEPLOY','PERSNL-12f70615:1362b0b3421:-7ffa',NULL,NULL),('L-5dfc4b9f:13651f0a0de:-7fe8','log:log','1.0','rptbilling','R193875f9:135eaac4707:-7eec','2012-03-27 11:44:24','UPDATE','PERSNL-12f70615:1362b0b3421:-7ffa',NULL,'[ruletext:[newValue:\"package etracs2.rpt.billing.rules.BASIC_SEF_CYEAR;\\n\\nimport etracs2.rpt.billing.facts.*\\nimport java.util.*\\n\\nglobal com.rameses.rules.common.RuleAction actionList\\n\\nrule \\\"BASIC_SEF_CYEAR\\\"\\nagenda-group \\\"TAX\\\"\\nno-loop\\nsalience 50000\\n\\nwhen\\n\\$LEDGER : RPTLedgerFact( \\$ledgerid:ledgerid )\\nCurrentYearFact(CY:year)\\nRPTLedgerFact(AV:assessedvalue, year >= CY, ledgerid == \\$ledgerid)\\nthen\\n\\$LEDGER.setBasicacctid(\\\"IA41a0f494:13564c96212:-7f22\\\");\\n\\$LEDGER.setExpr(\\\"AV * 0.01\\\");\\n\\$LEDGER.setRevtype(\\\"current\\\");\\n\\$LEDGER.setVarlist( new HashMap() );\\n\\$LEDGER.getVarlist().put(\\\"CY\\\", CY);\\n\\$LEDGER.getVarlist().put(\\\"AV\\\", AV);\\n\\$LEDGER.getVarlist().put(\\\"AV\\\", AV);\\nactionList.setContext( drools );\\nactionList.execute(\\\"calcBasic\\\", \\$LEDGER);\\n\\$LEDGER.setSefacctid(\\\"IA41a0f494:13564c96212:-7f36\\\");\\n\\$LEDGER.setExpr(\\\"AV * 0.01\\\");\\n\\$LEDGER.setRevtype(\\\"current\\\");\\n\\$LEDGER.setVarlist( new HashMap() );\\n\\$LEDGER.getVarlist().put(\\\"CY\\\", CY);\\n\\$LEDGER.getVarlist().put(\\\"AV\\\", AV);\\n\\$LEDGER.getVarlist().put(\\\"AV\\\", AV);\\nactionList.setContext( drools );\\nactionList.execute(\\\"calcSef\\\", \\$LEDGER);\\nend\",action:\"update\",oldValue:\"package etracs2.rpt.billing.rules;\\n\\nimport etracs2.rpt.billing.facts.*\\nimport java.util.*\\n\\nglobal com.rameses.rules.common.RuleAction actionList\\n\\nrule \\\"BASIC_SEF_CYEAR\\\"\\nagenda-group \\\"TAX\\\"\\nno-loop\\nsalience 50000\\n\\nwhen\\n\\$LEDGER : RPTLedgerFact( \\$ledgerid:ledgerid )\\nCurrentYearFact(CY:year)\\nRPTLedgerFact(AV:assessedvalue, year >= CY, ledgerid == \\$ledgerid)\\nthen\\n\\$LEDGER.setBasicacctid(\\\"IA41a0f494:13564c96212:-7f22\\\");\\n\\$LEDGER.setExpr(\\\"AV * 0.01\\\");\\n\\$LEDGER.setRevtype(\\\"current\\\");\\n\\$LEDGER.setVarlist( new HashMap() );\\n\\$LEDGER.getVarlist().put(\\\"CY\\\", CY);\\n\\$LEDGER.getVarlist().put(\\\"AV\\\", AV);\\n\\$LEDGER.getVarlist().put(\\\"AV\\\", AV);\\nactionList.setContext( drools );\\nactionList.execute(\\\"calcBasic\\\", \\$LEDGER);\\n\\$LEDGER.setSefacctid(\\\"IA41a0f494:13564c96212:-7f36\\\");\\n\\$LEDGER.setExpr(\\\"AV * 0.01\\\");\\n\\$LEDGER.setRevtype(\\\"current\\\");\\n\\$LEDGER.setVarlist( new HashMap() );\\n\\$LEDGER.getVarlist().put(\\\"CY\\\", CY);\\n\\$LEDGER.getVarlist().put(\\\"AV\\\", AV);\\n\\$LEDGER.getVarlist().put(\\\"AV\\\", AV);\\nactionList.setContext( drools );\\nactionList.execute(\\\"calcSef\\\", \\$LEDGER);\\nend\"]]'),('L-5dfc4b9f:13651f0a0de:-7fe9','log:log','1.0','rptbilling','R193875f9:135eaac4707:-7eec','2012-03-27 11:44:08','UNDEPLOY','PERSNL-12f70615:1362b0b3421:-7ffa',NULL,NULL),('L-5dfc4b9f:13651f0a0de:-7fea','log:log','1.0','RPTLedger','L-5dfc4b9f:13651f0a0de:-7ff2','2012-03-27 11:14:08','APPROVE','PERSNL-12f70615:1362b0b3421:-7ffa',NULL,NULL),('L-5dfc4b9f:13651f0a0de:-7feb','log:log','1.0','RPTLedger','L-5dfc4b9f:13651f0a0de:-7ff2','2012-03-27 11:10:57','CREATE_ITEM','PERSNL-12f70615:1362b0b3421:-7ffa',NULL,NULL),('L-5dfc4b9f:13651f0a0de:-7fec','log:log','1.0','RPTLedger','L-5dfc4b9f:13651f0a0de:-7ff2','2012-03-27 11:10:25','CREATE_ITEM','PERSNL-12f70615:1362b0b3421:-7ffa',NULL,NULL),('L-5dfc4b9f:13651f0a0de:-7fee','log:log','1.0','FAAS','F-5dfc4b9f:13651f0a0de:-7ff7','2012-03-27 11:05:07','APPROVE','PERSNL-77eb9ad:1362de475cb:-7f2e',NULL,NULL),('L-5dfc4b9f:13651f0a0de:-7fef','log:log','1.0','FAAS','F-5dfc4b9f:13651f0a0de:-7ff7','2012-03-27 11:05:07','APPROVE','PERSNL-77eb9ad:1362de475cb:-7f2e',NULL,NULL),('L-5dfc4b9f:13651f0a0de:-7ff0','log:log','1.0','RPTLedger','L-5dfc4b9f:13651f0a0de:-7ff2','2012-03-27 11:05:07','CREATE','PERSNL-77eb9ad:1362de475cb:-7f2e',NULL,NULL),('L-5dfc4b9f:13651f0a0de:-7ff3','log:log','1.0','FAAS','F-5dfc4b9f:13651f0a0de:-7ff7','2012-03-27 11:05:07','UPDATE','PERSNL-77eb9ad:1362de475cb:-7f2e','','[:]'),('L-5dfc4b9f:13651f0a0de:-7ff4','log:log','1.0','FAAS','F-5dfc4b9f:13651f0a0de:-7ff7','2012-03-27 11:04:28','SUBMIT','PERSNL-77eb9ad:1362de475cb:-7f2e',NULL,NULL),('L-5dfc4b9f:13651f0a0de:-7ff5','log:log','1.0','Faas','F-5dfc4b9f:13651f0a0de:-7ff7','2012-03-27 11:04:14','CREATE','PERSNL-77eb9ad:1362de475cb:-7f2e',NULL,NULL),('L-5dfc4b9f:13651f0a0de:-7ff8','log:log','1.0','Entity','E-5dfc4b9f:13651f0a0de:-7ff9','2012-03-27 10:50:50','CREATE','PERSNL-77eb9ad:1362de475cb:-7f2e',NULL,NULL),('L-62eb6464:13642754aed:-7f90','log:log','1.0','MachRYSetting','MRY52647b4a:13642a8c8a1:-2294','2012-03-24 11:54:15','UPDATE','PERSNL-77eb9ad:1362de475cb:-7f2e','','[:]'),('L-62eb6464:13642754aed:-7f91','log:log','1.0','MachRYSetting','MRY52647b4a:13642a8c8a1:-2294','2012-03-24 11:54:15','UPDATE','PERSNL-77eb9ad:1362de475cb:-7f2e','','[:]'),('L-62eb6464:13642754aed:-7f92','log:log','1.0','MachRYSetting','MRY52647b4a:13642a8c8a1:-2294','2012-03-24 11:54:14','UPDATE','PERSNL-77eb9ad:1362de475cb:-7f2e','','[:]'),('L-62eb6464:13642754aed:-7f93','log:log','1.0','MachRYSetting','MRY52647b4a:13642a8c8a1:-2294','2012-03-24 11:53:23','CREATE','PERSNL-77eb9ad:1362de475cb:-7f2e',NULL,NULL),('L-62eb6464:13642754aed:-7f98','log:log','1.0','BldgRYSetting','BRY52647b4a:13642a8c8a1:-2c74','2012-03-24 11:53:01','UPDATE','PERSNL-77eb9ad:1362de475cb:-7f2e','','[fixrate:[newValue:0,action:\"update\"]]'),('L-62eb6464:13642754aed:-7f9a','log:log','1.0','BldgRYSetting','BRY52647b4a:13642a8c8a1:-2c74','2012-03-24 11:42:53','UPDATE','PERSNL-77eb9ad:1362de475cb:-7f2e','','[straightdepreciation:[newValue:1,action:\"update\",oldValue:0],fixrate:[newValue:0,action:\"update\"]]'),('L-62eb6464:13642754aed:-7f9b','log:log','1.0','BldgRYSetting','BRY52647b4a:13642a8c8a1:-2c74','2012-03-24 11:33:48','UPDATE','PERSNL-77eb9ad:1362de475cb:-7f2e','','[fixrate:[newValue:0,action:\"update\"]]'),('L-62eb6464:13642754aed:-7f9c','log:log','1.0','BldgRYSetting','BRY52647b4a:13642a8c8a1:-2c74','2012-03-24 11:33:47','UPDATE','PERSNL-77eb9ad:1362de475cb:-7f2e','','[fixrate:[newValue:0,action:\"update\"]]'),('L-62eb6464:13642754aed:-7f9d','log:log','1.0','BldgRYSetting','BRY52647b4a:13642a8c8a1:-2c74','2012-03-24 11:33:46','UPDATE','PERSNL-77eb9ad:1362de475cb:-7f2e','','[straightdepreciation:[newValue:0,action:\"update\",oldValue:null],predominant:[newValue:0,action:\"update\",oldValue:1],computedepreciationbasedonschedule:[newValue:0,action:\"update\",oldValue:1],fixrate:[newValue:0,action:\"update\"]]'),('L-62eb6464:13642754aed:-7f9e','log:log','1.0','BldgRYSetting','BRY52647b4a:13642a8c8a1:-2c74','2012-03-24 11:33:11','CREATE','PERSNL-77eb9ad:1362de475cb:-7f2e',NULL,NULL),('L-62eb6464:13642754aed:-7fa3','log:log','1.0','LandRYSetting','LRY52647b4a:13642a8c8a1:-795b','2012-03-24 11:31:57','UPDATE','PERSNL-77eb9ad:1362de475cb:-7f2e','','[:]'),('L-62eb6464:13642754aed:-7fa5','log:log','1.0','LandRYSetting','LRY52647b4a:13642a8c8a1:-795b','2012-03-24 11:28:01','UPDATE','PERSNL-77eb9ad:1362de475cb:-7f2e','','[:]'),('L-62eb6464:13642754aed:-7fa6','log:log','1.0','LandRYSetting','LRY52647b4a:13642a8c8a1:-795b','2012-03-24 11:28:01','UPDATE','PERSNL-77eb9ad:1362de475cb:-7f2e','','[:]'),('L-62eb6464:13642754aed:-7fa7','log:log','1.0','LandRYSetting','LRY52647b4a:13642a8c8a1:-795b','2012-03-24 11:28:00','UPDATE','PERSNL-77eb9ad:1362de475cb:-7f2e','','[:]'),('L-62eb6464:13642754aed:-7fa8','log:log','1.0','LandRYSetting','LRY52647b4a:13642a8c8a1:-795b','2012-03-24 11:28:00','UPDATE','PERSNL-77eb9ad:1362de475cb:-7f2e','','[:]'),('L-62eb6464:13642754aed:-7fa9','log:log','1.0','LandRYSetting','LRY52647b4a:13642a8c8a1:-795b','2012-03-24 11:27:46','UPDATE','PERSNL-77eb9ad:1362de475cb:-7f2e','','[:]'),('L-62eb6464:13642754aed:-7faa','log:log','1.0','LandRYSetting','LRY52647b4a:13642a8c8a1:-795b','2012-03-24 11:25:04','UPDATE','PERSNL-77eb9ad:1362de475cb:-7f2e','','[:]'),('L-62eb6464:13642754aed:-7fab','log:log','1.0','LandRYSetting','LRY52647b4a:13642a8c8a1:-795b','2012-03-24 11:25:03','UPDATE','PERSNL-77eb9ad:1362de475cb:-7f2e','','[:]'),('L-62eb6464:13642754aed:-7fac','log:log','1.0','LandRYSetting','LRY52647b4a:13642a8c8a1:-795b','2012-03-24 11:25:03','UPDATE','PERSNL-77eb9ad:1362de475cb:-7f2e','','[:]'),('L-62eb6464:13642754aed:-7fad','log:log','1.0','LandRYSetting','LRY52647b4a:13642a8c8a1:-795b','2012-03-24 11:25:02','UPDATE','PERSNL-77eb9ad:1362de475cb:-7f2e','','[:]'),('L-62eb6464:13642754aed:-7fae','log:log','1.0','LandRYSetting','LRY52647b4a:13642a8c8a1:-795b','2012-03-24 11:25:02','UPDATE','PERSNL-77eb9ad:1362de475cb:-7f2e','','[:]'),('L-62eb6464:13642754aed:-7faf','log:log','1.0','LandRYSetting','LRY52647b4a:13642a8c8a1:-795b','2012-03-24 11:24:15','UPDATE','PERSNL-77eb9ad:1362de475cb:-7f2e','','[:]'),('L-62eb6464:13642754aed:-7fb0','log:log','1.0','LandRYSetting','LRY52647b4a:13642a8c8a1:-795b','2012-03-24 11:24:15','UPDATE','PERSNL-77eb9ad:1362de475cb:-7f2e','','[:]'),('L-62eb6464:13642754aed:-7fb1','log:log','1.0','LandRYSetting','LRY52647b4a:13642a8c8a1:-795b','2012-03-24 11:24:14','UPDATE','PERSNL-77eb9ad:1362de475cb:-7f2e','','[:]'),('L-62eb6464:13642754aed:-7fb2','log:log','1.0','LandRYSetting','LRY52647b4a:13642a8c8a1:-795b','2012-03-24 11:24:14','UPDATE','PERSNL-77eb9ad:1362de475cb:-7f2e','','[:]'),('L-62eb6464:13642754aed:-7fb3','log:log','1.0','LandRYSetting','LRY52647b4a:13642a8c8a1:-795b','2012-03-24 11:24:13','UPDATE','PERSNL-77eb9ad:1362de475cb:-7f2e','','[:]'),('L-62eb6464:13642754aed:-7fb4','log:log','1.0','LandRYSetting','LRY52647b4a:13642a8c8a1:-795b','2012-03-24 11:24:12','UPDATE','PERSNL-77eb9ad:1362de475cb:-7f2e','','[:]'),('L-62eb6464:13642754aed:-7fb5','log:log','1.0','LandRYSetting','LRY52647b4a:13642a8c8a1:-795b','2012-03-24 11:24:12','UPDATE','PERSNL-77eb9ad:1362de475cb:-7f2e','','[:]'),('L-62eb6464:13642754aed:-7fb6','log:log','1.0','LandRYSetting','LRY52647b4a:13642a8c8a1:-795b','2012-03-24 11:24:12','UPDATE','PERSNL-77eb9ad:1362de475cb:-7f2e','','[:]'),('L-62eb6464:13642754aed:-7fb7','log:log','1.0','LandRYSetting','LRY52647b4a:13642a8c8a1:-795b','2012-03-24 11:24:11','UPDATE','PERSNL-77eb9ad:1362de475cb:-7f2e','','[:]'),('L-62eb6464:13642754aed:-7fb8','log:log','1.0','LandRYSetting','LRY52647b4a:13642a8c8a1:-795b','2012-03-24 11:22:47','UPDATE','PERSNL-77eb9ad:1362de475cb:-7f2e','','[:]'),('L-62eb6464:13642754aed:-7fb9','log:log','1.0','LandRYSetting','LRY52647b4a:13642a8c8a1:-795b','2012-03-24 11:22:46','UPDATE','PERSNL-77eb9ad:1362de475cb:-7f2e','','[:]'),('L-62eb6464:13642754aed:-7fba','log:log','1.0','LandRYSetting','LRY52647b4a:13642a8c8a1:-795b','2012-03-24 11:21:37','UPDATE','PERSNL-77eb9ad:1362de475cb:-7f2e','','[:]'),('L-62eb6464:13642754aed:-7fbb','log:log','1.0','LandRYSetting','LRY52647b4a:13642a8c8a1:-795b','2012-03-24 11:21:10','UPDATE','PERSNL-77eb9ad:1362de475cb:-7f2e','','[:]'),('L-62eb6464:13642754aed:-7fbc','log:log','1.0','LandRYSetting','LRY52647b4a:13642a8c8a1:-795b','2012-03-24 11:20:53','UPDATE','PERSNL-77eb9ad:1362de475cb:-7f2e','','[:]'),('L-62eb6464:13642754aed:-7fbd','log:log','1.0','LandRYSetting','LRY52647b4a:13642a8c8a1:-795b','2012-03-24 11:20:52','UPDATE','PERSNL-77eb9ad:1362de475cb:-7f2e','','[:]'),('L-62eb6464:13642754aed:-7fbe','log:log','1.0','LandRYSetting','LRY52647b4a:13642a8c8a1:-795b','2012-03-24 11:20:51','UPDATE','PERSNL-77eb9ad:1362de475cb:-7f2e','','[:]'),('L-62eb6464:13642754aed:-7fbf','log:log','1.0','LandRYSetting','LRY52647b4a:13642a8c8a1:-795b','2012-03-24 11:16:12','UPDATE','PERSNL-77eb9ad:1362de475cb:-7f2e','','[:]'),('L-62eb6464:13642754aed:-7fc0','log:log','1.0','LandRYSetting','LRY52647b4a:13642a8c8a1:-795b','2012-03-24 11:13:53','UPDATE','PERSNL-77eb9ad:1362de475cb:-7f2e','','[:]'),('L-62eb6464:13642754aed:-7fc1','log:log','1.0','LandRYSetting','LRY52647b4a:13642a8c8a1:-795b','2012-03-24 11:12:06','UPDATE','PERSNL-77eb9ad:1362de475cb:-7f2e','','[:]'),('L-62eb6464:13642754aed:-7fc2','log:log','1.0','LandRYSetting','LRY52647b4a:13642a8c8a1:-795b','2012-03-24 11:09:36','CREATE','PERSNL-77eb9ad:1362de475cb:-7f2e',NULL,NULL),('L-62eb6464:13642754aed:-7fcb','log:log','1.0','LandRYSetting','LRY1aaac468:13642786460:-7e2d','2012-03-24 10:59:12','UPDATE','PERSNL-77eb9ad:1362de475cb:-7f2e','','[:]'),('L-62eb6464:13642754aed:-7fcc','log:log','1.0','LandRYSetting','LRY1aaac468:13642786460:-7e2d','2012-03-24 10:59:09','UPDATE','PERSNL-77eb9ad:1362de475cb:-7f2e','','[:]'),('L-62eb6464:13642754aed:-7fcd','log:log','1.0','LandRYSetting','LRY1aaac468:13642786460:-7e2d','2012-03-24 10:57:29','CREATE','PERSNL-77eb9ad:1362de475cb:-7f2e',NULL,NULL),('L-62eb6464:13642754aed:-7fde','log:log','1.0','MACHINE','MACH-62eb6464:13642754aed:-7fe5','2012-03-24 10:42:53','UPDATE','PERSNL-77eb9ad:1362de475cb:-7f2e',NULL,'[sys_lastupdate:[newValue:1332556973000,action:\"update\"],sys_lastupdateby:[newValue:\"PERSNL-77eb9ad:1362de475cb:-7f2e\",action:\"update\"],residualrate:[newValue:10.00,action:\"update\",oldValue:0.00]]'),('L-62eb6464:13642754aed:-7fdf','log:log','1.0','MACHINE','MACH-62eb6464:13642754aed:-7fe1','2012-03-24 10:42:46','UPDATE','PERSNL-77eb9ad:1362de475cb:-7f2e',NULL,'[sys_lastupdate:[newValue:1332556966000,action:\"update\"],sys_lastupdateby:[newValue:\"PERSNL-77eb9ad:1362de475cb:-7f2e\",action:\"update\"],residualrate:[newValue:40.00,action:\"update\",oldValue:0.00]]'),('L-62eb6464:13642754aed:-7fe0','log:log','1.0','MACHINE','MACH-62eb6464:13642754aed:-7fe4','2012-03-24 10:42:39','UPDATE','PERSNL-77eb9ad:1362de475cb:-7f2e',NULL,'[sys_lastupdate:[newValue:1332556959000,action:\"update\"],sys_lastupdateby:[newValue:\"PERSNL-77eb9ad:1362de475cb:-7f2e\",action:\"update\"],residualrate:[newValue:40.00,action:\"update\",oldValue:0.00]]'),('L-62eb6464:13642754aed:-7fe2','log:log','1.0','MACHINE','MACH-62eb6464:13642754aed:-7fe4','2012-03-24 10:41:02','UPDATE','PERSNL-77eb9ad:1362de475cb:-7f2e',NULL,'[machinecode:[newValue:\"02\",action:\"update\",oldValue:\"03\"],sys_lastupdate:[newValue:1332556862000,action:\"update\"],sys_lastupdateby:[newValue:\"PERSNL-77eb9ad:1362de475cb:-7f2e\",action:\"update\"]]'),('L-62eb6464:13642754aed:-7fe3','log:log','1.0','MACHINE','MACH-62eb6464:13642754aed:-7fe4','2012-03-24 10:40:48','UPDATE','PERSNL-77eb9ad:1362de475cb:-7f2e',NULL,'[machinedesc:[newValue:\"AIRCONDITION\",action:\"update\",oldValue:\"ELEVATOR\"],machinecode:[newValue:\"03\",action:\"update\",oldValue:\"02\"],sys_lastupdate:[newValue:1332556848000,action:\"update\"],sys_lastupdateby:[newValue:\"PERSNL-77eb9ad:1362de475cb:-7f2e\",action:\"update\"]]'),('L-62eb6464:13642754aed:-7fe6','log:log','1.0','Structure','ST-62eb6464:13642754aed:-7fe9','2012-03-24 10:36:02','UPDATE','PERSNL-77eb9ad:1362de475cb:-7f2e',NULL,'[\"materials[2]\":[value:[material:[materialcode:\"ST\",objid:\"MAT-62eb6464:13642754aed:-7fe7\",materialdesc:\"STEEL\"],objid:\"MAT-62eb6464:13642754aed:-7fe7\",materialcode:\"ST\",materialdesc:\"STEEL\"],action:\"add\",pos:2,name:\"materials\"],\"materials[1]\":[value:[material:[materialcode:\"WD\",objid:\"MAT-62eb6464:13642754aed:-7fe8\",materialdesc:\"WOOD\"],objid:\"MAT-62eb6464:13642754aed:-7fe8\",materialcode:\"WD\",materialdesc:\"WOOD\"],action:\"add\",pos:1,name:\"materials\"],sys_lastupdate:[newValue:1332556562000,action:\"update\"],sys_lastupdateby:[newValue:\"PERSNL-77eb9ad:1362de475cb:-7f2e\",action:\"update\"]]'),('L-62eb6464:13642754aed:-7fed','log:log','1.0','Kind of Bldg','KBLDG-62eb6464:13642754aed:-7ff0','2012-03-24 10:30:58','UPDATE','PERSNL-77eb9ad:1362de475cb:-7f2e',NULL,'[sys_lastupdate:[newValue:1332556258000,action:\"update\"],sys_lastupdateby:[newValue:\"PERSNL-77eb9ad:1362de475cb:-7f2e\",action:\"update\"],bldgkind:[newValue:\"TWO FAMILY DWELLING\",action:\"update\",oldValue:\"2-STOREY BLDG.\"]]'),('L-62eb6464:13642754aed:-7fee','log:log','1.0','Kind of Bldg','KBLDG-62eb6464:13642754aed:-7ff1','2012-03-24 10:30:50','UPDATE','PERSNL-77eb9ad:1362de475cb:-7f2e',NULL,'[sys_lastupdate:[newValue:1332556250000,action:\"update\"],sys_lastupdateby:[newValue:\"PERSNL-77eb9ad:1362de475cb:-7f2e\",action:\"update\"],bldgkind:[newValue:\"ONE FAMILY DWELLING\",action:\"update\",oldValue:\"ONE STOREY BLDG.\"]]'),('L-62eb6464:13642754aed:-7fef','log:log','1.0','Kind of Bldg','KBLDG-62eb6464:13642754aed:-7ff0','2012-03-24 10:30:30','UPDATE','PERSNL-77eb9ad:1362de475cb:-7f2e',NULL,'[sys_lastupdate:[newValue:1332556230000,action:\"update\"],sys_lastupdateby:[newValue:\"PERSNL-77eb9ad:1362de475cb:-7f2e\",action:\"update\"],bldgkind:[newValue:\"2-STOREY BLDG.\",action:\"update\",oldValue:\"TWO STOREY BLDG.\"]]'),('L-64adc1db:136e1effa44:-7f9b','log:log','1.0','Deposit','D-64adc1db:136e1effa44:-7f9d','2012-04-24 10:31:42','CLOSE','PERSNL-77eb9ad:1362de475cb:-7fe7',NULL,NULL),('L-64adc1db:136e1effa44:-7f9c','log:log','1.0','Deposit','D-64adc1db:136e1effa44:-7f9d','2012-04-24 10:31:18','CREATE','PERSNL-77eb9ad:1362de475cb:-7fe7',NULL,NULL),('L-64adc1db:136e1effa44:-7fa5','log:log','1.0','CRAAF','REM-64adc1db:136e1effa44:-7fa9','2012-04-24 10:27:08','UPDATE','PERSNL-12f70615:1362b0b3421:-7ffa',NULL,NULL),('L-64adc1db:136e1effa44:-7fbf','log:log','1.0','Deposit','D-64adc1db:136e1effa44:-7fc1','2012-04-24 10:26:22','CLOSE','PERSNL-77eb9ad:1362de475cb:-7fe7',NULL,NULL),('L-64adc1db:136e1effa44:-7fc0','log:log','1.0','Deposit','D-64adc1db:136e1effa44:-7fc1','2012-04-24 10:26:03','CREATE','PERSNL-77eb9ad:1362de475cb:-7fe7',NULL,NULL),('L-64adc1db:136e1effa44:-7fc6','log:log','1.0','CRAAF','REM-64adc1db:136e1effa44:-7fc8','2012-04-24 10:25:03','UPDATE','PERSNL2e03615d:136b8c85690:-7ffb',NULL,NULL),('L-64adc1db:136e1effa44:-7fd1','log:log','1.0','RPT','RCT-64adc1db:136e1effa44:-7fd3','2012-04-24 10:23:41','CREATE','PERSNL-12f70615:1362b0b3421:-7ffa',NULL,NULL),('L-64adc1db:136e1effa44:-7fe3','log:log','1.0','FAAS','F-64adc1db:136e1effa44:-7ff3','2012-04-24 10:19:53','APPROVE','PERSNL-77eb9ad:1362de475cb:-7fe8',NULL,NULL),('L-64adc1db:136e1effa44:-7fe4','log:log','1.0','FAAS','F-64adc1db:136e1effa44:-7ff3','2012-04-24 10:19:53','APPROVE','PERSNL-77eb9ad:1362de475cb:-7fe8',NULL,NULL),('L-64adc1db:136e1effa44:-7fe5','log:log','1.0','RPTLedger','L-64adc1db:136e1effa44:-7fe7','2012-04-24 10:19:53','CREATE','PERSNL-77eb9ad:1362de475cb:-7fe8',NULL,NULL),('L-64adc1db:136e1effa44:-7fe8','log:log','1.0','FAAS','F-64adc1db:136e1effa44:-7ff3','2012-04-24 10:19:53','UPDATE','PERSNL-77eb9ad:1362de475cb:-7fe8','','[:]'),('L-64adc1db:136e1effa44:-7fec','log:log','1.0','FAAS','F-64adc1db:136e1effa44:-7ff3','2012-04-24 10:14:20','UPDATE','PERSNL-77eb9ad:1362de475cb:-7fe8','','[:]'),('L-64adc1db:136e1effa44:-7ff0','log:log','1.0','FAAS','F-64adc1db:136e1effa44:-7ff3','2012-04-24 10:13:18','UPDATE','PERSNL-77eb9ad:1362de475cb:-7fe8','','[:]'),('L-64adc1db:136e1effa44:-7ff1','log:log','1.0','FAAS','F-64adc1db:136e1effa44:-7ff3','2012-04-24 10:13:15','SUBMIT','PERSNL-77eb9ad:1362de475cb:-7fe8',NULL,NULL),('L-64adc1db:136e1effa44:-7ff2','log:log','1.0','Faas','F-64adc1db:136e1effa44:-7ff3','2012-04-24 10:12:39','CREATE','PERSNL-77eb9ad:1362de475cb:-7fe8',NULL,NULL),('L-64efcc6c:136cd9aa627:-7ff8','log:log','1.0','Variable','V45c5662b:13633239641:-7f8a','2012-04-20 10:54:23','UPDATE','PERSNL-77eb9ad:1362de475cb:-7fb1',NULL,'[printtopermit:[newValue:0,action:\"update\",oldValue:null],datatype:[newValue:\"string_array\",action:\"update\",oldValue:\"boolean\"]]'),('L-64efcc6c:136cd9aa627:-7ff9','log:log','1.0','Variable','V45c5662b:13633239641:-7ff0','2012-04-20 10:54:03','UPDATE','PERSNL-77eb9ad:1362de475cb:-7fb1',NULL,'[printtopermit:[newValue:0,action:\"update\",oldValue:null],datatype:[newValue:\"string_array\",action:\"update\",oldValue:\"boolean\"]]'),('L-67039395:136b9d6e2fe:-7fec','log:log','1.0','Rule','R-67039395:136b9d6e2fe:-7fee','2012-04-16 14:38:30','DEPLOY','PERSNL-77eb9ad:1362de475cb:-7fb1',NULL,NULL),('L-67039395:136b9d6e2fe:-7fed','log:log','1.0','Rule','R-67039395:136b9d6e2fe:-7fee','2012-04-16 14:38:28','CREATE','PERSNL-77eb9ad:1362de475cb:-7fb1',NULL,NULL),('L-67039395:136b9d6e2fe:-7fef','log:log','1.0','Rule','R-67039395:136b9d6e2fe:-7ff1','2012-04-16 14:37:17','DEPLOY','PERSNL-77eb9ad:1362de475cb:-7fb1',NULL,NULL),('L-67039395:136b9d6e2fe:-7ff0','log:log','1.0','Rule','R-67039395:136b9d6e2fe:-7ff1','2012-04-16 14:37:16','CREATE','PERSNL-77eb9ad:1362de475cb:-7fb1',NULL,NULL),('L-67039395:136b9d6e2fe:-7ff3','log:log','1.0','Lob','L-67039395:136b9d6e2fe:-7ff5','2012-04-16 14:36:31','UPDATE','PERSNL-77eb9ad:1362de475cb:-7fb1',NULL,'[:]'),('L-67039395:136b9d6e2fe:-7ff4','log:log','1.0','Lob','L-67039395:136b9d6e2fe:-7ff5','2012-04-16 14:36:29','CREATE','PERSNL-77eb9ad:1362de475cb:-7fb1',NULL,NULL),('L-6f0a7806:13675d837fb:-7fe1','log:log','1.0','Entity','VERGARA, JAYROME','2012-04-03 10:37:22','DELETE','PERSNL-12f70615:1362b0b3421:-7ffa',NULL,NULL),('L-6f0a7806:13675d837fb:-7fe2','log:log','1.0','Entity','E-6f0a7806:13675d837fb:-7fe3','2012-04-03 10:37:01','CREATE','PERSNL-12f70615:1362b0b3421:-7ffa',NULL,NULL),('L-6f0a7806:13675d837fb:-7ff3','log:log','1.0','CollectionType','C-3adb2070:13322276f1e:-72eb','2012-04-03 09:52:36','UPDATE','PERSNL-12f70615:1362b0b3421:-7ffa',NULL,'[payorrequired:[newValue:false,action:\"update\",oldValue:1],sys_lastupdate:[newValue:1333417956000,action:\"update\"],sys_lastupdateby:[newValue:\"PERSNL-12f70615:1362b0b3421:-7ffa\",action:\"update\"],appcode:[newValue:\"ctc_individual\",action:\"update\",oldValue:\"general_collection\"]]'),('L-77eb9ad:1362de475cb:-7f28','log:log','1.0','RIV','R-77eb9ad:1362de475cb:-7f2a','2012-03-20 18:15:45','APPROVE','PERSNL-77eb9ad:1362de475cb:-7f2e',NULL,NULL),('L-77eb9ad:1362de475cb:-7f29','log:log','1.0','RIV','R-77eb9ad:1362de475cb:-7f2a','2012-03-20 18:15:43','CREATE','PERSNL-77eb9ad:1362de475cb:-7f2e',NULL,NULL),('L-77eb9ad:1362de475cb:-7f32','log:log','1.0','BUSINESS_TAX','RCT-77eb9ad:1362de475cb:-7f35','2012-03-20 18:00:11','CREATE','PERSNL-12f70615:1362b0b3421:-7ffa',NULL,NULL),('L-77eb9ad:1362de475cb:-7f37','log:log','1.0','BPApplication','BP-12f70615:1362b0b3421:-7fe9','2012-03-20 17:59:06','APPROVE','PERSNL-77eb9ad:1362de475cb:-7fb1','NEW',NULL),('L-77eb9ad:1362de475cb:-7f3a','log:log','1.0','Rule','R3b52a903:1362da0716c:-7ff3','2012-03-20 17:58:48','DEPLOY','PERSNL-77eb9ad:1362de475cb:-7fb1',NULL,NULL),('L-77eb9ad:1362de475cb:-7f3b','log:log','1.0','Rule','R3b52a903:1362da0716c:-7ff3','2012-03-20 17:58:44','UPDATE','PERSNL-77eb9ad:1362de475cb:-7fb1',NULL,NULL),('L-77eb9ad:1362de475cb:-7f3c','log:log','1.0','Rule','R3b52a903:1362da0716c:-7ff3','2012-03-20 17:58:14','UNDEPLOY','PERSNL-77eb9ad:1362de475cb:-7fb1',NULL,NULL),('L-77eb9ad:1362de475cb:-7f40','log:log','1.0','IncomeAcct','IA-77eb9ad:1362de475cb:-7f42','2012-03-20 17:56:18','APPROVE','PERSNL-12f70615:1362b0b3421:-7ffa',NULL,NULL),('L-77eb9ad:1362de475cb:-7f41','log:log','1.0','IncomeAcct','IA-77eb9ad:1362de475cb:-7f42','2012-03-20 17:56:16','CREATE','PERSNL-12f70615:1362b0b3421:-7ffa',NULL,NULL),('L-77eb9ad:1362de475cb:-7f44','log:log','1.0','CRAAF','IRAF-77eb9ad:1362de475cb:-7f47','2012-03-20 17:48:40','GENERATE','PERSNL-77eb9ad:1362de475cb:-7fe8',NULL,NULL),('L-77eb9ad:1362de475cb:-7f48','log:log','1.0','RIV','R-77eb9ad:1362de475cb:-7f4a','2012-03-20 17:47:53','APPROVE','PERSNL-77eb9ad:1362de475cb:-7fe8',NULL,NULL),('L-77eb9ad:1362de475cb:-7f49','log:log','1.0','RIV','R-77eb9ad:1362de475cb:-7f4a','2012-03-20 17:47:51','CREATE','PERSNL-77eb9ad:1362de475cb:-7fe8',NULL,NULL),('L-77eb9ad:1362de475cb:-7f4e','log:log','1.0','CollectionType','C-77eb9ad:1362de475cb:-7f4f','2012-03-20 17:42:21','CREATE','PERSNL-77eb9ad:1362de475cb:-7ffa',NULL,NULL),('L-77eb9ad:1362de475cb:-7f56','log:log','1.0','AF','CT1','2012-03-20 17:40:23','CREATE','PERSNL-77eb9ad:1362de475cb:-7fe8',NULL,NULL),('L-77eb9ad:1362de475cb:-7f59','log:log','1.0','CRAAF','REM-77eb9ad:1362de475cb:-7f5e','2012-03-20 17:15:46','UPDATE','PERSNL-12f70615:1362b0b3421:-7ffa',NULL,NULL),('L-77eb9ad:1362de475cb:-7f6b','log:log','1.0','CASHTICKET','RCT-77eb9ad:1362de475cb:-7f6e','2012-03-20 17:14:58','CREATE','PERSNL-12f70615:1362b0b3421:-7ffa',NULL,NULL),('L-77eb9ad:1362de475cb:-7f75','log:log','1.0','Entity','E-77eb9ad:1362de475cb:-7f76','2012-03-20 17:03:13','CREATE','PERSNL-12f70615:1362b0b3421:-7ffa',NULL,NULL),('L-77eb9ad:1362de475cb:-7f77','log:log','1.0','IncomeAcct','IA-77eb9ad:1362de475cb:-7f79','2012-03-20 17:02:02','APPROVE','PERSNL-12f70615:1362b0b3421:-7ffa',NULL,NULL),('L-77eb9ad:1362de475cb:-7f78','log:log','1.0','IncomeAcct','IA-77eb9ad:1362de475cb:-7f79','2012-03-20 17:02:00','CREATE','PERSNL-12f70615:1362b0b3421:-7ffa',NULL,NULL),('L-77eb9ad:1362de475cb:-7f7b','log:log','1.0','CollectionType','C-77eb9ad:1362de475cb:-7f7c','2012-03-20 17:00:31','CREATE','PERSNL-77eb9ad:1362de475cb:-7fe8',NULL,NULL),('L-77eb9ad:1362de475cb:-7f93','log:log','1.0','AF','CT2','2012-03-20 16:38:38','UPDATE','PERSNL-77eb9ad:1362de475cb:-7fe8',NULL,'[pcsperunit:[newValue:20,action:\"update\",oldValue:100],sys_lastupdate:[newValue:1332232718000,action:\"update\"],sys_lastupdateby:[newValue:\"PERSNL-77eb9ad:1362de475cb:-7fe8\",action:\"update\"]]'),('L-77eb9ad:1362de475cb:-7f94','log:log','1.0','AF','CT2','2012-03-20 16:34:45','UPDATE','PERSNL-77eb9ad:1362de475cb:-7fe8',NULL,'[sys_lastupdate:[newValue:1332232485000,action:\"update\"],sys_lastupdateby:[newValue:\"PERSNL-77eb9ad:1362de475cb:-7fe8\",action:\"update\"]]'),('L-77eb9ad:1362de475cb:-7f95','log:log','1.0','CollectionType','C-77eb9ad:1362de475cb:-7f96','2012-03-20 16:34:11','CREATE','PERSNL-77eb9ad:1362de475cb:-7fe8',NULL,NULL),('L-77eb9ad:1362de475cb:-7f97','log:log','1.0','AF','CT2','2012-03-20 16:33:10','CREATE','PERSNL-77eb9ad:1362de475cb:-7fe8',NULL,NULL),('L-77eb9ad:1362de475cb:-7f9b','log:log','1.0','CATTLE_TRANSFER','RCT-77eb9ad:1362de475cb:-7f9e','2012-03-20 16:25:46','CREATE','PERSNL-12f70615:1362b0b3421:-7ffa',NULL,NULL),('L-77eb9ad:1362de475cb:-7f9f','log:log','1.0','Entity','E-77eb9ad:1362de475cb:-7fa0','2012-03-20 16:20:04','CREATE','PERSNL-12f70615:1362b0b3421:-7ffa',NULL,NULL),('L-77eb9ad:1362de475cb:-7fa8','log:log','1.0','CollectionSetting','CS01','2012-03-20 16:15:00','CREATE','PERSNL-77eb9ad:1362de475cb:-7ffa',NULL,NULL),('L-77eb9ad:1362de475cb:-7faa','log:log','1.0','Rule','R3b52a903:1362da0716c:-7ff3','2012-03-20 16:00:21','DEPLOY','PERSNL-77eb9ad:1362de475cb:-7fb1',NULL,NULL),('L-77eb9ad:1362de475cb:-7fab','log:log','1.0','Rule','R3b52a903:1362da0716c:-7ff3','2012-03-20 16:00:19','UPDATE','PERSNL-77eb9ad:1362de475cb:-7fb1',NULL,NULL),('L-77eb9ad:1362de475cb:-7fac','log:log','1.0','Rule','R3b52a903:1362da0716c:-7ff3','2012-03-20 15:59:08','UNDEPLOY','PERSNL-77eb9ad:1362de475cb:-7fb1',NULL,NULL),('L-77eb9ad:1362de475cb:-7fb3','log:log','1.0','Deposit','D-77eb9ad:1362de475cb:-7fb8','2012-03-20 15:37:37','CLOSE','PERSNL-77eb9ad:1362de475cb:-7fe7',NULL,NULL),('L-77eb9ad:1362de475cb:-7fb7','log:log','1.0','Deposit','D-77eb9ad:1362de475cb:-7fb8','2012-03-20 14:34:48','CREATE','PERSNL-77eb9ad:1362de475cb:-7fe7',NULL,NULL),('L-77eb9ad:1362de475cb:-7fbd','log:log','1.0','IncomeAccount','IA57e27d97:135e1abe297:-7fad','2012-03-20 14:19:58','UPDATE','PERSNL-12f70615:1362b0b3421:-7ffa',NULL,'[ngastitle:[newValue:\"REGISTRATION FEES\",action:\"update\",oldValue:null],ngasid:[newValue:\"A-34e92527:131d514840c:-7fd8\",action:\"update\",oldValue:null],sys_lastupdate:[newValue:1332224398000,action:\"update\"],sys_lastupdateby:[newValue:\"PERSNL-12f70615:1362b0b3421:-7ffa\",action:\"update\"],ngascode:[newValue:\"606\",action:\"update\"]]'),('L-77eb9ad:1362de475cb:-7fbe','log:log','1.0','CRAAF','REM-77eb9ad:1362de475cb:-7fc0','2012-03-20 14:14:50','UPDATE','PERSNL-12f70615:1362b0b3421:-7ffa',NULL,NULL),('L-77eb9ad:1362de475cb:-7fcd','log:log','1.0','MISC','RCT-77eb9ad:1362de475cb:-7fd0','2012-03-20 14:05:57','CREATE','PERSNL-12f70615:1362b0b3421:-7ffa',NULL,NULL),('L-77eb9ad:1362de475cb:-7fd3','log:log','1.0','MISC','RCT-77eb9ad:1362de475cb:-7fd6','2012-03-20 13:48:31','CREATE','PERSNL-12f70615:1362b0b3421:-7ffa',NULL,NULL),('L-77eb9ad:1362de475cb:-7fd7','log:log','1.0','MISC','RCT-77eb9ad:1362de475cb:-7fda','2012-03-20 13:37:54','CREATE','PERSNL-12f70615:1362b0b3421:-7ffa',NULL,NULL),('L-7868cd55:1364e41642d:-7fcf','log:log','1.0','FAAS','F-7868cd55:1364e41642d:-7fd1','2012-03-26 18:54:41','SUBMIT','PERSNL-77eb9ad:1362de475cb:-7f2e',NULL,NULL),('L-7868cd55:1364e41642d:-7fd0','log:log','1.0','Faas','F-7868cd55:1364e41642d:-7fd1','2012-03-26 18:53:15','CREATE','PERSNL-77eb9ad:1362de475cb:-7f2e',NULL,NULL),('L-7868cd55:1364e41642d:-7fd4','log:log','1.0','FAAS','F2314f17:1364dd25e3f:-7fe0','2012-03-26 18:48:47','UPDATE','PERSNL-12f70615:1362b0b3421:-7ffa','','[:]'),('L-7868cd55:1364e41642d:-7fd8','log:log','1.0','FAAS','F-7868cd55:1364e41642d:-7ff1','2012-03-26 18:44:35','UPDATE','PERSNL-77eb9ad:1362de475cb:-7f2e','','[:]'),('L-7868cd55:1364e41642d:-7fd9','log:log','1.0','FAAS','F-7868cd55:1364e41642d:-7ff1','2012-03-26 18:37:32','UPDATE','PERSNL-77eb9ad:1362de475cb:-7f2e','','[:]'),('L-7868cd55:1364e41642d:-7fda','log:log','1.0','FAAS','F2314f17:1364dd25e3f:-7fe0','2012-03-26 18:37:27','UPDATE','PERSNL-77eb9ad:1362de475cb:-7f2e','','[:]'),('L-7868cd55:1364e41642d:-7fdb','log:log','1.0','FAAS','F2314f17:1364dd25e3f:-7fe0','2012-03-26 18:37:20','UPDATE','PERSNL-77eb9ad:1362de475cb:-7f2e','','[:]'),('L-7868cd55:1364e41642d:-7fdc','log:log','1.0','FAAS','F-7868cd55:1364e41642d:-7ff1','2012-03-26 18:37:09','UPDATE','PERSNL-77eb9ad:1362de475cb:-7f2e','','[:]'),('L-7868cd55:1364e41642d:-7fdd','log:log','1.0','FAAS','F-7868cd55:1364e41642d:-7ff1','2012-03-26 18:37:02','UPDATE','PERSNL-77eb9ad:1362de475cb:-7f2e','','[:]'),('L-7868cd55:1364e41642d:-7fde','log:log','1.0','FAAS','F-7868cd55:1364e41642d:-7ff1','2012-03-26 18:32:52','UPDATE','PERSNL-77eb9ad:1362de475cb:-7f2e','','[:]'),('L-7868cd55:1364e41642d:-7fdf','log:log','1.0','FAAS','F2314f17:1364dd25e3f:-7fe0','2012-03-26 18:32:48','UPDATE','PERSNL-77eb9ad:1362de475cb:-7f2e','','[:]'),('L-7868cd55:1364e41642d:-7fe0','log:log','1.0','FAAS','F2314f17:1364dd25e3f:-7fe0','2012-03-26 18:32:43','UPDATE','PERSNL-77eb9ad:1362de475cb:-7f2e','','[\"rpu.info.planttotal.bearing\":[newValue:0.00,action:\"update\",oldValue:0.0],\"rpu.info.planttotal.nonbearing\":[newValue:0.00,action:\"update\",oldValue:0.0]]'),('L-7868cd55:1364e41642d:-7fe1','log:log','1.0','FAAS','F-7868cd55:1364e41642d:-7ff1','2012-03-26 18:32:11','UPDATE','PERSNL-77eb9ad:1362de475cb:-7f2e','','[:]'),('L-7868cd55:1364e41642d:-7fe2','log:log','1.0','FAAS','F-7868cd55:1364e41642d:-7ff1','2012-03-26 18:32:11','UPDATE','PERSNL-77eb9ad:1362de475cb:-7f2e','','[:]'),('L-7868cd55:1364e41642d:-7fe3','log:log','1.0','FAAS','F-7868cd55:1364e41642d:-7ff1','2012-03-26 18:32:10','UPDATE','PERSNL-77eb9ad:1362de475cb:-7f2e','','[:]'),('L-7868cd55:1364e41642d:-7fe4','log:log','1.0','FAAS','F-7868cd55:1364e41642d:-7ff1','2012-03-26 18:32:09','UPDATE','PERSNL-77eb9ad:1362de475cb:-7f2e','','[:]'),('L-7868cd55:1364e41642d:-7fe5','log:log','1.0','FAAS','F-7868cd55:1364e41642d:-7ff1','2012-03-26 18:32:05','UPDATE','PERSNL-77eb9ad:1362de475cb:-7f2e','','[:]'),('L-7868cd55:1364e41642d:-7fe6','log:log','1.0','FAAS','F-7868cd55:1364e41642d:-7ff1','2012-03-26 18:31:57','UPDATE','PERSNL-77eb9ad:1362de475cb:-7f2e','','[:]'),('L-7868cd55:1364e41642d:-7fe7','log:log','1.0','FAAS','F-7868cd55:1364e41642d:-7ff1','2012-03-26 18:31:49','UPDATE','PERSNL-77eb9ad:1362de475cb:-7f2e','','[:]'),('L-7868cd55:1364e41642d:-7fe8','log:log','1.0','FAAS','F-7868cd55:1364e41642d:-7ff1','2012-03-26 18:31:26','UPDATE','PERSNL-77eb9ad:1362de475cb:-7f2e','','[:]'),('L-7868cd55:1364e41642d:-7fe9','log:log','1.0','FAAS','F-7868cd55:1364e41642d:-7ff1','2012-03-26 18:30:47','UPDATE','PERSNL-77eb9ad:1362de475cb:-7f2e','','[\"rpu.info.planttotal.bearing\":[newValue:0.00,action:\"update\",oldValue:0]]'),('L-7868cd55:1364e41642d:-7fef','log:log','1.0','FAAS','F-7868cd55:1364e41642d:-7ff1','2012-03-26 18:08:01','SUBMIT','PERSNL-77eb9ad:1362de475cb:-7f2e',NULL,NULL),('L-7868cd55:1364e41642d:-7ff0','log:log','1.0','Faas','F-7868cd55:1364e41642d:-7ff1','2012-03-26 18:07:59','CREATE','PERSNL-77eb9ad:1362de475cb:-7f2e',NULL,NULL),('L-7868cd55:1364e41642d:-7ff2','log:log','1.0','FAAS','F2314f17:1364dd25e3f:-7fe0','2012-03-26 18:06:58','UPDATE','PERSNL-77eb9ad:1362de475cb:-7f2e','','[\"rpu.info.landdetails[0].area\":[newValue:2.00,action:\"update\",oldValue:2.00],\"rpu.info.landdetails[0].areaha\":[newValue:2.00,action:\"update\",oldValue:2.00]]'),('L-7868cd55:1364e41642d:-7ff3','log:log','1.0','FAAS','F2314f17:1364dd25e3f:-7fe0','2012-03-26 17:30:16','UPDATE','PERSNL-77eb9ad:1362de475cb:-7f2e','','[\"rpu.info.landdetails[0].area\":[newValue:2.00,action:\"update\",oldValue:2.00],\"rpu.info.landdetails[0].areaha\":[newValue:2.00,action:\"update\",oldValue:2.00]]'),('L-7868cd55:1364e41642d:-7ff4','log:log','1.0','FAAS','F2314f17:1364dd25e3f:-7fe0','2012-03-26 17:30:12','UPDATE','PERSNL-77eb9ad:1362de475cb:-7f2e','','[\"rpu.info.landdetails[0].area\":[newValue:2.00,action:\"update\",oldValue:2.00],\"rpu.info.landdetails[0].areaha\":[newValue:2.00,action:\"update\",oldValue:2.00]]'),('L-7868cd55:1364e41642d:-7ff5','log:log','1.0','FAAS','F2314f17:1364dd25e3f:-7fe0','2012-03-26 17:11:59','UPDATE','PERSNL-77eb9ad:1362de475cb:-7f2e','','[\"rpu.info.landdetails[0].area\":[newValue:2.00,action:\"update\",oldValue:2.00],\"rpu.info.landdetails[0].areaha\":[newValue:2.00,action:\"update\",oldValue:2.00]]'),('L-7868cd55:1364e41642d:-7ff6','log:log','1.0','FAAS','F2314f17:1364dd25e3f:-7fe0','2012-03-26 17:11:56','UPDATE','PERSNL-77eb9ad:1362de475cb:-7f2e','','[\"rpu.info.landdetails[0].area\":[newValue:2.00,action:\"update\",oldValue:2.00],\"rpu.info.landdetails[0].areaha\":[newValue:2.00,action:\"update\",oldValue:2.00]]'),('L-7868cd55:1364e41642d:-7ff7','log:log','1.0','FAAS','F2314f17:1364dd25e3f:-7fe0','2012-03-26 17:11:56','UPDATE','PERSNL-77eb9ad:1362de475cb:-7f2e','','[\"rpu.info.landdetails[0].area\":[newValue:2.00,action:\"update\",oldValue:2.00],\"rpu.info.landdetails[0].areaha\":[newValue:2.00,action:\"update\",oldValue:2.00]]'),('L-7868cd55:1364e41642d:-7ff8','log:log','1.0','FAAS','F2314f17:1364dd25e3f:-7fe0','2012-03-26 17:11:54','UPDATE','PERSNL-77eb9ad:1362de475cb:-7f2e','','[\"rpu.info.landdetails[0].area\":[newValue:2.00,action:\"update\",oldValue:2.00],\"rpu.info.landdetails[0].areaha\":[newValue:2.00,action:\"update\",oldValue:2.00]]'),('L-7868cd55:1364e41642d:-7ff9','log:log','1.0','FAAS','F2314f17:1364dd25e3f:-7fe0','2012-03-26 17:11:52','UPDATE','PERSNL-77eb9ad:1362de475cb:-7f2e','','[\"rpu.info.landdetails[0].area\":[newValue:2.00,action:\"update\",oldValue:2.00],\"rpu.info.landdetails[0].areaha\":[newValue:2.00,action:\"update\",oldValue:2.00]]'),('L-7868cd55:1364e41642d:-7ffa','log:log','1.0','FAAS','F2314f17:1364dd25e3f:-7fe0','2012-03-26 17:09:38','UPDATE','PERSNL-77eb9ad:1362de475cb:-7f2e','','[\"rpu.info.landdetails[0].area\":[newValue:2.00,action:\"update\",oldValue:2.00],\"rpu.info.landdetails[0].areaha\":[newValue:2.00,action:\"update\",oldValue:2.00]]'),('L-7868cd55:1364e41642d:-7ffb','log:log','1.0','FAAS','F2314f17:1364dd25e3f:-7fe0','2012-03-26 17:09:36','UPDATE','PERSNL-77eb9ad:1362de475cb:-7f2e','','[\"rpu.info.landdetails[0].area\":[newValue:2.00,action:\"update\",oldValue:2.00],\"rpu.info.landdetails[0].areaha\":[newValue:2.00,action:\"update\",oldValue:2.00]]'),('L-7868cd55:1364e41642d:-7ffc','log:log','1.0','FAAS','F2314f17:1364dd25e3f:-7fe0','2012-03-26 17:09:35','UPDATE','PERSNL-77eb9ad:1362de475cb:-7f2e','','[\"rpu.info.planttotal.bearing\":[newValue:0.0,action:\"update\",oldValue:0],\"rpu.info.landdetails[0].area\":[newValue:2.00,action:\"update\",oldValue:2.00],\"rpu.info.planttotal.nonbearing\":[newValue:0.0,action:\"update\",oldValue:0.00],\"rpu.info.landdetails[0].areaha\":[newValue:2.00,action:\"update\",oldValue:2.00]]'),('L-787d141c:1363d5b6fa2:-7fae','log:log','1.0','bpbilling','R4eb9968d:13639066586:-7f7a','2012-03-23 16:19:52','DEPLOY','PERSNL-77eb9ad:1362de475cb:-7fb1',NULL,NULL),('L-787d141c:1363d5b6fa2:-7faf','log:log','1.0','bpbilling','R4eb9968d:13639066586:-7f7a','2012-03-23 16:19:49','UPDATE','PERSNL-77eb9ad:1362de475cb:-7fb1',NULL,'[\"conditions[0].constraints[4]\":[value:[field:[name:\"applysurcharge\",caption:\"Apply Surcharge\",type:\"boolean\"],fieldvar:null,operator:[name:\"==\",caption:\"equal\"],usevar:false,value:true,arrayvalue:[],displaytext:\"Apply Surcharge == true\"],action:\"add\",pos:4,name:\"conditions[0].constraints\"],ruletext:[newValue:\"package etracs2.bp.billing.rules.INTEREST;\\n\\nimport bp.billing.facts.*\\nimport java.util.*\\n\\nglobal com.rameses.rules.common.RuleAction actionList\\n\\nrule \\\"INTEREST\\\"\\nagenda-group \\\"INTEREST\\\"\\nno-loop\\nsalience 50000\\n\\nwhen\\n\\$LEDGER : BPLedgerFact( \\$ledgerid:ledgerid )\\n\\$TAXFEE : TaxFeeFact( \\$taxfeeid:taxfeeid, ledgerid == \\$ledgerid )\\nTaxFeeFact(MONTHS:monthsfromqtr, AMTDUE:amount, SURCH:surcharge, acctid matches \\\"IA3b52a903:1362da0716c:-7ff6|IA4eb9968d:13639066586:-7f89\\\", applysurcharge == true, taxfeeid == \\$taxfeeid, ledgerid == \\$ledgerid)\\nthen\\n\\$TAXFEE.setInterestacctid(\\\"IA2a8c8a24:1363832b9dd:-7fce\\\");\\n\\$TAXFEE.setInterestaccttitle(\\\"INTEREST FOR BUSINESS\\\");\\n\\$TAXFEE.setInterest(MONTHS > 36  ?  36 * (AMTDUE + SURCH) * 0.02    :    MONTHS *  (AMTDUE + SURCH) * 0.02 );\\n\\nactionList.setContext( drools );\\nactionList.execute(\\\"calcInterest\\\", \\$TAXFEE );\\nend\",action:\"update\",oldValue:\"package etracs2.bp.billing.rules.INTEREST;\\n\\nimport bp.billing.facts.*\\nimport java.util.*\\n\\nglobal com.rameses.rules.common.RuleAction actionList\\n\\nrule \\\"INTEREST\\\"\\nagenda-group \\\"INTEREST\\\"\\nno-loop\\nsalience 50000\\n\\nwhen\\n\\$LEDGER : BPLedgerFact( \\$ledgerid:ledgerid )\\n\\$TAXFEE : TaxFeeFact( \\$taxfeeid:taxfeeid, ledgerid == \\$ledgerid )\\nTaxFeeFact(MONTHS:monthsfromqtr, AMTDUE:amount, SURCH:surcharge, acctid matches \\\"IA3b52a903:1362da0716c:-7ff6|IA4eb9968d:13639066586:-7f89\\\", taxfeeid == \\$taxfeeid, ledgerid == \\$ledgerid)\\nthen\\n\\$TAXFEE.setInterestacctid(\\\"IA2a8c8a24:1363832b9dd:-7fce\\\");\\n\\$TAXFEE.setInterestaccttitle(\\\"INTEREST FOR BUSINESS\\\");\\n\\$TAXFEE.setInterest(MONTHS > 36  ?  36 * (AMTDUE + SURCH) * 0.02    :    MONTHS *  (AMTDUE + SURCH) * 0.02 );\\n\\nactionList.setContext( drools );\\nactionList.execute(\\\"calcInterest\\\", \\$TAXFEE );\\nend\"],\"conditions[0].displaytext\":[newValue:\"TaxFeeFact(MONTHS:Months From Qtr,AMTDUE:Amount Due,SURCH:Surcharge,Account matches BUSINESS TAX ON RETAILER,MAYOR\'S PERMIT,Apply Surcharge == true)\",action:\"update\",oldValue:\"TaxFeeFact(MONTHS:Months From Qtr,AMTDUE:Amount Due,SURCH:Surcharge,Account matches BUSINESS TAX ON RETAILER,MAYOR\'S PERMIT)\"]]'),('L-787d141c:1363d5b6fa2:-7fb0','log:log','1.0','bpbilling','R4eb9968d:13639066586:-7f7a','2012-03-23 16:19:35','UNDEPLOY','PERSNL-77eb9ad:1362de475cb:-7fb1',NULL,NULL),('L-787d141c:1363d5b6fa2:-7fb1','log:log','1.0','bpbilling','R4eb9968d:13639066586:-7f7a','2012-03-23 16:07:39','DEPLOY','PERSNL-77eb9ad:1362de475cb:-7fb1',NULL,NULL),('L-787d141c:1363d5b6fa2:-7fb2','log:log','1.0','bpbilling','R4eb9968d:13639066586:-7f7a','2012-03-23 16:07:38','UPDATE','PERSNL-77eb9ad:1362de475cb:-7fb1',NULL,'[\"conditions[0].constraints[4]\":[value:[field:[name:\"applysurcharge\",caption:\"Apply Surcharge\",type:\"boolean\"],fieldvar:null,operator:[name:\"==\",caption:\"equal\"],usevar:false,value:true,arrayvalue:[],displaytext:\"Apply Surcharge == true\"],action:\"remove\",pos:4,name:\"conditions[0].constraints\"],ruletext:[newValue:\"package etracs2.bp.billing.rules.INTEREST;\\n\\nimport bp.billing.facts.*\\nimport java.util.*\\n\\nglobal com.rameses.rules.common.RuleAction actionList\\n\\nrule \\\"INTEREST\\\"\\nagenda-group \\\"INTEREST\\\"\\nno-loop\\nsalience 50000\\n\\nwhen\\n\\$LEDGER : BPLedgerFact( \\$ledgerid:ledgerid )\\n\\$TAXFEE : TaxFeeFact( \\$taxfeeid:taxfeeid, ledgerid == \\$ledgerid )\\nTaxFeeFact(MONTHS:monthsfromqtr, AMTDUE:amount, SURCH:surcharge, acctid matches \\\"IA3b52a903:1362da0716c:-7ff6|IA4eb9968d:13639066586:-7f89\\\", taxfeeid == \\$taxfeeid, ledgerid == \\$ledgerid)\\nthen\\n\\$TAXFEE.setInterestacctid(\\\"IA2a8c8a24:1363832b9dd:-7fce\\\");\\n\\$TAXFEE.setInterestaccttitle(\\\"INTEREST FOR BUSINESS\\\");\\n\\$TAXFEE.setInterest(MONTHS > 36  ?  36 * (AMTDUE + SURCH) * 0.02    :    MONTHS *  (AMTDUE + SURCH) * 0.02 );\\n\\nactionList.setContext( drools );\\nactionList.execute(\\\"calcInterest\\\", \\$TAXFEE );\\nend\",action:\"update\",oldValue:\"package etracs2.bp.billing.rules.INTEREST;\\n\\nimport bp.billing.facts.*\\nimport java.util.*\\n\\nglobal com.rameses.rules.common.RuleAction actionList\\n\\nrule \\\"INTEREST\\\"\\nagenda-group \\\"INTEREST\\\"\\nno-loop\\nsalience 50000\\n\\nwhen\\n\\$LEDGER : BPLedgerFact( \\$ledgerid:ledgerid )\\n\\$TAXFEE : TaxFeeFact( \\$taxfeeid:taxfeeid, ledgerid == \\$ledgerid )\\nTaxFeeFact(MONTHS:monthsfromqtr, AMTDUE:amount, SURCH:surcharge, acctid matches \\\"IA3b52a903:1362da0716c:-7ff6|IA4eb9968d:13639066586:-7f89\\\", applysurcharge == true, taxfeeid == \\$taxfeeid, ledgerid == \\$ledgerid)\\nthen\\n\\$TAXFEE.setInterestacctid(\\\"IA2a8c8a24:1363832b9dd:-7fce\\\");\\n\\$TAXFEE.setInterestaccttitle(\\\"INTEREST FOR BUSINESS\\\");\\n\\$TAXFEE.setInterest(MONTHS > 36  ?  36 * (AMTDUE + SURCH) * 0.02    :    MONTHS *  (AMTDUE + SURCH) * 0.02 );\\n\\nactionList.setContext( drools );\\nactionList.execute(\\\"calcInterest\\\", \\$TAXFEE );\\nend\"],\"conditions[0].displaytext\":[newValue:\"TaxFeeFact(MONTHS:Months From Qtr,AMTDUE:Amount Due,SURCH:Surcharge,Account matches BUSINESS TAX ON RETAILER,MAYOR\'S PERMIT)\",action:\"update\",oldValue:\"TaxFeeFact(MONTHS:Months From Qtr,AMTDUE:Amount Due,SURCH:Surcharge,Account matches BUSINESS TAX ON RETAILER,MAYOR\'S PERMIT,Apply Surcharge == true)\"]]'),('L-787d141c:1363d5b6fa2:-7fb3','log:log','1.0','bpbilling','R4eb9968d:13639066586:-7f7a','2012-03-23 16:07:30','UNDEPLOY','PERSNL-77eb9ad:1362de475cb:-7fb1',NULL,NULL),('L-787d141c:1363d5b6fa2:-7fb4','log:log','1.0','BPApplication','BP-787d141c:1363d5b6fa2:-7fb8','2012-03-23 16:05:03','APPROVE','PERSNL-77eb9ad:1362de475cb:-7fb1','NEW',NULL),('L-787d141c:1363d5b6fa2:-7fb9','log:log','1.0','bpbilling','R4eb9968d:13639066586:-7f7a','2012-03-23 16:04:05','DEPLOY','PERSNL-77eb9ad:1362de475cb:-7fb1',NULL,NULL),('L-787d141c:1363d5b6fa2:-7fba','log:log','1.0','bpbilling','R4eb9968d:13639066586:-7f7a','2012-03-23 16:04:03','UPDATE','PERSNL-77eb9ad:1362de475cb:-7fb1',NULL,'[\"conditions[0].constraints[4]\":[value:[field:[name:\"applysurcharge\",caption:\"Apply Surcharge\",type:\"boolean\"],fieldvar:null,operator:[name:\"==\",caption:\"equal\"],usevar:false,value:true,arrayvalue:[],displaytext:\"Apply Surcharge == true\"],action:\"add\",pos:4,name:\"conditions[0].constraints\"],ruletext:[newValue:\"package etracs2.bp.billing.rules.INTEREST;\\n\\nimport bp.billing.facts.*\\nimport java.util.*\\n\\nglobal com.rameses.rules.common.RuleAction actionList\\n\\nrule \\\"INTEREST\\\"\\nagenda-group \\\"INTEREST\\\"\\nno-loop\\nsalience 50000\\n\\nwhen\\n\\$LEDGER : BPLedgerFact( \\$ledgerid:ledgerid )\\n\\$TAXFEE : TaxFeeFact( \\$taxfeeid:taxfeeid, ledgerid == \\$ledgerid )\\nTaxFeeFact(MONTHS:monthsfromqtr, AMTDUE:amount, SURCH:surcharge, acctid matches \\\"IA3b52a903:1362da0716c:-7ff6|IA4eb9968d:13639066586:-7f89\\\", applysurcharge == true, taxfeeid == \\$taxfeeid, ledgerid == \\$ledgerid)\\nthen\\n\\$TAXFEE.setInterestacctid(\\\"IA2a8c8a24:1363832b9dd:-7fce\\\");\\n\\$TAXFEE.setInterestaccttitle(\\\"INTEREST FOR BUSINESS\\\");\\n\\$TAXFEE.setInterest(MONTHS > 36  ?  36 * (AMTDUE + SURCH) * 0.02    :    MONTHS *  (AMTDUE + SURCH) * 0.02 );\\n\\nactionList.setContext( drools );\\nactionList.execute(\\\"calcInterest\\\", \\$TAXFEE );\\nend\",action:\"update\",oldValue:\"package etracs2.bp.billing.rules.INTEREST;\\n\\nimport bp.billing.facts.*\\nimport java.util.*\\n\\nglobal com.rameses.rules.common.RuleAction actionList\\n\\nrule \\\"INTEREST\\\"\\nagenda-group \\\"INTEREST\\\"\\nno-loop\\nsalience 50000\\n\\nwhen\\n\\$LEDGER : BPLedgerFact( \\$ledgerid:ledgerid )\\n\\$TAXFEE : TaxFeeFact( \\$taxfeeid:taxfeeid, ledgerid == \\$ledgerid )\\nTaxFeeFact(MONTHS:monthsfromqtr, AMTDUE:amount, SURCH:surcharge, acctid matches \\\"IA3b52a903:1362da0716c:-7ff6|IA4eb9968d:13639066586:-7f89\\\", taxfeeid == \\$taxfeeid, ledgerid == \\$ledgerid)\\nthen\\n\\$TAXFEE.setInterestacctid(\\\"IA2a8c8a24:1363832b9dd:-7fce\\\");\\n\\$TAXFEE.setInterestaccttitle(\\\"INTEREST FOR BUSINESS\\\");\\n\\$TAXFEE.setInterest(MONTHS > 36  ?  36 * (AMTDUE + SURCH) * 0.02    :    MONTHS *  (AMTDUE + SURCH) * 0.02 );\\n\\nactionList.setContext( drools );\\nactionList.execute(\\\"calcInterest\\\", \\$TAXFEE );\\nend\"],\"conditions[0].displaytext\":[newValue:\"TaxFeeFact(MONTHS:Months From Qtr,AMTDUE:Amount Due,SURCH:Surcharge,Account matches BUSINESS TAX ON RETAILER,MAYOR\'S PERMIT,Apply Surcharge == true)\",action:\"update\",oldValue:\"TaxFeeFact(MONTHS:Months From Qtr,AMTDUE:Amount Due,SURCH:Surcharge,Account matches BUSINESS TAX ON RETAILER,MAYOR\'S PERMIT)\"]]'),('L-787d141c:1363d5b6fa2:-7fbb','log:log','1.0','bpbilling','R4eb9968d:13639066586:-7f7a','2012-03-23 15:56:00','UNDEPLOY','PERSNL-77eb9ad:1362de475cb:-7fb1',NULL,NULL),('L-787d141c:1363d5b6fa2:-7fbd','log:log','1.0','CRAAF','REM-787d141c:1363d5b6fa2:-7fc0','2012-03-23 13:50:25','UPDATE','PERSNL-12f70615:1362b0b3421:-7ffa',NULL,NULL),('L-787d141c:1363d5b6fa2:-7fd0','log:log','1.0','MISC','RCT-787d141c:1363d5b6fa2:-7fd2','2012-03-23 13:43:42','CREATE','PERSNL-12f70615:1362b0b3421:-7ffa',NULL,NULL),('L-787d141c:1363d5b6fa2:-7fd5','log:log','1.0','MISC','RCT-787d141c:1363d5b6fa2:-7fd7','2012-03-23 13:43:42','CREATE','PERSNL-12f70615:1362b0b3421:-7ffa',NULL,NULL),('L-787d141c:1363d5b6fa2:-7fdb','log:log','1.0','BatchCapture','B-787d141c:1363d5b6fa2:-7fdd','2012-03-23 13:43:42','UPDATE','PERSNL-12f70615:1362b0b3421:-7ffa',NULL,NULL),('L-787d141c:1363d5b6fa2:-7fdc','log:log','1.0','BatchCapture','B-787d141c:1363d5b6fa2:-7fdd','2012-03-23 13:43:01','CREATE','PERSNL-12f70615:1362b0b3421:-7ffa',NULL,NULL),('L-787d141c:1363d5b6fa2:-7fe6','log:log','1.0','MISC','RCT-787d141c:1363d5b6fa2:-7fe8','2012-03-23 13:19:42','CREATE','PERSNL-12f70615:1362b0b3421:-7ffa',NULL,NULL),('L-787d141c:1363d5b6fa2:-7feb','log:log','1.0','MISC','RCT-787d141c:1363d5b6fa2:-7fed','2012-03-23 13:19:42','CREATE','PERSNL-12f70615:1362b0b3421:-7ffa',NULL,NULL),('L-787d141c:1363d5b6fa2:-7ff0','log:log','1.0','BatchCapture','B-787d141c:1363d5b6fa2:-7ff2','2012-03-23 13:19:42','UPDATE','PERSNL-12f70615:1362b0b3421:-7ffa',NULL,NULL),('L-787d141c:1363d5b6fa2:-7ff1','log:log','1.0','BatchCapture','B-787d141c:1363d5b6fa2:-7ff2','2012-03-23 13:19:40','CREATE','PERSNL-12f70615:1362b0b3421:-7ffa',NULL,NULL),('L-787d141c:1363d5b6fa2:-7ff3','log:log','1.0','IncomeAccount','IA57e27d97:135e1abe297:-7fc2','2012-03-23 13:15:24','UPDATE','PERSNL-12f70615:1362b0b3421:-7ffa',NULL,'[groupid:[newValue:\"TEST\",action:\"update\",oldValue:null],sys_lastupdate:[newValue:1332479724000,action:\"update\"],sys_lastupdateby:[newValue:\"PERSNL-12f70615:1362b0b3421:-7ffa\",action:\"update\"]]'),('L-787d141c:1363d5b6fa2:-7ff4','log:log','1.0','IncomeAccount','IA57e27d97:135e1abe297:-7fe0','2012-03-23 13:15:20','UPDATE','PERSNL-12f70615:1362b0b3421:-7ffa',NULL,'[groupid:[newValue:\"TEST\",action:\"update\",oldValue:null],sys_lastupdate:[newValue:1332479720000,action:\"update\"],sys_lastupdateby:[newValue:\"PERSNL-12f70615:1362b0b3421:-7ffa\",action:\"update\"]]'),('L-7ab16a27:136de149d9c:-7fe7','log:log','1.0','MISC','RCT-7ab16a27:136de149d9c:-7fea','2012-04-23 16:37:11','CREATE','PERSNL2e03615d:136b8c85690:-7ffb',NULL,NULL),('L-7ab16a27:136de149d9c:-7fec','log:log','1.0','CRAAF','IRAF-7ab16a27:136de149d9c:-7ff1','2012-04-23 16:36:04','GENERATE','PERSNL-77eb9ad:1362de475cb:-7ffa',NULL,NULL),('L-7ab16a27:136de149d9c:-7ff3','log:log','1.0','RIV','R-7ab16a27:136de149d9c:-7ff5','2012-04-23 16:35:33','APPROVE','PERSNL2e03615d:136b8c85690:-7ffb',NULL,NULL),('L-7ab16a27:136de149d9c:-7ff4','log:log','1.0','RIV','R-7ab16a27:136de149d9c:-7ff5','2012-04-23 16:35:31','CREATE','PERSNL2e03615d:136b8c85690:-7ffb',NULL,NULL),('L-7d229091:1364f0c65c7:-7fe5','log:log','1.0','FAAS','F-7d229091:1364f0c65c7:-7ff7','2012-03-26 21:29:48','UPDATE','PERSNL-77eb9ad:1362de475cb:-7f2e','','[:]'),('L-7d229091:1364f0c65c7:-7fe9','log:log','1.0','FAAS','F-7d229091:1364f0c65c7:-7ff7','2012-03-26 21:29:11','UPDATE','PERSNL-77eb9ad:1362de475cb:-7f2e','','[\"info.tdno\":[newValue:\"100-001001\",action:\"update\"]]'),('L-7d229091:1364f0c65c7:-7fec','log:log','1.0','FAAS','F-7d229091:1364f0c65c7:-7ff7','2012-03-26 21:28:55','UPDATE','PERSNL-77eb9ad:1362de475cb:-7f2e','','[:]'),('L-7d229091:1364f0c65c7:-7ff3','log:log','1.0','FAAS','F-7d229091:1364f0c65c7:-7ff7','2012-03-26 20:57:46','UPDATE','PERSNL-77eb9ad:1362de475cb:-7f2e','','[:]'),('L-7d229091:1364f0c65c7:-7ff4','log:log','1.0','FAAS','F-7d229091:1364f0c65c7:-7ff7','2012-03-26 20:57:41','UPDATE','PERSNL-77eb9ad:1362de475cb:-7f2e','','[:]'),('L-7d229091:1364f0c65c7:-7ff5','log:log','1.0','FAAS','F-7d229091:1364f0c65c7:-7ff7','2012-03-26 20:57:33','SUBMIT','PERSNL-77eb9ad:1362de475cb:-7f2e',NULL,NULL),('L-7d229091:1364f0c65c7:-7ff6','log:log','1.0','Faas','F-7d229091:1364f0c65c7:-7ff7','2012-03-26 20:57:29','CREATE','PERSNL-77eb9ad:1362de475cb:-7f2e',NULL,NULL),('L-7d229091:1364f0c65c7:-7ff9','log:log','1.0','LGU','100','2012-03-26 20:55:04','CREATE','SYSTASK',NULL,NULL),('L-a5683f2:136571474b2:-7fbf','log:log','1.0','FAAS','F-a5683f2:136571474b2:-7fc7','2012-03-28 11:50:54','APPROVE','PERSNL-77eb9ad:1362de475cb:-7f2e',NULL,NULL),('L-a5683f2:136571474b2:-7fc0','log:log','1.0','FAAS','F-a5683f2:136571474b2:-7fc7','2012-03-28 11:50:54','APPROVE','PERSNL-77eb9ad:1362de475cb:-7f2e',NULL,NULL),('L-a5683f2:136571474b2:-7fc1','log:log','1.0','RPTLedger','L-a5683f2:136571474b2:-7fc3','2012-03-28 11:50:54','CREATE','PERSNL-77eb9ad:1362de475cb:-7f2e',NULL,NULL),('L-a5683f2:136571474b2:-7fc4','log:log','1.0','FAAS','F-a5683f2:136571474b2:-7fc7','2012-03-28 11:50:53','UPDATE','PERSNL-77eb9ad:1362de475cb:-7f2e','','[:]'),('L-a5683f2:136571474b2:-7fc5','log:log','1.0','FAAS','F-a5683f2:136571474b2:-7fc7','2012-03-28 11:50:51','SUBMIT','PERSNL-77eb9ad:1362de475cb:-7f2e',NULL,NULL),('L-a5683f2:136571474b2:-7fc6','log:log','1.0','Faas','F-a5683f2:136571474b2:-7fc7','2012-03-28 11:50:48','CREATE','PERSNL-77eb9ad:1362de475cb:-7f2e',NULL,NULL),('L-a5683f2:136571474b2:-7fc9','log:log','1.0','FAAS','F-a5683f2:136571474b2:-7fd0','2012-03-28 11:38:42','APPROVE','PERSNL-77eb9ad:1362de475cb:-7f2e',NULL,NULL),('L-a5683f2:136571474b2:-7fca','log:log','1.0','FAAS','F-a5683f2:136571474b2:-7fd0','2012-03-28 11:38:42','APPROVE','PERSNL-77eb9ad:1362de475cb:-7f2e',NULL,NULL),('L-a5683f2:136571474b2:-7fcb','log:log','1.0','RPTLedger','L-5dfc4b9f:13651f0a0de:-7ff2','2012-03-28 11:38:42','CREATE_ITEM','PERSNL-77eb9ad:1362de475cb:-7f2e',NULL,NULL),('L-a5683f2:136571474b2:-7fcd','log:log','1.0','FAAS','F-a5683f2:136571474b2:-7fd0','2012-03-28 11:38:42','UPDATE','PERSNL-77eb9ad:1362de475cb:-7f2e','','[:]'),('L-a5683f2:136571474b2:-7fce','log:log','1.0','FAAS','F-a5683f2:136571474b2:-7fd0','2012-03-28 11:38:40','SUBMIT','PERSNL-77eb9ad:1362de475cb:-7f2e',NULL,NULL),('L-a5683f2:136571474b2:-7fcf','log:log','1.0','Faas','F-a5683f2:136571474b2:-7fd0','2012-03-28 11:38:39','CREATE','PERSNL-77eb9ad:1362de475cb:-7f2e',NULL,NULL),('L-a5683f2:136571474b2:-7fd3','log:log','1.0','FAAS','F-a5683f2:136571474b2:-7fda','2012-03-28 11:24:22','APPROVE','PERSNL-77eb9ad:1362de475cb:-7f2e',NULL,NULL),('L-a5683f2:136571474b2:-7fd4','log:log','1.0','FAAS','F-a5683f2:136571474b2:-7fda','2012-03-28 11:24:22','APPROVE','PERSNL-77eb9ad:1362de475cb:-7f2e',NULL,NULL),('L-a5683f2:136571474b2:-7fd5','log:log','1.0','RPTLedger','L-5dfc4b9f:13651f0a0de:-7ff2','2012-03-28 11:24:22','CREATE_ITEM','PERSNL-77eb9ad:1362de475cb:-7f2e',NULL,NULL),('L-a5683f2:136571474b2:-7fd7','log:log','1.0','FAAS','F-a5683f2:136571474b2:-7fda','2012-03-28 11:24:22','UPDATE','PERSNL-77eb9ad:1362de475cb:-7f2e','','[:]'),('L-a5683f2:136571474b2:-7fd8','log:log','1.0','FAAS','F-a5683f2:136571474b2:-7fda','2012-03-28 11:24:20','SUBMIT','PERSNL-77eb9ad:1362de475cb:-7f2e',NULL,NULL),('L-a5683f2:136571474b2:-7fd9','log:log','1.0','Faas','F-a5683f2:136571474b2:-7fda','2012-03-28 11:24:17','CREATE','PERSNL-77eb9ad:1362de475cb:-7f2e',NULL,NULL),('L-a5683f2:136571474b2:-7fdb','log:log','1.0','FAAS','F-a5683f2:136571474b2:-7fe3','2012-03-28 11:07:18','APPROVE','PERSNL-77eb9ad:1362de475cb:-7f2e',NULL,NULL),('L-a5683f2:136571474b2:-7fdc','log:log','1.0','FAAS','F-a5683f2:136571474b2:-7fe3','2012-03-28 11:07:18','APPROVE','PERSNL-77eb9ad:1362de475cb:-7f2e',NULL,NULL),('L-a5683f2:136571474b2:-7fdd','log:log','1.0','RPTLedger','L-5dfc4b9f:13651f0a0de:-7ff2','2012-03-28 11:07:18','CREATE_ITEM','PERSNL-77eb9ad:1362de475cb:-7f2e',NULL,NULL),('L-a5683f2:136571474b2:-7fdf','log:log','1.0','FAAS','F-a5683f2:136571474b2:-7fe3','2012-03-28 11:07:18','UPDATE','PERSNL-77eb9ad:1362de475cb:-7f2e','','[:]'),('L-a5683f2:136571474b2:-7fe0','log:log','1.0','FAAS','F-a5683f2:136571474b2:-7fe3','2012-03-28 11:07:16','SUBMIT','PERSNL-77eb9ad:1362de475cb:-7f2e',NULL,NULL),('L-a5683f2:136571474b2:-7fe1','log:log','1.0','Faas','F-a5683f2:136571474b2:-7fe3','2012-03-28 11:07:13','CREATE','PERSNL-77eb9ad:1362de475cb:-7f2e',NULL,NULL),('L-a5683f2:136571474b2:-7fe2','log:log','1.0','LandRYSetting','LRY-ab8144b:1364cfce92b:-7fd8','2012-03-28 10:56:48','UPDATE','PERSNL-77eb9ad:1362de475cb:-7f2e','','[:]'),('L-a5683f2:136571474b2:-7fe4','log:log','1.0','FAAS','F-a5683f2:136571474b2:-7ffc','2012-03-28 10:41:43','APPROVE','PERSNL-77eb9ad:1362de475cb:-7f2e',NULL,NULL),('L-a5683f2:136571474b2:-7fe5','log:log','1.0','FAAS','F-a5683f2:136571474b2:-7ffc','2012-03-28 10:41:43','APPROVE','PERSNL-77eb9ad:1362de475cb:-7f2e',NULL,NULL),('L-a5683f2:136571474b2:-7fe6','log:log','1.0','RPTLedger','L-5dfc4b9f:13651f0a0de:-7ff2','2012-03-28 10:41:43','CREATE_ITEM','PERSNL-77eb9ad:1362de475cb:-7f2e',NULL,NULL),('L-a5683f2:136571474b2:-7fe8','log:log','1.0','FAAS','F-a5683f2:136571474b2:-7ffc','2012-03-28 10:41:42','UPDATE','PERSNL-77eb9ad:1362de475cb:-7f2e','','[:]'),('L-a5683f2:136571474b2:-7fe9','log:log','1.0','FAAS','F-a5683f2:136571474b2:-7ffc','2012-03-28 10:41:39','SUBMIT','PERSNL-77eb9ad:1362de475cb:-7f2e',NULL,NULL),('L-a5683f2:136571474b2:-7ff1','log:log','1.0','RPT','RCT-a5683f2:136571474b2:-7ff3','2012-03-28 10:41:30','CREATE','PERSNL-12f70615:1362b0b3421:-7ffa',NULL,NULL),('L-a5683f2:136571474b2:-7ffb','log:log','1.0','Faas','F-a5683f2:136571474b2:-7ffc','2012-03-28 10:39:29','CREATE','PERSNL-77eb9ad:1362de475cb:-7f2e',NULL,NULL),('L-d97c0a6:13657caaf62:-7f5d','log:log','1.0','FAAS','F-d97c0a6:13657caaf62:-7f61','2012-03-28 15:26:30','APPROVE','PERSNL-77eb9ad:1362de475cb:-7f2e',NULL,NULL),('L-d97c0a6:13657caaf62:-7f5e','log:log','1.0','RPTLedger','L-d97c0a6:13657caaf62:-7f60','2012-03-28 15:26:30','CREATE','PERSNL-77eb9ad:1362de475cb:-7f2e',NULL,NULL),('L-d97c0a6:13657caaf62:-7f62','log:log','1.0','FAAS','FA-d97c0a6:13657caaf62:-7f6e','2012-03-28 15:23:36','APPROVE','PERSNL-77eb9ad:1362de475cb:-7f2e',NULL,NULL),('L-d97c0a6:13657caaf62:-7f63','log:log','1.0','RPTLedger','L-d97c0a6:13657caaf62:-7fdf','2012-03-28 15:23:36','CREATE_ITEM','PERSNL-77eb9ad:1362de475cb:-7f2e',NULL,NULL),('L-d97c0a6:13657caaf62:-7f65','log:log','1.0','FAAS','F-d97c0a6:13657caaf62:-7f6d','2012-03-28 15:23:36','APPROVE','PERSNL-77eb9ad:1362de475cb:-7f2e',NULL,NULL),('L-d97c0a6:13657caaf62:-7f66','log:log','1.0','RPTLedger','L-d97c0a6:13657caaf62:-7f68','2012-03-28 15:23:36','CREATE','PERSNL-77eb9ad:1362de475cb:-7f2e',NULL,NULL),('L-d97c0a6:13657caaf62:-7f69','log:log','1.0','FAAS','F-d97c0a6:13657caaf62:-7f6f','2012-03-28 15:23:36','APPROVE','PERSNL-77eb9ad:1362de475cb:-7f2e',NULL,NULL),('L-d97c0a6:13657caaf62:-7f6a','log:log','1.0','RPTLedger','L-d97c0a6:13657caaf62:-7f6c','2012-03-28 15:23:36','CREATE','PERSNL-77eb9ad:1362de475cb:-7f2e',NULL,NULL),('L-d97c0a6:13657caaf62:-7f70','log:log','1.0','Subdivision','SD-d97c0a6:13657caaf62:-7fd9','2012-03-28 15:04:17','UPDATE','PERSNL-77eb9ad:1362de475cb:-7f2e','','[:]'),('L-d97c0a6:13657caaf62:-7f73','log:log','1.0','consolidation','C-d97c0a6:13657caaf62:-7f74','2012-03-28 14:47:30','CREATE','PERSNL-77eb9ad:1362de475cb:-7f2e',NULL,NULL),('L-d97c0a6:13657caaf62:-7f7e','log:log','1.0','RPT','RCT-d97c0a6:13657caaf62:-7f80','2012-03-28 14:45:27','CREATE','PERSNL-12f70615:1362b0b3421:-7ffa',NULL,NULL),('L-d97c0a6:13657caaf62:-7f8e','log:log','1.0','RPT','RCT-d97c0a6:13657caaf62:-7f90','2012-03-28 14:45:11','CREATE','PERSNL-12f70615:1362b0b3421:-7ffa',NULL,NULL),('L-d97c0a6:13657caaf62:-7f97','log:log','1.0','RPTLedger','L-d97c0a6:13657caaf62:-7fa6','2012-03-28 14:44:44','APPROVE','PERSNL-12f70615:1362b0b3421:-7ffa',NULL,NULL),('L-d97c0a6:13657caaf62:-7f98','log:log','1.0','RPTLedger','L-d97c0a6:13657caaf62:-7f9d','2012-03-28 14:44:34','APPROVE','PERSNL-12f70615:1362b0b3421:-7ffa',NULL,NULL),('L-d97c0a6:13657caaf62:-7f99','log:log','1.0','FAAS','F-d97c0a6:13657caaf62:-7fa1','2012-03-28 14:44:08','APPROVE','PERSNL-77eb9ad:1362de475cb:-7f2e',NULL,NULL),('L-d97c0a6:13657caaf62:-7f9a','log:log','1.0','FAAS','F-d97c0a6:13657caaf62:-7fa1','2012-03-28 14:44:08','APPROVE','PERSNL-77eb9ad:1362de475cb:-7f2e',NULL,NULL),('L-d97c0a6:13657caaf62:-7f9b','log:log','1.0','RPTLedger','L-d97c0a6:13657caaf62:-7f9d','2012-03-28 14:44:08','CREATE','PERSNL-77eb9ad:1362de475cb:-7f2e',NULL,NULL),('L-d97c0a6:13657caaf62:-7f9e','log:log','1.0','FAAS','F-d97c0a6:13657caaf62:-7fa1','2012-03-28 14:44:08','UPDATE','PERSNL-77eb9ad:1362de475cb:-7f2e','','[:]'),('L-d97c0a6:13657caaf62:-7f9f','log:log','1.0','FAAS','F-d97c0a6:13657caaf62:-7fa1','2012-03-28 14:44:07','SUBMIT','PERSNL-77eb9ad:1362de475cb:-7f2e',NULL,NULL),('L-d97c0a6:13657caaf62:-7fa0','log:log','1.0','Faas','F-d97c0a6:13657caaf62:-7fa1','2012-03-28 14:44:05','CREATE','PERSNL-77eb9ad:1362de475cb:-7f2e',NULL,NULL),('L-d97c0a6:13657caaf62:-7fa2','log:log','1.0','FAAS','F-d97c0a6:13657caaf62:-7fae','2012-03-28 14:42:58','APPROVE','PERSNL-77eb9ad:1362de475cb:-7f2e',NULL,NULL),('L-d97c0a6:13657caaf62:-7fa3','log:log','1.0','FAAS','F-d97c0a6:13657caaf62:-7fae','2012-03-28 14:42:58','APPROVE','PERSNL-77eb9ad:1362de475cb:-7f2e',NULL,NULL),('L-d97c0a6:13657caaf62:-7fa4','log:log','1.0','RPTLedger','L-d97c0a6:13657caaf62:-7fa6','2012-03-28 14:42:58','CREATE','PERSNL-77eb9ad:1362de475cb:-7f2e',NULL,NULL),('L-d97c0a6:13657caaf62:-7fa7','log:log','1.0','FAAS','F-d97c0a6:13657caaf62:-7fae','2012-03-28 14:42:58','UPDATE','PERSNL-77eb9ad:1362de475cb:-7f2e','','[:]'),('L-d97c0a6:13657caaf62:-7fa8','log:log','1.0','FAAS','F-d97c0a6:13657caaf62:-7fae','2012-03-28 14:42:56','UPDATE','PERSNL-77eb9ad:1362de475cb:-7f2e','','[\"info.tdno\":[newValue:\"10-0001-5000\",action:\"update\"]]'),('L-d97c0a6:13657caaf62:-7fab','log:log','1.0','FAAS','F-d97c0a6:13657caaf62:-7fae','2012-03-28 14:42:45','UPDATE','PERSNL-77eb9ad:1362de475cb:-7f2e','','[:]'),('L-d97c0a6:13657caaf62:-7fac','log:log','1.0','FAAS','F-d97c0a6:13657caaf62:-7fae','2012-03-28 14:42:43','SUBMIT','PERSNL-77eb9ad:1362de475cb:-7f2e',NULL,NULL),('L-d97c0a6:13657caaf62:-7fad','log:log','1.0','Faas','F-d97c0a6:13657caaf62:-7fae','2012-03-28 14:42:40','CREATE','PERSNL-77eb9ad:1362de475cb:-7f2e',NULL,NULL),('L-d97c0a6:13657caaf62:-7fb1','log:log','1.0','Subdivision','SD-d97c0a6:13657caaf62:-7fd9','2012-03-28 14:36:17','UPDATE','PERSNL-77eb9ad:1362de475cb:-7f2e','','[:]'),('L-d97c0a6:13657caaf62:-7fb2','log:log','1.0','Subdivision','SD-d97c0a6:13657caaf62:-7fd9','2012-03-28 14:35:16','UPDATE','PERSNL-77eb9ad:1362de475cb:-7f2e','','[:]'),('L-d97c0a6:13657caaf62:-7fb3','log:log','1.0','Subdivision','SD-d97c0a6:13657caaf62:-7fd9','2012-03-28 14:26:19','UPDATE','PERSNL-77eb9ad:1362de475cb:-7f2e','','[:]'),('L-d97c0a6:13657caaf62:-7fb4','log:log','1.0','Subdivision','SD-d97c0a6:13657caaf62:-7fd9','2012-03-28 14:26:18','UPDATE','PERSNL-77eb9ad:1362de475cb:-7f2e','','[:]'),('L-d97c0a6:13657caaf62:-7fb7','log:log','1.0','Subdivision','SD-d97c0a6:13657caaf62:-7fd9','2012-03-28 14:11:21','UPDATE','PERSNL-77eb9ad:1362de475cb:-7f2e','','[recommendedbytitle:[newValue:\"RECOMMENDING OFFICER\",action:\"update\",oldValue:null],appraisedbyid:[newValue:\"RPTO-62eb6464:13642754aed:-7fd9\",action:\"update\"],recommendedby:[newValue:\"WINDHEL PALEN\",action:\"update\",oldValue:null],approvedby:[newValue:\"REX ESCARIO\",action:\"update\",oldValue:null],approvedbyid:[newValue:\"RPTO-62eb6464:13642754aed:-7fdb\",action:\"update\"],recommendedbyid:[newValue:\"RPTO-5dfc4b9f:13651f0a0de:-7ff6\",action:\"update\"],appraisedbytitle:[newValue:\"LAOO\",action:\"update\",oldValue:null],approvedbytitle:[newValue:\"MUNICIPAL ASSESSOR\",action:\"update\",oldValue:null],appraisedby:[newValue:\"ELMO NAZARENO\",action:\"update\",oldValue:null]]'),('L-d97c0a6:13657caaf62:-7fc4','log:log','1.0','RPT','RCT-d97c0a6:13657caaf62:-7fc6','2012-03-28 14:11:14','CREATE','PERSNL-12f70615:1362b0b3421:-7ffa',NULL,NULL),('L-d97c0a6:13657caaf62:-7fd3','log:log','1.0','SubdividedLand','SL-d97c0a6:13657caaf62:-7fd4','2012-03-28 14:07:43','CREATE','PERSNL-77eb9ad:1362de475cb:-7f2e',NULL,NULL),('L-d97c0a6:13657caaf62:-7fd5','log:log','1.0','SubdividedLand','SL-d97c0a6:13657caaf62:-7fd6','2012-03-28 14:07:03','CREATE','PERSNL-77eb9ad:1362de475cb:-7f2e',NULL,NULL),('L-d97c0a6:13657caaf62:-7fd8','log:log','1.0','Subdivision','SD-d97c0a6:13657caaf62:-7fd9','2012-03-28 14:03:48','CREATE','PERSNL-77eb9ad:1362de475cb:-7f2e',NULL,NULL),('L-d97c0a6:13657caaf62:-7fda','log:log','1.0','RPTLedger','L-d97c0a6:13657caaf62:-7fdf','2012-03-28 14:00:36','APPROVE','PERSNL-12f70615:1362b0b3421:-7ffa',NULL,NULL),('L-d97c0a6:13657caaf62:-7fdb','log:log','1.0','FAAS','F-5dfc4b9f:13651f0a0de:-7fb6','2012-03-28 13:59:55','APPROVE','PERSNL-77eb9ad:1362de475cb:-7f2e',NULL,NULL),('L-d97c0a6:13657caaf62:-7fdc','log:log','1.0','FAAS','F-5dfc4b9f:13651f0a0de:-7fb6','2012-03-28 13:59:55','APPROVE','PERSNL-77eb9ad:1362de475cb:-7f2e',NULL,NULL),('L-d97c0a6:13657caaf62:-7fdd','log:log','1.0','RPTLedger','L-d97c0a6:13657caaf62:-7fdf','2012-03-28 13:59:55','CREATE','PERSNL-77eb9ad:1362de475cb:-7f2e',NULL,NULL),('L-d97c0a6:13657caaf62:-7fe0','log:log','1.0','FAAS','F-5dfc4b9f:13651f0a0de:-7fb6','2012-03-28 13:59:54','UPDATE','PERSNL-77eb9ad:1362de475cb:-7f2e','','[:]'),('L-d97c0a6:13657caaf62:-7fe1','log:log','1.0','FAAS','F-5dfc4b9f:13651f0a0de:-7fb6','2012-03-28 13:59:53','UPDATE','PERSNL-77eb9ad:1362de475cb:-7f2e','','[\"info.tdno\":[newValue:\"10-01-100000\",action:\"update\"]]'),('L-d97c0a6:13657caaf62:-7fe4','log:log','1.0','FAAS','F-5dfc4b9f:13651f0a0de:-7fb6','2012-03-28 13:59:38','UPDATE','PERSNL-77eb9ad:1362de475cb:-7f2e','','[:]'),('L-d97c0a6:13657caaf62:-7fe5','log:log','1.0','FAAS','F-5dfc4b9f:13651f0a0de:-7fb6','2012-03-28 13:59:36','SUBMIT','PERSNL-77eb9ad:1362de475cb:-7f2e',NULL,NULL),('L-d97c0a6:13657caaf62:-7fe6','log:log','1.0','BldgRYSetting','BRY52647b4a:13642a8c8a1:-2c74','2012-03-28 13:58:56','UPDATE','PERSNL-77eb9ad:1362de475cb:-7f2e','','[fixrate:[newValue:0,action:\"update\"]]'),('L-d97c0a6:13657caaf62:-7fe7','log:log','1.0','BldgRYSetting','BRY52647b4a:13642a8c8a1:-2c74','2012-03-28 13:58:55','UPDATE','PERSNL-77eb9ad:1362de475cb:-7f2e','','[fixrate:[newValue:0,action:\"update\"]]'),('L-d97c0a6:13657caaf62:-7fe8','log:log','1.0','Faas','F-d97c0a6:13657caaf62:-7ff1','2012-03-28 13:58:11','CREATE','PERSNL-77eb9ad:1362de475cb:-7f2e',NULL,NULL),('L-d97c0a6:13657caaf62:-7fe9','log:log','1.0','BldgRYSetting','BRY52647b4a:13642a8c8a1:-2c74','2012-03-28 13:57:20','UPDATE','PERSNL-77eb9ad:1362de475cb:-7f2e','','[fixrate:[newValue:0,action:\"update\"]]'),('L-d97c0a6:13657caaf62:-7fea','log:log','1.0','BldgRYSetting','BRY52647b4a:13642a8c8a1:-2c74','2012-03-28 13:55:08','UPDATE','PERSNL-77eb9ad:1362de475cb:-7f2e','','[fixrate:[newValue:0,action:\"update\"]]'),('L-d97c0a6:13657caaf62:-7feb','log:log','1.0','BldgRYSetting','BRY52647b4a:13642a8c8a1:-2c74','2012-03-28 13:55:07','UPDATE','PERSNL-77eb9ad:1362de475cb:-7f2e','','[fixrate:[newValue:0,action:\"update\"]]'),('L-d97c0a6:13657caaf62:-7ff2','log:log','1.0','FAAS','F-d97c0a6:13657caaf62:-7ffa','2012-03-28 13:42:40','APPROVE','PERSNL-77eb9ad:1362de475cb:-7f2e',NULL,NULL),('L-d97c0a6:13657caaf62:-7ff3','log:log','1.0','FAAS','F-d97c0a6:13657caaf62:-7ffa','2012-03-28 13:42:40','APPROVE','PERSNL-77eb9ad:1362de475cb:-7f2e',NULL,NULL),('L-d97c0a6:13657caaf62:-7ff4','log:log','1.0','RPTLedger','L-d97c0a6:13657caaf62:-7ff6','2012-03-28 13:42:40','CREATE','PERSNL-77eb9ad:1362de475cb:-7f2e',NULL,NULL),('L-d97c0a6:13657caaf62:-7ff7','log:log','1.0','FAAS','F-d97c0a6:13657caaf62:-7ffa','2012-03-28 13:42:40','UPDATE','PERSNL-77eb9ad:1362de475cb:-7f2e','','[:]'),('L-d97c0a6:13657caaf62:-7ff8','log:log','1.0','FAAS','F-d97c0a6:13657caaf62:-7ffa','2012-03-28 13:42:37','SUBMIT','PERSNL-77eb9ad:1362de475cb:-7f2e',NULL,NULL),('L-d97c0a6:13657caaf62:-7ff9','log:log','1.0','Faas','F-d97c0a6:13657caaf62:-7ffa','2012-03-28 13:42:34','CREATE','PERSNL-77eb9ad:1362de475cb:-7f2e',NULL,NULL),('L157c28d:136a4254150:-7ff8','log:log','1.0','bpbilling','R157c28d:136a4254150:-7ffc','2012-04-12 11:26:43','DEPLOY','PERSNL-77eb9ad:1362de475cb:-7fb1',NULL,NULL),('L157c28d:136a4254150:-7ff9','log:log','1.0','bpbilling','R157c28d:136a4254150:-7ffc','2012-04-12 11:26:41','UPDATE','PERSNL-77eb9ad:1362de475cb:-7fb1',NULL,'[\"varlist[0]\":[value:\"AMTDUE\",action:\"add\",pos:0,name:\"varlist\"],\"conditions[0].constraints[0].fieldvar\":[newValue:\"AMTDUE\",action:\"update\",oldValue:null],\"conditions[0].constraints[0].field.name\":[newValue:\"amount\",action:\"update\",oldValue:\"acctid\"],\"conditions[0].constraints[0].field.type\":[newValue:\"decimal\",action:\"update\",oldValue:\"string\"],\"actions[0].displaytext\":[newValue:\"Calculate ADOPTION using the formula: AMTDUE * 10\",action:\"update\",oldValue:\"Calculate ADOPTION using the formula: 10\"],ruletext:[newValue:\"package etracs2.bp.billing.rules.A;\\n\\nimport bp.billing.facts.*\\nimport java.util.*\\n\\nglobal com.rameses.rules.common.RuleAction actionList\\n\\nrule \\\"A\\\"\\nagenda-group \\\"SURCHARGE\\\"\\nno-loop\\nsalience 50000\\n\\nwhen\\n\\$LEDGER : BPLedgerFact( \\$ledgerid:ledgerid )\\n\\$TAXFEE : TaxFeeFact( \\$taxfeeid:taxfeeid, ledgerid == \\$ledgerid )\\nTaxFeeFact(AMTDUE:amount, taxfeeid == \\$taxfeeid, ledgerid == \\$ledgerid)\\nthen\\n\\$TAXFEE.setSurchargeacctid(\\\"IA57e27d97:135e1abe297:-7fc2\\\");\\n\\$TAXFEE.setSurchargeaccttitle(\\\"ADOPTION\\\");\\n\\$TAXFEE.setSurcharge(AMTDUE * 10);\\n\\nactionList.setContext( drools );\\nactionList.execute(\\\"calcSurcharge\\\", \\$TAXFEE );\\nend\",action:\"update\",oldValue:\"package etracs2.bp.billing.rules.A;\\n\\nimport bp.billing.facts.*\\nimport java.util.*\\n\\nglobal com.rameses.rules.common.RuleAction actionList\\n\\nrule \\\"A\\\"\\nagenda-group \\\"SURCHARGE\\\"\\nno-loop\\nsalience 50000\\n\\nwhen\\n\\$LEDGER : BPLedgerFact( \\$ledgerid:ledgerid )\\n\\$TAXFEE : TaxFeeFact( \\$taxfeeid:taxfeeid, ledgerid == \\$ledgerid )\\nTaxFeeFact(acctid matches \\\"IA57e27d97:135e1abe297:-7fe0|IA57e27d97:135e1abe297:-7fc2\\\", taxfeeid == \\$taxfeeid, ledgerid == \\$ledgerid)\\nthen\\n\\$TAXFEE.setSurchargeacctid(\\\"IA57e27d97:135e1abe297:-7fc2\\\");\\n\\$TAXFEE.setSurchargeaccttitle(\\\"ADOPTION\\\");\\n\\$TAXFEE.setSurcharge(10);\\n\\nactionList.setContext( drools );\\nactionList.execute(\\\"calcSurcharge\\\", \\$TAXFEE );\\nend\"],\"conditions[0].constraints[0].field.caption\":[newValue:\"Amount Due\",action:\"update\",oldValue:\"Account\"],\"conditions[0].constraints[0].arrayvalue\":[newValue:null,action:\"update\",oldValue:[[objid:\"IA57e27d97:135e1abe297:-7fe0\",name:\"ADMINISTERING OATH\"],[objid:\"IA57e27d97:135e1abe297:-7fc2\",name:\"ADOPTION\"]]],\"conditions[0].constraints[0].field.lookuphandler\":[action:\"update\",oldValue:\"bpbilling_lookup.taxfee\"],\"conditions[0].constraints[0].value\":[newValue:null,action:\"update\",oldValue:\"ADMINISTERING OATH,ADOPTION\"],\"actions[0].expr\":[newValue:\"AMTDUE * 10\",action:\"update\",oldValue:\"10\"],\"conditions[0].constraints[0].displaytext\":[newValue:\"AMTDUE:Amount Due\",action:\"update\",oldValue:\"Account matches ADMINISTERING OATH,ADOPTION\"],\"conditions[0].constraints[0].operator\":[newValue:null,action:\"update\",oldValue:[name:\"matches\",caption:\"matches\"]],\"conditions[0].displaytext\":[newValue:\"TaxFeeFact(AMTDUE:Amount Due)\",action:\"update\",oldValue:\"TaxFeeFact(Account matches ADMINISTERING OATH,ADOPTION)\"]]'),('L157c28d:136a4254150:-7ffa','log:log','1.0','bpbilling','R157c28d:136a4254150:-7ffc','2012-04-12 11:25:23','UPDATE','PERSNL-77eb9ad:1362de475cb:-7fb1',NULL,'[\"actions[0]\":[value:[opener:\"bpbillingrule_action_surcharge\",acctid:\"IA57e27d97:135e1abe297:-7fc2\",accttitle:\"ADOPTION\",expr:\"10\",displaytext:\"Calculate ADOPTION using the formula: 10\",actiontype:\"calcSurcharge\"],action:\"add\",pos:0,name:\"actions\"],ruletext:[newValue:\"package etracs2.bp.billing.rules.A;\\n\\nimport bp.billing.facts.*\\nimport java.util.*\\n\\nglobal com.rameses.rules.common.RuleAction actionList\\n\\nrule \\\"A\\\"\\nagenda-group \\\"SURCHARGE\\\"\\nno-loop\\nsalience 50000\\n\\nwhen\\n\\$LEDGER : BPLedgerFact( \\$ledgerid:ledgerid )\\n\\$TAXFEE : TaxFeeFact( \\$taxfeeid:taxfeeid, ledgerid == \\$ledgerid )\\nTaxFeeFact(acctid matches \\\"IA57e27d97:135e1abe297:-7fe0|IA57e27d97:135e1abe297:-7fc2\\\", taxfeeid == \\$taxfeeid, ledgerid == \\$ledgerid)\\nthen\\n\\$TAXFEE.setSurchargeacctid(\\\"IA57e27d97:135e1abe297:-7fc2\\\");\\n\\$TAXFEE.setSurchargeaccttitle(\\\"ADOPTION\\\");\\n\\$TAXFEE.setSurcharge(10);\\n\\nactionList.setContext( drools );\\nactionList.execute(\\\"calcSurcharge\\\", \\$TAXFEE );\\nend\",action:\"update\",oldValue:\"package etracs2.bp.billing.rules;\\n\\nimport bp.billing.facts.*\\nimport java.util.*\\n\\nglobal com.rameses.rules.common.RuleAction actionList\\n\\nrule \\\"A\\\"\\nagenda-group \\\"SURCHARGE\\\"\\nno-loop\\nsalience 50000\\n\\nwhen\\n\\$LEDGER : BPLedgerFact( \\$ledgerid:ledgerid )\\n\\$TAXFEE : TaxFeeFact( \\$taxfeeid:taxfeeid, ledgerid == \\$ledgerid )\\nTaxFeeFact(acctid matches \\\"IA57e27d97:135e1abe297:-7fe0|IA57e27d97:135e1abe297:-7fc2\\\", taxfeeid == \\$taxfeeid, ledgerid == \\$ledgerid)\\nthen\\nend\"]]'),('L157c28d:136a4254150:-7ffb','log:log','1.0','bpbilling','R157c28d:136a4254150:-7ffc','2012-04-12 09:27:35','CREATE','PERSNL-77eb9ad:1362de475cb:-7fb1',NULL,NULL),('L2314f17:1364dd25e3f:-7fdf','log:log','1.0','Faas','F2314f17:1364dd25e3f:-7fe0','2012-03-26 16:36:51','CREATE','PERSNL-77eb9ad:1362de475cb:-7f2e',NULL,NULL),('L2314f17:1364dd25e3f:-7fe1','log:log','1.0','FAAS','F2314f17:1364dd25e3f:-7fe4','2012-03-26 16:35:37','UPDATE','PERSNL-77eb9ad:1362de475cb:-7f2e','','[\"rpu.info.planttotal.bearing\":[newValue:0.0,action:\"update\",oldValue:0],\"rpu.info.landdetails[0].assessedvalue\":[newValue:8E+2,action:\"update\",oldValue:null],\"rpu.info.landdetails[0].area\":[newValue:2.00,action:\"update\",oldValue:2.00],\"rpu.info.planttotal.nonbearing\":[newValue:0.0,action:\"update\",oldValue:0.00],\"rpu.info.landdetails[0].areaha\":[newValue:2.00,action:\"update\",oldValue:2.00]]'),('L2314f17:1364dd25e3f:-7fe2','log:log','1.0','FAAS','F2314f17:1364dd25e3f:-7fe4','2012-03-26 16:35:08','SUBMIT','PERSNL-77eb9ad:1362de475cb:-7f2e',NULL,NULL),('L2314f17:1364dd25e3f:-7fe3','log:log','1.0','Faas','F2314f17:1364dd25e3f:-7fe4','2012-03-26 16:35:02','CREATE','PERSNL-77eb9ad:1362de475cb:-7f2e',NULL,NULL),('L2314f17:1364dd25e3f:-7fe5','log:log','1.0','FAAS','F2314f17:1364dd25e3f:-7fe7','2012-03-26 16:31:56','SUBMIT','PERSNL-77eb9ad:1362de475cb:-7f2e',NULL,NULL),('L2314f17:1364dd25e3f:-7fe6','log:log','1.0','Faas','F2314f17:1364dd25e3f:-7fe7','2012-03-26 16:31:55','CREATE','PERSNL-77eb9ad:1362de475cb:-7f2e',NULL,NULL),('L2314f17:1364dd25e3f:-7ff0','log:log','1.0','LandRYSetting','LRY-ab8144b:1364cfce92b:-7fd8','2012-03-26 16:04:20','UPDATE','PERSNL-77eb9ad:1362de475cb:-7f2e','','[:]'),('L2314f17:1364dd25e3f:-7ff1','log:log','1.0','LandRYSetting','LRY-ab8144b:1364cfce92b:-7fd8','2012-03-26 16:04:20','UPDATE','PERSNL-77eb9ad:1362de475cb:-7f2e','','[:]'),('L2314f17:1364dd25e3f:-7ff2','log:log','1.0','LandRYSetting','LRY-ab8144b:1364cfce92b:-7fd8','2012-03-26 16:04:19','UPDATE','PERSNL-77eb9ad:1362de475cb:-7f2e','','[:]'),('L2314f17:1364dd25e3f:-7ff3','log:log','1.0','LandRYSetting','LRY-ab8144b:1364cfce92b:-7fd8','2012-03-26 16:04:18','UPDATE','PERSNL-77eb9ad:1362de475cb:-7f2e','','[:]'),('L2314f17:1364dd25e3f:-7ff4','log:log','1.0','FAAS','F2314f17:1364dd25e3f:-7ffd','2012-03-26 15:58:51','UPDATE','PERSNL-77eb9ad:1362de475cb:-7f2e','','[\"rpu.info.planttotal.bearing\":[newValue:0E-7,action:\"update\",oldValue:0.000000],\"rpu.info.planttotal.nonbearing\":[newValue:0E-7,action:\"update\",oldValue:0.000000]]'),('L2314f17:1364dd25e3f:-7ff6','log:log','1.0','FAAS','F2314f17:1364dd25e3f:-7ffd','2012-03-26 15:56:37','UPDATE','PERSNL-77eb9ad:1362de475cb:-7f2e','','[\"rpu.info.planttotal.bearing\":[newValue:0.000000,action:\"update\",oldValue:0.00000],\"rpu.info.planttotal.nonbearing\":[newValue:0.000000,action:\"update\",oldValue:0.00000],\"info.titletype\":[newValue:\"OCT\",action:\"update\"]]'),('L2314f17:1364dd25e3f:-7ff8','log:log','1.0','FAAS','F2314f17:1364dd25e3f:-7ffd','2012-03-26 15:45:49','UPDATE','PERSNL-77eb9ad:1362de475cb:-7f2e','','[\"rpu.info.planttotal.bearing\":[newValue:0.00000,action:\"update\",oldValue:0.0000],\"rpu.info.planttotal.nonbearing\":[newValue:0.00000,action:\"update\",oldValue:0.0000]]'),('L2314f17:1364dd25e3f:-7ff9','log:log','1.0','FAAS','F2314f17:1364dd25e3f:-7ffd','2012-03-26 15:45:22','SUBMIT','PERSNL-77eb9ad:1362de475cb:-7f2e',NULL,NULL),('L2314f17:1364dd25e3f:-7ffa','log:log','1.0','Faas','F2314f17:1364dd25e3f:-7ffb','2012-03-26 15:21:21','CREATE','PERSNL-77eb9ad:1362de475cb:-7f2e',NULL,NULL),('L2314f17:1364dd25e3f:-7ffc','log:log','1.0','Faas','F2314f17:1364dd25e3f:-7ffd','2012-03-26 15:14:52','CREATE','PERSNL-77eb9ad:1362de475cb:-7f2e',NULL,NULL),('L26527baa:136a5155d90:-7fef','log:log','1.0','Rule','R157c28d:136a4254150:-7ffc','2012-04-12 13:58:59','UNDEPLOY','PERSNL-77eb9ad:1362de475cb:-7fb1',NULL,NULL),('L26527baa:136a5155d90:-7ff0','log:log','1.0','Rule','R4eb9968d:13639066586:-7f7a','2012-04-12 13:58:55','UNDEPLOY','PERSNL-77eb9ad:1362de475cb:-7fb1',NULL,NULL),('L26527baa:136a5155d90:-7ff1','log:log','1.0','Rule','R4eb9968d:13639066586:-7f86','2012-04-12 13:58:50','UNDEPLOY','PERSNL-77eb9ad:1362de475cb:-7fb1',NULL,NULL),('L26527baa:136a5155d90:-7ff2','log:log','1.0','Rule','R45c5662b:13633239641:-7f9a','2012-04-12 13:57:43','UNDEPLOY','PERSNL-77eb9ad:1362de475cb:-7fb1',NULL,NULL),('L26527baa:136a5155d90:-7ff3','log:log','1.0','Rule','R45c5662b:13633239641:-7f85','2012-04-12 13:57:39','UNDEPLOY','PERSNL-77eb9ad:1362de475cb:-7fb1',NULL,NULL),('L26527baa:136a5155d90:-7ff4','log:log','1.0','Rule','R2a8c8a24:1363832b9dd:-7fdb','2012-04-12 13:57:33','UNDEPLOY','PERSNL-77eb9ad:1362de475cb:-7fb1',NULL,NULL),('L26527baa:136a5155d90:-7ff5','log:log','1.0','Rule','R45c5662b:13633239641:-7fbb','2012-04-12 13:57:28','UNDEPLOY','PERSNL-77eb9ad:1362de475cb:-7fb1',NULL,NULL),('L26527baa:136a5155d90:-7ff6','log:log','1.0','Rule','R45c5662b:13633239641:-7fa0','2012-04-12 13:57:25','UNDEPLOY','PERSNL-77eb9ad:1362de475cb:-7fb1',NULL,NULL),('L26527baa:136a5155d90:-7ff7','log:log','1.0','Rule','R45c5662b:13633239641:-7fa9','2012-04-12 13:57:09','UNDEPLOY','PERSNL-77eb9ad:1362de475cb:-7fb1',NULL,NULL),('L26527baa:136a5155d90:-7ff8','log:log','1.0','Rule','R45c5662b:13633239641:-7fac','2012-04-12 13:57:05','UNDEPLOY','PERSNL-77eb9ad:1362de475cb:-7fb1',NULL,NULL),('L26527baa:136a5155d90:-7ff9','log:log','1.0','Rule','R45c5662b:13633239641:-7fc4','2012-04-12 13:56:42','UNDEPLOY','PERSNL-77eb9ad:1362de475cb:-7fb1',NULL,NULL),('L26527baa:136a5155d90:-7ffa','log:log','1.0','Rule','R45c5662b:13633239641:-7fc1','2012-04-12 13:56:36','UNDEPLOY','PERSNL-77eb9ad:1362de475cb:-7fb1',NULL,NULL),('L26527baa:136a5155d90:-7ffb','log:log','1.0','Rule','R45c5662b:13633239641:-7f6e','2012-04-12 13:56:07','UNDEPLOY','PERSNL-77eb9ad:1362de475cb:-7fb1',NULL,NULL),('L2a8c8a24:1363832b9dd:-7faa','log:log','1.0','bpbilling','R2a8c8a24:1363832b9dd:-7fd4','2012-03-22 13:32:02','DEPLOY','PERSNL2a8c8a24:1363832b9dd:-7fc3',NULL,NULL),('L2a8c8a24:1363832b9dd:-7fab','log:log','1.0','bpbilling','R2a8c8a24:1363832b9dd:-7fd4','2012-03-22 13:31:57','UNDEPLOY','PERSNL2a8c8a24:1363832b9dd:-7fc3',NULL,NULL),('L2a8c8a24:1363832b9dd:-7fac','log:log','1.0','Rule','R45c5662b:13633239641:-7f6e','2012-03-22 13:25:38','UNDEPLOY','PERSNL2a8c8a24:1363832b9dd:-7fc3',NULL,NULL),('L2a8c8a24:1363832b9dd:-7fad','log:log','1.0','BPApplication','BP2a8c8a24:1363832b9dd:-7fb7','2012-03-22 13:21:20','APPROVE','PERSNL2a8c8a24:1363832b9dd:-7fc3','RENEW',NULL),('L2a8c8a24:1363832b9dd:-7fb8','log:log','1.0','Entity','E2a8c8a24:1363832b9dd:-7fb9','2012-03-22 13:19:31','CREATE','PERSNL2a8c8a24:1363832b9dd:-7fc3',NULL,NULL),('L2a8c8a24:1363832b9dd:-7fba','log:log','1.0','BPApplication','BP2a8c8a24:1363832b9dd:-7fc0','2012-03-22 13:17:53','APPROVE','PERSNL2a8c8a24:1363832b9dd:-7fc3','RENEW',NULL),('L2a8c8a24:1363832b9dd:-7fc4','log:log','1.0','bpbilling','R2a8c8a24:1363832b9dd:-7fd4','2012-03-22 12:45:46','DEPLOY','PERSNL-77eb9ad:1362de475cb:-7fb1',NULL,NULL),('L2a8c8a24:1363832b9dd:-7fc5','log:log','1.0','bpbilling','R2a8c8a24:1363832b9dd:-7fd4','2012-03-22 12:45:44','UPDATE','PERSNL-77eb9ad:1362de475cb:-7fb1',NULL,'[\"actions[0]\":[value:[opener:\"bpbillingrule_action_surcharge\",acctid:\"IA2a8c8a24:1363832b9dd:-7fd1\",accttitle:\"SURCHARGE FOR BUSINESS\",expr:\"AMOUNT * 0.25\",displaytext:\"Calculate SURCHARGE FOR BUSINESS using the formula: AMOUNT * 0.25\",actiontype:\"calcSurcharge\"],action:\"add\",pos:0,name:\"actions\"],ruletext:[newValue:\"package etracs2.bp.billing.rules.SURCHARGE_ALL;\\n\\nimport bp.billing.facts.*\\nimport java.util.*\\n\\nglobal com.rameses.rules.common.RuleAction actionList\\n\\nrule \\\"SURCHARGE_ALL\\\"\\nagenda-group \\\"SURCHARGE\\\"\\nno-loop\\nsalience 50000\\n\\nwhen\\n\\$LEDGER : BPLedgerFact( \\$ledgerid:ledgerid )\\n\\$TAXFEE : TaxFeeFact( \\$taxfeeid:taxfeeid, ledgerid == \\$ledgerid )\\nTaxFeeFact(applysurcharge == true, AMOUNT:amount, taxfeeid == \\$taxfeeid, ledgerid == \\$ledgerid)\\nthen\\n\\$TAXFEE.setSurchargeacctid(\\\"IA2a8c8a24:1363832b9dd:-7fd1\\\");\\n\\$TAXFEE.setSurchargeaccttitle(\\\"SURCHARGE FOR BUSINESS\\\");\\n\\$TAXFEE.setSurcharge(AMOUNT * 0.25);\\n\\nactionList.setContext( drools );\\nactionList.execute(\\\"calcSurcharge\\\", \\$TAXFEE );\\nend\",action:\"update\",oldValue:\"package etracs2.bp.billing.rules;\\n\\nimport bp.billing.facts.*\\nimport java.util.*\\n\\nglobal com.rameses.rules.common.RuleAction actionList\\n\\nrule \\\"SURCHARGE_ALL\\\"\\nagenda-group \\\"SURCHARGE\\\"\\nno-loop\\nsalience 50000\\n\\nwhen\\n\\$LEDGER : BPLedgerFact( \\$ledgerid:ledgerid )\\n\\$TAXFEE : TaxFeeFact( \\$taxfeeid:taxfeeid, ledgerid == \\$ledgerid )\\nTaxFeeFact(applysurcharge == true, AMOUNT:amount, taxfeeid == \\$taxfeeid, ledgerid == \\$ledgerid)\\nthen\\nend\"]]'),('L2a8c8a24:1363832b9dd:-7fc6','log:log','1.0','bpbilling','R2a8c8a24:1363832b9dd:-7fd4','2012-03-22 12:45:03','UNDEPLOY','PERSNL-77eb9ad:1362de475cb:-7fb1',NULL,NULL),('L2a8c8a24:1363832b9dd:-7fc8','log:log','1.0','Rule','R45c5662b:13633239641:-7f9a','2012-03-22 12:34:53','DEPLOY','PERSNL-77eb9ad:1362de475cb:-7fb1',NULL,NULL),('L2a8c8a24:1363832b9dd:-7fc9','log:log','1.0','bpbilling','R2a8c8a24:1363832b9dd:-7fd4','2012-03-22 12:29:39','DEPLOY','PERSNL-77eb9ad:1362de475cb:-7fb1',NULL,NULL),('L2a8c8a24:1363832b9dd:-7fcc','log:log','1.0','IncomeAcct','IA2a8c8a24:1363832b9dd:-7fce','2012-03-22 12:28:53','APPROVE','PERSNL-12f70615:1362b0b3421:-7ffa',NULL,NULL),('L2a8c8a24:1363832b9dd:-7fcd','log:log','1.0','IncomeAcct','IA2a8c8a24:1363832b9dd:-7fce','2012-03-22 12:28:51','CREATE','PERSNL-12f70615:1362b0b3421:-7ffa',NULL,NULL),('L2a8c8a24:1363832b9dd:-7fcf','log:log','1.0','IncomeAcct','IA2a8c8a24:1363832b9dd:-7fd1','2012-03-22 12:24:47','APPROVE','PERSNL-12f70615:1362b0b3421:-7ffa',NULL,NULL),('L2a8c8a24:1363832b9dd:-7fd0','log:log','1.0','IncomeAcct','IA2a8c8a24:1363832b9dd:-7fd1','2012-03-22 12:24:44','CREATE','PERSNL-12f70615:1362b0b3421:-7ffa',NULL,NULL),('L2a8c8a24:1363832b9dd:-7fd3','log:log','1.0','bpbilling','R2a8c8a24:1363832b9dd:-7fd4','2012-03-22 12:24:06','CREATE','PERSNL-77eb9ad:1362de475cb:-7fb1',NULL,NULL),('L2a8c8a24:1363832b9dd:-7fd6','log:log','1.0','Rule','R2a8c8a24:1363832b9dd:-7fdb','2012-03-22 12:05:46','DEPLOY','PERSNL-77eb9ad:1362de475cb:-7fb1',NULL,NULL),('L2a8c8a24:1363832b9dd:-7fd7','log:log','1.0','Rule','R2a8c8a24:1363832b9dd:-7fdb','2012-03-22 12:05:40','UNDEPLOY','PERSNL-77eb9ad:1362de475cb:-7fb1',NULL,NULL),('L2a8c8a24:1363832b9dd:-7fd9','log:log','1.0','Rule','R2a8c8a24:1363832b9dd:-7fdb','2012-03-22 12:03:26','DEPLOY','PERSNL-77eb9ad:1362de475cb:-7fb1',NULL,NULL),('L2a8c8a24:1363832b9dd:-7fda','log:log','1.0','Rule','R2a8c8a24:1363832b9dd:-7fdb','2012-03-22 12:03:24','CREATE','PERSNL-77eb9ad:1362de475cb:-7fb1',NULL,NULL),('L2a8c8a24:1363832b9dd:-7fdf','log:log','1.0','BPApplication','BP2a8c8a24:1363832b9dd:-7fe1','2012-03-22 11:51:53','APPROVE','PERSNL-77eb9ad:1362de475cb:-7fb1','RENEW',NULL),('L2a8c8a24:1363832b9dd:-7fe2','log:log','1.0','BPApplication','BP2a8c8a24:1363832b9dd:-7fe8','2012-03-22 11:30:01','APPROVE','PERSNL-77eb9ad:1362de475cb:-7fb1','RENEW',NULL),('L2a8c8a24:1363832b9dd:-7fe9','log:log','1.0','Entity','E2a8c8a24:1363832b9dd:-7fea','2012-03-22 11:26:04','CREATE','PERSNL-77eb9ad:1362de475cb:-7fb1',NULL,NULL),('L2a8c8a24:1363832b9dd:-7feb','log:log','1.0','BPPermit','PERM2a8c8a24:1363832b9dd:-7fec','2012-03-22 11:16:26','RELEASE','PERSNL-77eb9ad:1362de475cb:-7fb1',NULL,NULL),('L2a8c8a24:1363832b9dd:-7ff0','log:log','1.0','BUSINESS_TAX','RCT2a8c8a24:1363832b9dd:-7ff3','2012-03-22 11:11:11','CREATE','PERSNL-12f70615:1362b0b3421:-7ffa',NULL,NULL),('L2a8c8a24:1363832b9dd:-7ff5','log:log','1.0','BPApplication','BP2a8c8a24:1363832b9dd:-7ff8','2012-03-22 11:05:36','APPROVE','PERSNL-77eb9ad:1362de475cb:-7fb1','NEW',NULL),('L2a8c8a24:1363832b9dd:-7ff9','log:log','1.0','Entity','E2a8c8a24:1363832b9dd:-7ffa','2012-03-22 10:41:17','CREATE','PERSNL-77eb9ad:1362de475cb:-7fb1',NULL,NULL),('L2d6ef4c:13638f7641a:-7fe5','log:log','1.0','bpbilling','R2d6ef4c:13638f7641a:-7ff4','2012-03-22 14:08:24','DEPLOY','PERSNL-77eb9ad:1362de475cb:-7fb1',NULL,NULL),('L2d6ef4c:13638f7641a:-7fe6','log:log','1.0','bpbilling','R2d6ef4c:13638f7641a:-7ff4','2012-03-22 14:08:21','UPDATE','PERSNL-77eb9ad:1362de475cb:-7fb1',NULL,'[\"actions[0].expr\":[newValue:\"( MONTHS * 0.02 > 0.72 ) ? AMOUNT * 0.72 : AMOUNT * MONTHS * 0.02\",action:\"update\",oldValue:\"IIF(MONTHS * 0.02 > 0.72,  AMOUNT * 0.72,  AMOUNT * 0.02 * MONTHS)\"],ruletext:[newValue:\"package etracs2.bp.billing.rules.INTEREST_ALL;\\n\\nimport bp.billing.facts.*\\nimport java.util.*\\n\\nglobal com.rameses.rules.common.RuleAction actionList\\n\\nrule \\\"INTEREST_ALL\\\"\\nagenda-group \\\"INTEREST\\\"\\nno-loop\\nsalience 50000\\n\\nwhen\\n\\$LEDGER : BPLedgerFact( \\$ledgerid:ledgerid )\\n\\$TAXFEE : TaxFeeFact( \\$taxfeeid:taxfeeid, ledgerid == \\$ledgerid )\\nTaxFeeFact(MONTHS:monthsfromjan, AMOUNT:amount, taxfeeid == \\$taxfeeid, ledgerid == \\$ledgerid)\\nthen\\n\\$TAXFEE.setInterestacctid(\\\"IA2a8c8a24:1363832b9dd:-7fce\\\");\\n\\$TAXFEE.setInterestaccttitle(\\\"INTEREST FOR BUSINESS\\\");\\n\\$TAXFEE.setInterest(( MONTHS * 0.02 > 0.72 ) ? AMOUNT * 0.72 : AMOUNT * MONTHS * 0.02);\\n\\nactionList.setContext( drools );\\nactionList.execute(\\\"calcInterest\\\", \\$TAXFEE );\\nend\",action:\"update\",oldValue:\"package etracs2.bp.billing.rules.INTEREST_ALL;\\n\\nimport bp.billing.facts.*\\nimport java.util.*\\n\\nglobal com.rameses.rules.common.RuleAction actionList\\n\\nrule \\\"INTEREST_ALL\\\"\\nagenda-group \\\"INTEREST\\\"\\nno-loop\\nsalience 50000\\n\\nwhen\\n\\$LEDGER : BPLedgerFact( \\$ledgerid:ledgerid )\\n\\$TAXFEE : TaxFeeFact( \\$taxfeeid:taxfeeid, ledgerid == \\$ledgerid )\\nTaxFeeFact(MONTHS:monthsfromjan, AMOUNT:amount, taxfeeid == \\$taxfeeid, ledgerid == \\$ledgerid)\\nthen\\n\\$TAXFEE.setInterestacctid(\\\"IA2a8c8a24:1363832b9dd:-7fce\\\");\\n\\$TAXFEE.setInterestaccttitle(\\\"INTEREST FOR BUSINESS\\\");\\n\\$TAXFEE.setInterest(IIF(MONTHS * 0.02 > 0.72,  AMOUNT * 0.72,  AMOUNT * 0.02 * MONTHS));\\n\\nactionList.setContext( drools );\\nactionList.execute(\\\"calcInterest\\\", \\$TAXFEE );\\nend\"],\"actions[0].displaytext\":[newValue:\"Calculate INTEREST FOR BUSINESS using the formula: ( MONTHS * 0.02 > 0.72 ) ? AMOUNT * 0.72 : AMOUNT * MONTHS * 0.02\",action:\"update\",oldValue:\"Calculate INTEREST FOR BUSINESS using the formula: IIF(MONTHS * 0.02 > 0.72,  AMOUNT * 0.72,  AMOUNT * 0.02 * MONTHS)\"]]'),('L2d6ef4c:13638f7641a:-7fe7','log:log','1.0','bpbilling','R2d6ef4c:13638f7641a:-7ff4','2012-03-22 14:07:08','UPDATE','PERSNL-77eb9ad:1362de475cb:-7fb1',NULL,'[\"actions[0].expr\":[newValue:\"IIF(MONTHS * 0.02 > 0.72,  AMOUNT * 0.72,  AMOUNT * 0.02 * MONTHS)\",action:\"update\",oldValue:\"(MONTHS * 0.02 > 0.72 ) ? AMOUNT * 0.72 : AMOUNT * 0.02 * MONTHS\"],ruletext:[newValue:\"package etracs2.bp.billing.rules.INTEREST_ALL;\\n\\nimport bp.billing.facts.*\\nimport java.util.*\\n\\nglobal com.rameses.rules.common.RuleAction actionList\\n\\nrule \\\"INTEREST_ALL\\\"\\nagenda-group \\\"INTEREST\\\"\\nno-loop\\nsalience 50000\\n\\nwhen\\n\\$LEDGER : BPLedgerFact( \\$ledgerid:ledgerid )\\n\\$TAXFEE : TaxFeeFact( \\$taxfeeid:taxfeeid, ledgerid == \\$ledgerid )\\nTaxFeeFact(MONTHS:monthsfromjan, AMOUNT:amount, taxfeeid == \\$taxfeeid, ledgerid == \\$ledgerid)\\nthen\\n\\$TAXFEE.setInterestacctid(\\\"IA2a8c8a24:1363832b9dd:-7fce\\\");\\n\\$TAXFEE.setInterestaccttitle(\\\"INTEREST FOR BUSINESS\\\");\\n\\$TAXFEE.setInterest(IIF(MONTHS * 0.02 > 0.72,  AMOUNT * 0.72,  AMOUNT * 0.02 * MONTHS));\\n\\nactionList.setContext( drools );\\nactionList.execute(\\\"calcInterest\\\", \\$TAXFEE );\\nend\",action:\"update\",oldValue:\"package etracs2.bp.billing.rules.INTEREST_ALL;\\n\\nimport bp.billing.facts.*\\nimport java.util.*\\n\\nglobal com.rameses.rules.common.RuleAction actionList\\n\\nrule \\\"INTEREST_ALL\\\"\\nagenda-group \\\"INTEREST\\\"\\nno-loop\\nsalience 50000\\n\\nwhen\\n\\$LEDGER : BPLedgerFact( \\$ledgerid:ledgerid )\\n\\$TAXFEE : TaxFeeFact( \\$taxfeeid:taxfeeid, ledgerid == \\$ledgerid )\\nTaxFeeFact(MONTHS:monthsfromjan, AMOUNT:amount, taxfeeid == \\$taxfeeid, ledgerid == \\$ledgerid)\\nthen\\n\\$TAXFEE.setInterestacctid(\\\"IA2a8c8a24:1363832b9dd:-7fce\\\");\\n\\$TAXFEE.setInterestaccttitle(\\\"INTEREST FOR BUSINESS\\\");\\n\\$TAXFEE.setInterest((MONTHS * 0.02 > 0.72 ) ? AMOUNT * 0.72 : AMOUNT * 0.02 * MONTHS);\\n\\nactionList.setContext( drools );\\nactionList.execute(\\\"calcInterest\\\", \\$TAXFEE );\\nend\"],\"actions[0].displaytext\":[newValue:\"Calculate INTEREST FOR BUSINESS using the formula: IIF(MONTHS * 0.02 > 0.72,  AMOUNT * 0.72,  AMOUNT * 0.02 * MONTHS)\",action:\"update\",oldValue:\"Calculate INTEREST FOR BUSINESS using the formula: (MONTHS * 0.02 > 0.72 ) ? AMOUNT * 0.72 : AMOUNT * 0.02 * MONTHS\"]]'),('L2d6ef4c:13638f7641a:-7fe8','log:log','1.0','bpbilling','R2d6ef4c:13638f7641a:-7ff4','2012-03-22 14:06:43','UNDEPLOY','PERSNL-77eb9ad:1362de475cb:-7fb1',NULL,NULL),('L2d6ef4c:13638f7641a:-7fe9','log:log','1.0','bpbilling','R2d6ef4c:13638f7641a:-7ff4','2012-03-22 14:06:40','DEPLOY','PERSNL-77eb9ad:1362de475cb:-7fb1',NULL,NULL),('L2d6ef4c:13638f7641a:-7fea','log:log','1.0','bpbilling','R2d6ef4c:13638f7641a:-7ff4','2012-03-22 14:06:38','UPDATE','PERSNL-77eb9ad:1362de475cb:-7fb1',NULL,'[\"actions[0].expr\":[newValue:\"(MONTHS * 0.02 > 0.72 ) ? AMOUNT * 0.72 : AMOUNT * 0.02 * MONTHS\",action:\"update\",oldValue:\"AMOUNT * 0.02 * MONTHS\"],ruletext:[newValue:\"package etracs2.bp.billing.rules.INTEREST_ALL;\\n\\nimport bp.billing.facts.*\\nimport java.util.*\\n\\nglobal com.rameses.rules.common.RuleAction actionList\\n\\nrule \\\"INTEREST_ALL\\\"\\nagenda-group \\\"INTEREST\\\"\\nno-loop\\nsalience 50000\\n\\nwhen\\n\\$LEDGER : BPLedgerFact( \\$ledgerid:ledgerid )\\n\\$TAXFEE : TaxFeeFact( \\$taxfeeid:taxfeeid, ledgerid == \\$ledgerid )\\nTaxFeeFact(MONTHS:monthsfromjan, AMOUNT:amount, taxfeeid == \\$taxfeeid, ledgerid == \\$ledgerid)\\nthen\\n\\$TAXFEE.setInterestacctid(\\\"IA2a8c8a24:1363832b9dd:-7fce\\\");\\n\\$TAXFEE.setInterestaccttitle(\\\"INTEREST FOR BUSINESS\\\");\\n\\$TAXFEE.setInterest((MONTHS * 0.02 > 0.72 ) ? AMOUNT * 0.72 : AMOUNT * 0.02 * MONTHS);\\n\\nactionList.setContext( drools );\\nactionList.execute(\\\"calcInterest\\\", \\$TAXFEE );\\nend\",action:\"update\",oldValue:\"package etracs2.bp.billing.rules.INTEREST_ALL;\\n\\nimport bp.billing.facts.*\\nimport java.util.*\\n\\nglobal com.rameses.rules.common.RuleAction actionList\\n\\nrule \\\"INTEREST_ALL\\\"\\nagenda-group \\\"INTEREST\\\"\\nno-loop\\nsalience 50000\\n\\nwhen\\n\\$LEDGER : BPLedgerFact( \\$ledgerid:ledgerid )\\n\\$TAXFEE : TaxFeeFact( \\$taxfeeid:taxfeeid, ledgerid == \\$ledgerid )\\nTaxFeeFact(MONTHS:monthsfromjan, AMOUNT:amount, taxfeeid == \\$taxfeeid, ledgerid == \\$ledgerid)\\nthen\\n\\$TAXFEE.setInterestacctid(\\\"IA2a8c8a24:1363832b9dd:-7fce\\\");\\n\\$TAXFEE.setInterestaccttitle(\\\"INTEREST FOR BUSINESS\\\");\\n\\$TAXFEE.setInterest(AMOUNT * 0.02 * MONTHS);\\n\\nactionList.setContext( drools );\\nactionList.execute(\\\"calcInterest\\\", \\$TAXFEE );\\nend\"],\"actions[0].displaytext\":[newValue:\"Calculate INTEREST FOR BUSINESS using the formula: (MONTHS * 0.02 > 0.72 ) ? AMOUNT * 0.72 : AMOUNT * 0.02 * MONTHS\",action:\"update\",oldValue:\"Calculate INTEREST FOR BUSINESS using the formula: AMOUNT * 0.02 * MONTHS\"]]'),('L2d6ef4c:13638f7641a:-7feb','log:log','1.0','bpbilling','R2d6ef4c:13638f7641a:-7ff4','2012-03-22 14:06:11','UNDEPLOY','PERSNL-77eb9ad:1362de475cb:-7fb1',NULL,NULL),('L2d6ef4c:13638f7641a:-7fec','log:log','1.0','bpbilling','R2d6ef4c:13638f7641a:-7ff4','2012-03-22 14:06:08','DEPLOY','PERSNL-77eb9ad:1362de475cb:-7fb1',NULL,NULL),('L2d6ef4c:13638f7641a:-7fed','log:log','1.0','bpbilling','R2d6ef4c:13638f7641a:-7ff4','2012-03-22 14:06:06','UPDATE','PERSNL-77eb9ad:1362de475cb:-7fb1',NULL,'[\"actions[0].expr\":[newValue:\"AMOUNT * 0.02 * MONTHS\",action:\"update\",oldValue:\"AMOUNT * 0.02\"],ruletext:[newValue:\"package etracs2.bp.billing.rules.INTEREST_ALL;\\n\\nimport bp.billing.facts.*\\nimport java.util.*\\n\\nglobal com.rameses.rules.common.RuleAction actionList\\n\\nrule \\\"INTEREST_ALL\\\"\\nagenda-group \\\"INTEREST\\\"\\nno-loop\\nsalience 50000\\n\\nwhen\\n\\$LEDGER : BPLedgerFact( \\$ledgerid:ledgerid )\\n\\$TAXFEE : TaxFeeFact( \\$taxfeeid:taxfeeid, ledgerid == \\$ledgerid )\\nTaxFeeFact(MONTHS:monthsfromjan, AMOUNT:amount, taxfeeid == \\$taxfeeid, ledgerid == \\$ledgerid)\\nthen\\n\\$TAXFEE.setInterestacctid(\\\"IA2a8c8a24:1363832b9dd:-7fce\\\");\\n\\$TAXFEE.setInterestaccttitle(\\\"INTEREST FOR BUSINESS\\\");\\n\\$TAXFEE.setInterest(AMOUNT * 0.02 * MONTHS);\\n\\nactionList.setContext( drools );\\nactionList.execute(\\\"calcInterest\\\", \\$TAXFEE );\\nend\",action:\"update\",oldValue:\"package etracs2.bp.billing.rules.INTEREST_ALL;\\n\\nimport bp.billing.facts.*\\nimport java.util.*\\n\\nglobal com.rameses.rules.common.RuleAction actionList\\n\\nrule \\\"INTEREST_ALL\\\"\\nagenda-group \\\"INTEREST\\\"\\nno-loop\\nsalience 50000\\n\\nwhen\\n\\$LEDGER : BPLedgerFact( \\$ledgerid:ledgerid )\\n\\$TAXFEE : TaxFeeFact( \\$taxfeeid:taxfeeid, ledgerid == \\$ledgerid )\\nTaxFeeFact(MONTHS:monthsfromjan, AMOUNT:amount, taxfeeid == \\$taxfeeid, ledgerid == \\$ledgerid)\\nthen\\n\\$TAXFEE.setInterestacctid(\\\"IA2a8c8a24:1363832b9dd:-7fce\\\");\\n\\$TAXFEE.setInterestaccttitle(\\\"INTEREST FOR BUSINESS\\\");\\n\\$TAXFEE.setInterest(AMOUNT * 0.02);\\n\\nactionList.setContext( drools );\\nactionList.execute(\\\"calcInterest\\\", \\$TAXFEE );\\nend\"],\"actions[0].displaytext\":[newValue:\"Calculate INTEREST FOR BUSINESS using the formula: AMOUNT * 0.02 * MONTHS\",action:\"update\",oldValue:\"Calculate INTEREST FOR BUSINESS using the formula: AMOUNT * 0.02\"]]'),('L2d6ef4c:13638f7641a:-7fee','log:log','1.0','bpbilling','R2d6ef4c:13638f7641a:-7ff4','2012-03-22 14:05:59','UNDEPLOY','PERSNL-77eb9ad:1362de475cb:-7fb1',NULL,NULL),('L2d6ef4c:13638f7641a:-7fef','log:log','1.0','bpbilling','R2d6ef4c:13638f7641a:-7ff4','2012-03-22 14:05:56','DEPLOY','PERSNL-77eb9ad:1362de475cb:-7fb1',NULL,NULL),('L2d6ef4c:13638f7641a:-7ff0','log:log','1.0','bpbilling','R2d6ef4c:13638f7641a:-7ff4','2012-03-22 14:05:53','UPDATE','PERSNL-77eb9ad:1362de475cb:-7fb1',NULL,'[\"actions[0].expr\":[newValue:\"AMOUNT * 0.02\",action:\"update\",oldValue:\"0.00\"],ruletext:[newValue:\"package etracs2.bp.billing.rules.INTEREST_ALL;\\n\\nimport bp.billing.facts.*\\nimport java.util.*\\n\\nglobal com.rameses.rules.common.RuleAction actionList\\n\\nrule \\\"INTEREST_ALL\\\"\\nagenda-group \\\"INTEREST\\\"\\nno-loop\\nsalience 50000\\n\\nwhen\\n\\$LEDGER : BPLedgerFact( \\$ledgerid:ledgerid )\\n\\$TAXFEE : TaxFeeFact( \\$taxfeeid:taxfeeid, ledgerid == \\$ledgerid )\\nTaxFeeFact(MONTHS:monthsfromjan, AMOUNT:amount, taxfeeid == \\$taxfeeid, ledgerid == \\$ledgerid)\\nthen\\n\\$TAXFEE.setInterestacctid(\\\"IA2a8c8a24:1363832b9dd:-7fce\\\");\\n\\$TAXFEE.setInterestaccttitle(\\\"INTEREST FOR BUSINESS\\\");\\n\\$TAXFEE.setInterest(AMOUNT * 0.02);\\n\\nactionList.setContext( drools );\\nactionList.execute(\\\"calcInterest\\\", \\$TAXFEE );\\nend\",action:\"update\",oldValue:\"package etracs2.bp.billing.rules;\\n\\nimport bp.billing.facts.*\\nimport java.util.*\\n\\nglobal com.rameses.rules.common.RuleAction actionList\\n\\nrule \\\"INTEREST_ALL\\\"\\nagenda-group \\\"INTEREST\\\"\\nno-loop\\nsalience 50000\\n\\nwhen\\n\\$LEDGER : BPLedgerFact( \\$ledgerid:ledgerid )\\n\\$TAXFEE : TaxFeeFact( \\$taxfeeid:taxfeeid, ledgerid == \\$ledgerid )\\nTaxFeeFact(MONTHS:monthsfromjan, AMOUNT:amount, taxfeeid == \\$taxfeeid, ledgerid == \\$ledgerid)\\nthen\\n\\$TAXFEE.setInterestacctid(\\\"IA2a8c8a24:1363832b9dd:-7fce\\\");\\n\\$TAXFEE.setInterestaccttitle(\\\"INTEREST FOR BUSINESS\\\");\\n\\$TAXFEE.setInterest(0.00);\\n\\nactionList.setContext( drools );\\nactionList.execute(\\\"calcInterest\\\", \\$TAXFEE );\\nend\"],\"actions[0].displaytext\":[newValue:\"Calculate INTEREST FOR BUSINESS using the formula: AMOUNT * 0.02\",action:\"update\",oldValue:\"Calculate INTEREST FOR BUSINESS using the formula: 0.00\"]]'),('L2d6ef4c:13638f7641a:-7ff1','log:log','1.0','bpbilling','R2d6ef4c:13638f7641a:-7ff4','2012-03-22 14:05:42','UNDEPLOY','PERSNL-77eb9ad:1362de475cb:-7fb1',NULL,NULL),('L2d6ef4c:13638f7641a:-7ff2','log:log','1.0','bpbilling','R2d6ef4c:13638f7641a:-7ff4','2012-03-22 14:05:37','DEPLOY','PERSNL-77eb9ad:1362de475cb:-7fb1',NULL,NULL),('L2d6ef4c:13638f7641a:-7ff3','log:log','1.0','bpbilling','R2d6ef4c:13638f7641a:-7ff4','2012-03-22 14:05:35','CREATE','PERSNL-77eb9ad:1362de475cb:-7fb1',NULL,NULL),('L2d6ef4c:13638f7641a:-7ff5','log:log','1.0','bpbilling','R2d6ef4c:13638f7641a:-7ffa','2012-03-22 14:04:01','UNDEPLOY','PERSNL-77eb9ad:1362de475cb:-7fb1',NULL,NULL),('L2d6ef4c:13638f7641a:-7ff6','log:log','1.0','bpbilling','R2d6ef4c:13638f7641a:-7ffa','2012-03-22 14:03:54','UPDATE','PERSNL-77eb9ad:1362de475cb:-7fb1',NULL,'[\"actions[0].expr\":[newValue:\"AMOUNT * MONTHS * 0.02\",action:\"update\",oldValue:\"(DAYS * 0.02 > 0.72) ? AMOUNT * 0.72 : AMOUNT * MONTHS * 0.02\"],ruletext:[newValue:\"package etracs2.bp.billing.rules.INTEREST_ALL;\\n\\nimport bp.billing.facts.*\\nimport java.util.*\\n\\nglobal com.rameses.rules.common.RuleAction actionList\\n\\nrule \\\"INTEREST_ALL\\\"\\nagenda-group \\\"INTEREST\\\"\\nno-loop\\nsalience 50000\\n\\nwhen\\n\\$LEDGER : BPLedgerFact( \\$ledgerid:ledgerid )\\n\\$TAXFEE : TaxFeeFact( \\$taxfeeid:taxfeeid, ledgerid == \\$ledgerid )\\nTaxFeeFact(AMOUNT:amount, MONTHS:monthsfromjan, taxfeeid == \\$taxfeeid, ledgerid == \\$ledgerid)\\nthen\\n\\$TAXFEE.setInterestacctid(\\\"IA2a8c8a24:1363832b9dd:-7fce\\\");\\n\\$TAXFEE.setInterestaccttitle(\\\"INTEREST FOR BUSINESS\\\");\\n\\$TAXFEE.setInterest(AMOUNT * MONTHS * 0.02);\\n\\nactionList.setContext( drools );\\nactionList.execute(\\\"calcInterest\\\", \\$TAXFEE );\\nend\",action:\"update\",oldValue:\"package etracs2.bp.billing.rules.INTEREST_ALL;\\n\\nimport bp.billing.facts.*\\nimport java.util.*\\n\\nglobal com.rameses.rules.common.RuleAction actionList\\n\\nrule \\\"INTEREST_ALL\\\"\\nagenda-group \\\"INTEREST\\\"\\nno-loop\\nsalience 50000\\n\\nwhen\\n\\$LEDGER : BPLedgerFact( \\$ledgerid:ledgerid )\\n\\$TAXFEE : TaxFeeFact( \\$taxfeeid:taxfeeid, ledgerid == \\$ledgerid )\\nTaxFeeFact(AMOUNT:amount, MONTHS:monthsfromjan, taxfeeid == \\$taxfeeid, ledgerid == \\$ledgerid)\\nthen\\n\\$TAXFEE.setInterestacctid(\\\"IA2a8c8a24:1363832b9dd:-7fce\\\");\\n\\$TAXFEE.setInterestaccttitle(\\\"INTEREST FOR BUSINESS\\\");\\n\\$TAXFEE.setInterest((DAYS * 0.02 > 0.72) ? AMOUNT * 0.72 : AMOUNT * MONTHS * 0.02);\\n\\nactionList.setContext( drools );\\nactionList.execute(\\\"calcInterest\\\", \\$TAXFEE );\\nend\"],\"actions[0].displaytext\":[newValue:\"Calculate INTEREST FOR BUSINESS using the formula: AMOUNT * MONTHS * 0.02\",action:\"update\",oldValue:\"Calculate INTEREST FOR BUSINESS using the formula: (DAYS * 0.02 > 0.72) ? AMOUNT * 0.72 : AMOUNT * MONTHS * 0.02\"]]'),('L2d6ef4c:13638f7641a:-7ff7','log:log','1.0','bpbilling','R2d6ef4c:13638f7641a:-7ffa','2012-03-22 14:03:15','UPDATE','PERSNL-77eb9ad:1362de475cb:-7fb1',NULL,'[\"actions[0]\":[value:[opener:\"bpbillingrule_action_interest\",acctid:\"IA2a8c8a24:1363832b9dd:-7fce\",accttitle:\"INTEREST FOR BUSINESS\",expr:\"(DAYS * 0.02 > 0.72) ? AMOUNT * 0.72 : AMOUNT * MONTHS * 0.02\",displaytext:\"Calculate INTEREST FOR BUSINESS using the formula: (DAYS * 0.02 > 0.72) ? AMOUNT * 0.72 : AMOUNT * MONTHS * 0.02\",actiontype:\"calcInterest\"],action:\"add\",pos:0,name:\"actions\"],ruletext:[newValue:\"package etracs2.bp.billing.rules.INTEREST_ALL;\\n\\nimport bp.billing.facts.*\\nimport java.util.*\\n\\nglobal com.rameses.rules.common.RuleAction actionList\\n\\nrule \\\"INTEREST_ALL\\\"\\nagenda-group \\\"INTEREST\\\"\\nno-loop\\nsalience 50000\\n\\nwhen\\n\\$LEDGER : BPLedgerFact( \\$ledgerid:ledgerid )\\n\\$TAXFEE : TaxFeeFact( \\$taxfeeid:taxfeeid, ledgerid == \\$ledgerid )\\nTaxFeeFact(AMOUNT:amount, MONTHS:monthsfromjan, taxfeeid == \\$taxfeeid, ledgerid == \\$ledgerid)\\nthen\\n\\$TAXFEE.setInterestacctid(\\\"IA2a8c8a24:1363832b9dd:-7fce\\\");\\n\\$TAXFEE.setInterestaccttitle(\\\"INTEREST FOR BUSINESS\\\");\\n\\$TAXFEE.setInterest((DAYS * 0.02 > 0.72) ? AMOUNT * 0.72 : AMOUNT * MONTHS * 0.02);\\n\\nactionList.setContext( drools );\\nactionList.execute(\\\"calcInterest\\\", \\$TAXFEE );\\nend\",action:\"update\",oldValue:\"package etracs2.bp.billing.rules.INTEREST_ALL;\\n\\nimport bp.billing.facts.*\\nimport java.util.*\\n\\nglobal com.rameses.rules.common.RuleAction actionList\\n\\nrule \\\"INTEREST_ALL\\\"\\nagenda-group \\\"INTEREST\\\"\\nno-loop\\nsalience 50000\\n\\nwhen\\n\\$LEDGER : BPLedgerFact( \\$ledgerid:ledgerid )\\n\\$TAXFEE : TaxFeeFact( \\$taxfeeid:taxfeeid, ledgerid == \\$ledgerid )\\nTaxFeeFact(AMOUNT:amount, MONTHS:monthsfromjan, taxfeeid == \\$taxfeeid, ledgerid == \\$ledgerid)\\nthen\\nend\"]]'),('L2d6ef4c:13638f7641a:-7ff8','log:log','1.0','bpbilling','R2d6ef4c:13638f7641a:-7ffa','2012-03-22 14:02:33','UPDATE','PERSNL-77eb9ad:1362de475cb:-7fb1',NULL,'[\"actions[0]\":[value:[opener:\"bpbillingrule_action_interest\",acctid:\"IA2a8c8a24:1363832b9dd:-7fce\",accttitle:\"INTEREST FOR BUSINESS\",expr:\"IIF( MONTHS * 0.02 > 0.72, AMOUNT * 0.72, AMOUNT * MONTHS * 0.02 )\",displaytext:\"Calculate INTEREST FOR BUSINESS using the formula: IIF( MONTHS * 0.02 > 0.72, AMOUNT * 0.72, AMOUNT * MONTHS * 0.02 )\",actiontype:\"calcInterest\"],action:\"remove\",pos:0,name:\"actions\"],ruletext:[newValue:\"package etracs2.bp.billing.rules.INTEREST_ALL;\\n\\nimport bp.billing.facts.*\\nimport java.util.*\\n\\nglobal com.rameses.rules.common.RuleAction actionList\\n\\nrule \\\"INTEREST_ALL\\\"\\nagenda-group \\\"INTEREST\\\"\\nno-loop\\nsalience 50000\\n\\nwhen\\n\\$LEDGER : BPLedgerFact( \\$ledgerid:ledgerid )\\n\\$TAXFEE : TaxFeeFact( \\$taxfeeid:taxfeeid, ledgerid == \\$ledgerid )\\nTaxFeeFact(AMOUNT:amount, MONTHS:monthsfromjan, taxfeeid == \\$taxfeeid, ledgerid == \\$ledgerid)\\nthen\\nend\",action:\"update\",oldValue:\"package etracs2.bp.billing.rules;\\n\\nimport bp.billing.facts.*\\nimport java.util.*\\n\\nglobal com.rameses.rules.common.RuleAction actionList\\n\\nrule \\\"INTEREST_ALL\\\"\\nagenda-group \\\"INTEREST\\\"\\nno-loop\\nsalience 50000\\n\\nwhen\\n\\$LEDGER : BPLedgerFact( \\$ledgerid:ledgerid )\\n\\$TAXFEE : TaxFeeFact( \\$taxfeeid:taxfeeid, ledgerid == \\$ledgerid )\\nTaxFeeFact(AMOUNT:amount, MONTHS:monthsfromjan, taxfeeid == \\$taxfeeid, ledgerid == \\$ledgerid)\\nthen\\n\\$TAXFEE.setInterestacctid(\\\"IA2a8c8a24:1363832b9dd:-7fce\\\");\\n\\$TAXFEE.setInterestaccttitle(\\\"INTEREST FOR BUSINESS\\\");\\n\\$TAXFEE.setInterest(IIF( MONTHS * 0.02 > 0.72, AMOUNT * 0.72, AMOUNT * MONTHS * 0.02 ));\\n\\nactionList.setContext( drools );\\nactionList.execute(\\\"calcInterest\\\", \\$TAXFEE );\\nend\"]]'),('L2d6ef4c:13638f7641a:-7ff9','log:log','1.0','bpbilling','R2d6ef4c:13638f7641a:-7ffa','2012-03-22 14:01:28','CREATE','PERSNL-77eb9ad:1362de475cb:-7fb1',NULL,NULL),('L2f59acdc:1364e3e110b:-7ffd','log:log','1.0','FAAS','F2314f17:1364dd25e3f:-7fe0','2012-03-26 17:05:15','SUBMIT','PERSNL-77eb9ad:1362de475cb:-7f2e',NULL,NULL),('L3284830e:136dfa7dffc:-7fdb','log:log','1.0','BPPermit','PERM3284830e:136dfa7dffc:-7fdc','2012-04-23 23:00:12','RELEASE','PERSNL-77eb9ad:1362de475cb:-7fb1',NULL,NULL),('L3284830e:136dfa7dffc:-7fe0','log:log','1.0','BUSINESS_TAX','RCT3284830e:136dfa7dffc:-7fe3','2012-04-23 22:54:57','CREATE','PERSNL2e03615d:136b8c85690:-7ffb',NULL,NULL),('L3284830e:136dfa7dffc:-7fe5','log:log','1.0','BPApplication','BP3284830e:136dfa7dffc:-7ff6','2012-04-23 22:54:10','APPROVE','PERSNL-77eb9ad:1362de475cb:-7fb1','NEW',NULL),('L3284830e:136dfa7dffc:-7fe8','log:log','1.0','BPPermit','PERM3284830e:136dfa7dffc:-7fe9','2012-04-23 22:53:50','RELEASE','PERSNL-77eb9ad:1362de475cb:-7fb1',NULL,NULL),('L3284830e:136dfa7dffc:-7fef','log:log','1.0','BUSINESS_TAX','RCT3284830e:136dfa7dffc:-7ff3','2012-04-23 22:52:52','CREATE','PERSNL2e03615d:136b8c85690:-7ffb',NULL,NULL),('L3284830e:136dfa7dffc:-7ffa','log:log','1.0','BPApplication','BP-180db72b:136df9875d1:-7ff8','2012-04-23 22:46:35','APPROVE','PERSNL-77eb9ad:1362de475cb:-7fb1','NEW',NULL),('L3600cbb4:136a52373df:-7fa7','log:log','1.0','CRAAF','REM3600cbb4:136a52373df:-7fb1','2012-04-12 15:45:49','UPDATE','PERSNL-12f70615:1362b0b3421:-7ffa',NULL,NULL),('L3600cbb4:136a52373df:-7fc7','log:log','1.0','MISC','RCT3600cbb4:136a52373df:-7fca','2012-04-12 15:23:59','CREATE','PERSNL-12f70615:1362b0b3421:-7ffa',NULL,NULL),('L3600cbb4:136a52373df:-7fdf','log:log','1.0','CTCI','RCT3600cbb4:136a52373df:-7fe2','2012-04-12 15:09:30','CREATE','PERSNL-12f70615:1362b0b3421:-7ffa',NULL,NULL),('L3600cbb4:136a52373df:-7fe3','log:log','1.0','Entity','E-12f70615:1362b0b3421:-7fed','2012-04-12 15:09:30','UPDATE','PERSNL-12f70615:1362b0b3421:-7ffa',NULL,'[\"info.profession\":[newValue:\"ENGINEER\",action:\"update\"],\"info.tin\":[newValue:\"1234\",action:\"update\"],\"info.birthdate\":[newValue:\"1988-05-24\",action:\"update\"]]'),('L3600cbb4:136a52373df:-7ff9','log:log','1.0','Rule','R3600cbb4:136a52373df:-7ffb','2012-04-12 14:04:06','DEPLOY','PERSNL-77eb9ad:1362de475cb:-7fb1',NULL,NULL),('L3600cbb4:136a52373df:-7ffa','log:log','1.0','Rule','R3600cbb4:136a52373df:-7ffb','2012-04-12 14:04:05','CREATE','PERSNL-77eb9ad:1362de475cb:-7fb1',NULL,NULL),('L36e9f07f:136bb589329:-7ff8','log:log','1.0','Rule','R36e9f07f:136bb589329:-7ff9','2012-04-16 22:16:43','CREATE','PERSNL-12f70615:1362b0b3421:-7ffa',NULL,NULL),('L3b52a903:1362da0716c:-7ff1','log:log','1.0','Rule','R3b52a903:1362da0716c:-7ff3','2012-03-20 09:09:35','DEPLOY','PERSNL-12f70615:1362b0b3421:-7ffa',NULL,NULL),('L3b52a903:1362da0716c:-7ff2','log:log','1.0','Rule','R3b52a903:1362da0716c:-7ff3','2012-03-20 09:09:32','CREATE','PERSNL-12f70615:1362b0b3421:-7ffa',NULL,NULL),('L3b52a903:1362da0716c:-7ff4','log:log','1.0','IncomeAcct','IA3b52a903:1362da0716c:-7ff6','2012-03-20 09:08:13','APPROVE','PERSNL-12f70615:1362b0b3421:-7ffa',NULL,NULL),('L3b52a903:1362da0716c:-7ff5','log:log','1.0','IncomeAcct','IA3b52a903:1362da0716c:-7ff6','2012-03-20 09:08:10','CREATE','PERSNL-12f70615:1362b0b3421:-7ffa',NULL,NULL),('L3b52a903:1362da0716c:-7ff7','log:log','1.0','Rule','R3b52a903:1362da0716c:-7ff9','2012-03-20 09:06:00','DEPLOY','PERSNL-12f70615:1362b0b3421:-7ffa',NULL,NULL),('L3b52a903:1362da0716c:-7ff8','log:log','1.0','Rule','R3b52a903:1362da0716c:-7ff9','2012-03-20 09:05:56','CREATE','PERSNL-12f70615:1362b0b3421:-7ffa',NULL,NULL),('L3b52a903:1362da0716c:-7ffa','log:log','1.0','Variable','V3b52a903:1362da0716c:-7ffb','2012-03-20 09:05:05','CREATE','PERSNL-12f70615:1362b0b3421:-7ffa',NULL,NULL),('L3ba79262:136357e3f16:-7fc2','log:log','1.0','Rule','R45c5662b:13633239641:-7f85','2012-03-21 22:39:30','DEPLOY','PERSNL-77eb9ad:1362de475cb:-7fb1',NULL,NULL),('L3ba79262:136357e3f16:-7fc3','log:log','1.0','Rule','R45c5662b:13633239641:-7f85','2012-03-21 22:39:28','UNDEPLOY','PERSNL-77eb9ad:1362de475cb:-7fb1',NULL,NULL),('L3ba79262:136357e3f16:-7fc4','log:log','1.0','Rule','R45c5662b:13633239641:-7f9a','2012-03-21 22:39:02','UNDEPLOY','PERSNL-77eb9ad:1362de475cb:-7fb1',NULL,NULL),('L3ba79262:136357e3f16:-7fc5','log:log','1.0','Rule','R45c5662b:13633239641:-7f9a','2012-03-21 22:38:55','DEPLOY','PERSNL-77eb9ad:1362de475cb:-7fb1',NULL,NULL),('L3ba79262:136357e3f16:-7fc6','log:log','1.0','Rule','R45c5662b:13633239641:-7f9a','2012-03-21 22:37:54','UNDEPLOY','PERSNL-77eb9ad:1362de475cb:-7fb1',NULL,NULL),('L3ba79262:136357e3f16:-7fc7','log:log','1.0','Rule','R45c5662b:13633239641:-7f9a','2012-03-21 22:37:25','DEPLOY','PERSNL-77eb9ad:1362de475cb:-7fb1',NULL,NULL),('L3ba79262:136357e3f16:-7fc8','log:log','1.0','Rule','R45c5662b:13633239641:-7f9a','2012-03-21 22:37:17','UNDEPLOY','PERSNL-77eb9ad:1362de475cb:-7fb1',NULL,NULL),('L3ba79262:136357e3f16:-7fca','log:log','1.0','bpassessment','R3ba79262:136357e3f16:-7fcd','2012-03-21 22:35:05','UNDEPLOY','PERSNL-77eb9ad:1362de475cb:-7fb1',NULL,NULL),('L3ba79262:136357e3f16:-7fcb','log:log','1.0','bpassessment','R3ba79262:136357e3f16:-7fcf','2012-03-21 22:35:01','UNDEPLOY','PERSNL-77eb9ad:1362de475cb:-7fb1',NULL,NULL),('L3ba79262:136357e3f16:-7fcc','log:log','1.0','Rule','R3ba79262:136357e3f16:-7fcd','2012-03-21 22:34:51','CREATE','PERSNL-77eb9ad:1362de475cb:-7fb1',NULL,NULL),('L3ba79262:136357e3f16:-7fce','log:log','1.0','Rule','R3ba79262:136357e3f16:-7fcf','2012-03-21 22:34:29','CREATE','PERSNL-77eb9ad:1362de475cb:-7fb1',NULL,NULL),('L3ba79262:136357e3f16:-7fd0','log:log','1.0','Rule','R45c5662b:13633239641:-7fbb','2012-03-21 22:34:02','DEPLOY','PERSNL-77eb9ad:1362de475cb:-7fb1',NULL,NULL),('L3ba79262:136357e3f16:-7fd1','log:log','1.0','Rule','R45c5662b:13633239641:-7fbb','2012-03-21 22:33:56','UNDEPLOY','PERSNL-77eb9ad:1362de475cb:-7fb1',NULL,NULL),('L3ba79262:136357e3f16:-7fd2','log:log','1.0','Rule','R45c5662b:13633239641:-7f9a','2012-03-21 22:33:38','DEPLOY','PERSNL-77eb9ad:1362de475cb:-7fb1',NULL,NULL),('L3ba79262:136357e3f16:-7fd4','log:log','1.0','Rule','R45c5662b:13633239641:-7f9a','2012-03-21 22:30:33','UPDATE','PERSNL-77eb9ad:1362de475cb:-7fb1',NULL,NULL),('L3ba79262:136357e3f16:-7fd5','log:log','1.0','Rule','R45c5662b:13633239641:-7f9a','2012-03-21 22:30:29','UNDEPLOY','PERSNL-77eb9ad:1362de475cb:-7fb1',NULL,NULL),('L3ba79262:136357e3f16:-7fd6','log:log','1.0','Rule','R45c5662b:13633239641:-7f9a','2012-03-21 22:30:13','DEPLOY','PERSNL-77eb9ad:1362de475cb:-7fb1',NULL,NULL),('L3ba79262:136357e3f16:-7fdb','log:log','1.0','Rule','R45c5662b:13633239641:-7f9a','2012-03-21 22:07:46','UPDATE','PERSNL-77eb9ad:1362de475cb:-7fb1',NULL,NULL),('L3ba79262:136357e3f16:-7fdc','log:log','1.0','Rule','R45c5662b:13633239641:-7f9a','2012-03-21 22:07:43','UNDEPLOY','PERSNL-77eb9ad:1362de475cb:-7fb1',NULL,NULL),('L3ba79262:136357e3f16:-7fdd','log:log','1.0','Rule','R3ba79262:136357e3f16:-7fe1','2012-03-21 22:07:20','UNDEPLOY','PERSNL-77eb9ad:1362de475cb:-7fb1',NULL,NULL),('L3ba79262:136357e3f16:-7fdf','log:log','1.0','Rule','R3ba79262:136357e3f16:-7fe1','2012-03-21 22:02:04','DEPLOY','PERSNL-77eb9ad:1362de475cb:-7fb1',NULL,NULL),('L3ba79262:136357e3f16:-7fe0','log:log','1.0','Rule','R3ba79262:136357e3f16:-7fe1','2012-03-21 22:02:01','CREATE','PERSNL-77eb9ad:1362de475cb:-7fb1',NULL,NULL),('L3ba79262:136357e3f16:-7fe2','log:log','1.0','Rule','R3ba79262:136357e3f16:-7fe6','2012-03-21 22:01:11','UNDEPLOY','PERSNL-77eb9ad:1362de475cb:-7fb1',NULL,NULL),('L3ba79262:136357e3f16:-7fe4','log:log','1.0','Rule','R3ba79262:136357e3f16:-7fe6','2012-03-21 21:59:31','DEPLOY','PERSNL-77eb9ad:1362de475cb:-7fb1',NULL,NULL),('L3ba79262:136357e3f16:-7fe5','log:log','1.0','Rule','R3ba79262:136357e3f16:-7fe6','2012-03-21 21:59:27','CREATE','PERSNL-77eb9ad:1362de475cb:-7fb1',NULL,NULL),('L3ba79262:136357e3f16:-7fe7','log:log','1.0','Rule','R45c5662b:13633239641:-7f85','2012-03-21 21:58:38','DEPLOY','PERSNL-77eb9ad:1362de475cb:-7fb1',NULL,NULL),('L3ba79262:136357e3f16:-7fe8','log:log','1.0','Rule','R45c5662b:13633239641:-7f85','2012-03-21 21:58:33','UPDATE','PERSNL-77eb9ad:1362de475cb:-7fb1',NULL,NULL),('L3ba79262:136357e3f16:-7fe9','log:log','1.0','Rule','R45c5662b:13633239641:-7f85','2012-03-21 21:58:26','UPDATE','PERSNL-77eb9ad:1362de475cb:-7fb1',NULL,NULL),('L3ba79262:136357e3f16:-7fea','log:log','1.0','Rule','R45c5662b:13633239641:-7f85','2012-03-21 21:58:24','UPDATE','PERSNL-77eb9ad:1362de475cb:-7fb1',NULL,NULL),('L3ba79262:136357e3f16:-7feb','log:log','1.0','Rule','R45c5662b:13633239641:-7f85','2012-03-21 21:58:22','UPDATE','PERSNL-77eb9ad:1362de475cb:-7fb1',NULL,NULL),('L3ba79262:136357e3f16:-7fec','log:log','1.0','Rule','R45c5662b:13633239641:-7f85','2012-03-21 21:58:20','UPDATE','PERSNL-77eb9ad:1362de475cb:-7fb1',NULL,NULL),('L3ba79262:136357e3f16:-7fed','log:log','1.0','Rule','R45c5662b:13633239641:-7f85','2012-03-21 21:58:18','UPDATE','PERSNL-77eb9ad:1362de475cb:-7fb1',NULL,NULL),('L3ba79262:136357e3f16:-7fee','log:log','1.0','Rule','R45c5662b:13633239641:-7f85','2012-03-21 21:58:13','UPDATE','PERSNL-77eb9ad:1362de475cb:-7fb1',NULL,NULL),('L3ba79262:136357e3f16:-7fef','log:log','1.0','Rule','R45c5662b:13633239641:-7f85','2012-03-21 21:57:59','UNDEPLOY','PERSNL-77eb9ad:1362de475cb:-7fb1',NULL,NULL),('L3ba79262:136357e3f16:-7ff1','log:log','1.0','Rule','R45c5662b:13633239641:-7f85','2012-03-21 21:55:58','DEPLOY','PERSNL-77eb9ad:1362de475cb:-7fb1',NULL,NULL),('L3ba79262:136357e3f16:-7ff2','log:log','1.0','Rule','R45c5662b:13633239641:-7f85','2012-03-21 21:55:51','UPDATE','PERSNL-77eb9ad:1362de475cb:-7fb1',NULL,NULL),('L3ba79262:136357e3f16:-7ff3','log:log','1.0','Rule','R45c5662b:13633239641:-7f85','2012-03-21 21:55:42','UPDATE','PERSNL-77eb9ad:1362de475cb:-7fb1',NULL,NULL),('L3ba79262:136357e3f16:-7ff4','log:log','1.0','Rule','R45c5662b:13633239641:-7f85','2012-03-21 21:55:35','UPDATE','PERSNL-77eb9ad:1362de475cb:-7fb1',NULL,NULL),('L3ba79262:136357e3f16:-7ff5','log:log','1.0','Rule','R45c5662b:13633239641:-7f85','2012-03-21 21:55:32','UNDEPLOY','PERSNL-77eb9ad:1362de475cb:-7fb1',NULL,NULL),('L3ba79262:136357e3f16:-7ff6','log:log','1.0','Rule','R45c5662b:13633239641:-7f85','2012-03-21 21:55:28','DEPLOY','PERSNL-77eb9ad:1362de475cb:-7fb1',NULL,NULL),('L43e81b93:1364f33e257:-7fef','log:log','1.0','rptbilling','R193875f9:135eaac4707:-7f0a','2012-03-26 21:36:32','DEPLOY','PERSNL-12f70615:1362b0b3421:-7ffa',NULL,NULL),('L43e81b93:1364f33e257:-7ff0','log:log','1.0','rptbilling','R193875f9:135eaac4707:-7f0a','2012-03-26 21:36:26','UNDEPLOY','PERSNL-12f70615:1362b0b3421:-7ffa',NULL,NULL),('L43e81b93:1364f33e257:-7ff1','log:log','1.0','RPTLedger','L43e81b93:1364f33e257:-7ffc','2012-03-26 21:35:07','APPROVE','PERSNL-12f70615:1362b0b3421:-7ffa',NULL,NULL),('L43e81b93:1364f33e257:-7ff8','log:log','1.0','FAAS','F-7d229091:1364f0c65c7:-7ff7','2012-03-26 21:31:40','APPROVE','PERSNL-77eb9ad:1362de475cb:-7f2e',NULL,NULL),('L43e81b93:1364f33e257:-7ff9','log:log','1.0','FAAS','F-7d229091:1364f0c65c7:-7ff7','2012-03-26 21:31:39','APPROVE','PERSNL-77eb9ad:1362de475cb:-7f2e',NULL,NULL),('L43e81b93:1364f33e257:-7ffa','log:log','1.0','RPTLedger','L43e81b93:1364f33e257:-7ffc','2012-03-26 21:31:39','CREATE','PERSNL-77eb9ad:1362de475cb:-7f2e',NULL,NULL),('L43e81b93:1364f33e257:-7ffd','log:log','1.0','FAAS','F-7d229091:1364f0c65c7:-7ff7','2012-03-26 21:31:39','UPDATE','PERSNL-77eb9ad:1362de475cb:-7f2e','','[:]'),('L45c5662b:13633239641:-7f6c','log:log','1.0','Rule','R45c5662b:13633239641:-7f6e','2012-03-21 16:28:31','DEPLOY','PERSNL-77eb9ad:1362de475cb:-7fb1',NULL,NULL),('L45c5662b:13633239641:-7f6d','log:log','1.0','Rule','R45c5662b:13633239641:-7f6e','2012-03-21 16:28:28','CREATE','PERSNL-77eb9ad:1362de475cb:-7fb1',NULL,NULL),('L45c5662b:13633239641:-7f6f','log:log','1.0','Rule','R45c5662b:13633239641:-7f77','2012-03-21 16:24:45','UNDEPLOY','PERSNL-77eb9ad:1362de475cb:-7fb1',NULL,NULL),('L45c5662b:13633239641:-7f70','log:log','1.0','Rule','R45c5662b:13633239641:-7f88','2012-03-21 16:23:57','UNDEPLOY','PERSNL-77eb9ad:1362de475cb:-7fb1',NULL,NULL),('L45c5662b:13633239641:-7f71','log:log','1.0','Rule','R45c5662b:13633239641:-7f85','2012-03-21 16:21:36','UNDEPLOY','PERSNL-77eb9ad:1362de475cb:-7fb1',NULL,NULL),('L45c5662b:13633239641:-7f72','log:log','1.0','Rule','R45c5662b:13633239641:-7f77','2012-03-21 16:20:29','DEPLOY','PERSNL-77eb9ad:1362de475cb:-7fb1',NULL,NULL),('L45c5662b:13633239641:-7f73','log:log','1.0','Rule','R45c5662b:13633239641:-7f77','2012-03-21 16:20:27','UPDATE','PERSNL-77eb9ad:1362de475cb:-7fb1',NULL,NULL),('L45c5662b:13633239641:-7f74','log:log','1.0','Rule','R45c5662b:13633239641:-7f77','2012-03-21 16:20:02','UNDEPLOY','PERSNL-77eb9ad:1362de475cb:-7fb1',NULL,NULL),('L45c5662b:13633239641:-7f75','log:log','1.0','Rule','R45c5662b:13633239641:-7f77','2012-03-21 16:18:58','DEPLOY','PERSNL-77eb9ad:1362de475cb:-7fb1',NULL,NULL),('L45c5662b:13633239641:-7f76','log:log','1.0','Rule','R45c5662b:13633239641:-7f77','2012-03-21 16:18:55','CREATE','PERSNL-77eb9ad:1362de475cb:-7fb1',NULL,NULL),('L45c5662b:13633239641:-7f78','log:log','1.0','Rule','R45c5662b:13633239641:-7f9a','2012-03-21 15:35:41','DEPLOY','PERSNL-77eb9ad:1362de475cb:-7fb1',NULL,NULL),('L45c5662b:13633239641:-7f79','log:log','1.0','Rule','R45c5662b:13633239641:-7f9a','2012-03-21 15:35:37','UPDATE','PERSNL-77eb9ad:1362de475cb:-7fb1',NULL,NULL),('L45c5662b:13633239641:-7f7a','log:log','1.0','Rule','R45c5662b:13633239641:-7f9a','2012-03-21 15:34:48','UPDATE','PERSNL-77eb9ad:1362de475cb:-7fb1',NULL,NULL),('L45c5662b:13633239641:-7f7b','log:log','1.0','Rule','R45c5662b:13633239641:-7f9a','2012-03-21 15:29:44','UPDATE','PERSNL-77eb9ad:1362de475cb:-7fb1',NULL,NULL),('L45c5662b:13633239641:-7f7c','log:log','1.0','Rule','R45c5662b:13633239641:-7f9a','2012-03-21 15:28:54','UNDEPLOY','PERSNL-77eb9ad:1362de475cb:-7fb1',NULL,NULL),('L45c5662b:13633239641:-7f7d','log:log','1.0','Rule','R45c5662b:13633239641:-7f9a','2012-03-21 15:28:44','DEPLOY','PERSNL-77eb9ad:1362de475cb:-7fb1',NULL,NULL),('L45c5662b:13633239641:-7f7e','log:log','1.0','Rule','R45c5662b:13633239641:-7f9a','2012-03-21 15:28:42','UPDATE','PERSNL-77eb9ad:1362de475cb:-7fb1',NULL,NULL),('L45c5662b:13633239641:-7f7f','log:log','1.0','Rule','R45c5662b:13633239641:-7f9a','2012-03-21 15:28:11','UNDEPLOY','PERSNL-77eb9ad:1362de475cb:-7fb1',NULL,NULL),('L45c5662b:13633239641:-7f83','log:log','1.0','Rule','R45c5662b:13633239641:-7f85','2012-03-21 14:17:07','DEPLOY','PERSNL-77eb9ad:1362de475cb:-7fb1',NULL,NULL),('L45c5662b:13633239641:-7f84','log:log','1.0','Rule','R45c5662b:13633239641:-7f85','2012-03-21 14:17:04','CREATE','PERSNL-77eb9ad:1362de475cb:-7fb1',NULL,NULL),('L45c5662b:13633239641:-7f86','log:log','1.0','Rule','R45c5662b:13633239641:-7f88','2012-03-21 14:14:32','DEPLOY','PERSNL-77eb9ad:1362de475cb:-7fb1',NULL,NULL),('L45c5662b:13633239641:-7f87','log:log','1.0','Rule','R45c5662b:13633239641:-7f88','2012-03-21 14:14:30','CREATE','PERSNL-77eb9ad:1362de475cb:-7fb1',NULL,NULL),('L45c5662b:13633239641:-7f89','log:log','1.0','Variable','V45c5662b:13633239641:-7f8a','2012-03-21 14:13:13','CREATE','PERSNL-77eb9ad:1362de475cb:-7fb1',NULL,NULL),('L45c5662b:13633239641:-7f8b','log:log','1.0','Rule','R45c5662b:13633239641:-7f92','2012-03-21 14:10:51','UNDEPLOY','PERSNL-77eb9ad:1362de475cb:-7fb1',NULL,NULL),('L45c5662b:13633239641:-7f8c','log:log','1.0','IncomeAcct','IA45c5662b:13633239641:-7f8e','2012-03-21 14:08:42','APPROVE','PERSNL-12f70615:1362b0b3421:-7ffa',NULL,NULL),('L45c5662b:13633239641:-7f8d','log:log','1.0','IncomeAcct','IA45c5662b:13633239641:-7f8e','2012-03-21 14:08:40','CREATE','PERSNL-12f70615:1362b0b3421:-7ffa',NULL,NULL),('L45c5662b:13633239641:-7f90','log:log','1.0','Rule','R45c5662b:13633239641:-7f92','2012-03-21 14:07:18','DEPLOY','PERSNL-77eb9ad:1362de475cb:-7fb1',NULL,NULL),('L45c5662b:13633239641:-7f91','log:log','1.0','Rule','R45c5662b:13633239641:-7f92','2012-03-21 14:07:15','CREATE','PERSNL-77eb9ad:1362de475cb:-7fb1',NULL,NULL),('L45c5662b:13633239641:-7f93','log:log','1.0','Variable','V45c5662b:13633239641:-7f94','2012-03-21 14:06:05','CREATE','PERSNL-77eb9ad:1362de475cb:-7fb1',NULL,NULL),('L45c5662b:13633239641:-7f95','log:log','1.0','Rule','R45c5662b:13633239641:-7f9a','2012-03-21 14:03:59','DEPLOY','PERSNL-77eb9ad:1362de475cb:-7fb1',NULL,NULL),('L45c5662b:13633239641:-7f96','log:log','1.0','Rule','R45c5662b:13633239641:-7f9a','2012-03-21 14:03:56','UPDATE','PERSNL-77eb9ad:1362de475cb:-7fb1',NULL,NULL),('L45c5662b:13633239641:-7f97','log:log','1.0','Rule','R45c5662b:13633239641:-7f9a','2012-03-21 14:03:20','UNDEPLOY','PERSNL-77eb9ad:1362de475cb:-7fb1',NULL,NULL),('L45c5662b:13633239641:-7f98','log:log','1.0','Rule','R45c5662b:13633239641:-7f9a','2012-03-21 14:01:54','DEPLOY','PERSNL-77eb9ad:1362de475cb:-7fb1',NULL,NULL),('L45c5662b:13633239641:-7f99','log:log','1.0','Rule','R45c5662b:13633239641:-7f9a','2012-03-21 14:01:51','CREATE','PERSNL-77eb9ad:1362de475cb:-7fb1',NULL,NULL),('L45c5662b:13633239641:-7f9b','log:log','1.0','Rule','R45c5662b:13633239641:-7fc4','2012-03-21 13:56:13','DEPLOY','PERSNL-77eb9ad:1362de475cb:-7fb1',NULL,NULL),('L45c5662b:13633239641:-7f9c','log:log','1.0','Rule','R45c5662b:13633239641:-7fc4','2012-03-21 13:56:11','UPDATE','PERSNL-77eb9ad:1362de475cb:-7fb1',NULL,NULL),('L45c5662b:13633239641:-7f9d','log:log','1.0','Rule','R45c5662b:13633239641:-7fc4','2012-03-21 13:55:54','UNDEPLOY','PERSNL-77eb9ad:1362de475cb:-7fb1',NULL,NULL),('L45c5662b:13633239641:-7f9e','log:log','1.0','Rule','R45c5662b:13633239641:-7fa0','2012-03-21 13:55:26','DEPLOY','PERSNL-77eb9ad:1362de475cb:-7fb1',NULL,NULL),('L45c5662b:13633239641:-7f9f','log:log','1.0','Rule','R45c5662b:13633239641:-7fa0','2012-03-21 13:55:24','CREATE','PERSNL-77eb9ad:1362de475cb:-7fb1',NULL,NULL),('L45c5662b:13633239641:-7fa1','log:log','1.0','Lob','L45c5662b:13633239641:-7fa3','2012-03-21 13:53:44','UPDATE','PERSNL-77eb9ad:1362de475cb:-7fb1',NULL,'[:]'),('L45c5662b:13633239641:-7fa2','log:log','1.0','Lob','L45c5662b:13633239641:-7fa3','2012-03-21 13:53:40','CREATE','PERSNL-77eb9ad:1362de475cb:-7fb1',NULL,NULL),('L45c5662b:13633239641:-7fa4','log:log','1.0','Rule','R45c5662b:13633239641:-7fc4','2012-03-21 13:52:21','DEPLOY','PERSNL-77eb9ad:1362de475cb:-7fb1',NULL,NULL),('L45c5662b:13633239641:-7fa5','log:log','1.0','Rule','R45c5662b:13633239641:-7fc4','2012-03-21 13:52:19','UPDATE','PERSNL-77eb9ad:1362de475cb:-7fb1',NULL,NULL),('L45c5662b:13633239641:-7fa6','log:log','1.0','Rule','R45c5662b:13633239641:-7fc4','2012-03-21 13:52:05','UNDEPLOY','PERSNL-77eb9ad:1362de475cb:-7fb1',NULL,NULL),('L45c5662b:13633239641:-7fa7','log:log','1.0','Rule','R45c5662b:13633239641:-7fa9','2012-03-21 13:50:48','DEPLOY','PERSNL-77eb9ad:1362de475cb:-7fb1',NULL,NULL),('L45c5662b:13633239641:-7fa8','log:log','1.0','Rule','R45c5662b:13633239641:-7fa9','2012-03-21 13:50:46','CREATE','PERSNL-77eb9ad:1362de475cb:-7fb1',NULL,NULL),('L45c5662b:13633239641:-7faa','log:log','1.0','Rule','R45c5662b:13633239641:-7fac','2012-03-21 13:47:53','DEPLOY','PERSNL-77eb9ad:1362de475cb:-7fb1',NULL,NULL),('L45c5662b:13633239641:-7fab','log:log','1.0','Rule','R45c5662b:13633239641:-7fac','2012-03-21 13:47:50','CREATE','PERSNL-77eb9ad:1362de475cb:-7fb1',NULL,NULL),('L45c5662b:13633239641:-7fad','log:log','1.0','Lob','L45c5662b:13633239641:-7fb1','2012-03-21 13:46:28','UPDATE','PERSNL-77eb9ad:1362de475cb:-7fb1',NULL,'[\"attributes[0]\":[value:[description:\"BUSINESS WITH TABLES\",name:\"WITH_TABLES\",objid:\"WITH_TABLES\"],action:\"add\",pos:0,name:\"attributes\"]]'),('L45c5662b:13633239641:-7fae','log:log','1.0','LOBAttribute','WITH_TABLES','2012-03-21 13:46:10','CREATE','PERSNL-77eb9ad:1362de475cb:-7fb1',NULL,NULL),('L45c5662b:13633239641:-7faf','log:log','1.0','Lob','L45c5662b:13633239641:-7fb1','2012-03-21 13:43:43','UPDATE','PERSNL-77eb9ad:1362de475cb:-7fb1',NULL,'[:]'),('L45c5662b:13633239641:-7fb0','log:log','1.0','Lob','L45c5662b:13633239641:-7fb1','2012-03-21 13:43:40','CREATE','PERSNL-77eb9ad:1362de475cb:-7fb1',NULL,NULL),('L45c5662b:13633239641:-7fb3','log:log','1.0','Rule','R45c5662b:13633239641:-7fbb','2012-03-21 13:33:05','DEPLOY','PERSNL-77eb9ad:1362de475cb:-7fb1',NULL,NULL),('L45c5662b:13633239641:-7fb4','log:log','1.0','Rule','R45c5662b:13633239641:-7fbb','2012-03-21 13:33:02','UPDATE','PERSNL-77eb9ad:1362de475cb:-7fb1',NULL,NULL),('L45c5662b:13633239641:-7fb5','log:log','1.0','Rule','R45c5662b:13633239641:-7fbb','2012-03-21 13:28:21','UNDEPLOY','PERSNL-77eb9ad:1362de475cb:-7fb1',NULL,NULL),('L45c5662b:13633239641:-7fb6','log:log','1.0','Rule','R45c5662b:13633239641:-7fbb','2012-03-21 13:28:13','DEPLOY','PERSNL-77eb9ad:1362de475cb:-7fb1',NULL,NULL),('L45c5662b:13633239641:-7fb7','log:log','1.0','Rule','R45c5662b:13633239641:-7fbb','2012-03-21 13:28:11','UPDATE','PERSNL-77eb9ad:1362de475cb:-7fb1',NULL,NULL),('L45c5662b:13633239641:-7fb8','log:log','1.0','Rule','R45c5662b:13633239641:-7fbb','2012-03-21 13:27:53','UNDEPLOY','PERSNL-77eb9ad:1362de475cb:-7fb1',NULL,NULL),('L45c5662b:13633239641:-7fb9','log:log','1.0','Rule','R45c5662b:13633239641:-7fbb','2012-03-21 13:27:44','DEPLOY','PERSNL-77eb9ad:1362de475cb:-7fb1',NULL,NULL),('L45c5662b:13633239641:-7fba','log:log','1.0','Rule','R45c5662b:13633239641:-7fbb','2012-03-21 13:27:42','CREATE','PERSNL-77eb9ad:1362de475cb:-7fb1',NULL,NULL),('L45c5662b:13633239641:-7fbc','log:log','1.0','Rule','R45c5662b:13633239641:-7fc4','2012-03-21 13:25:16','DEPLOY','PERSNL-77eb9ad:1362de475cb:-7fb1',NULL,NULL),('L45c5662b:13633239641:-7fbd','log:log','1.0','Rule','R45c5662b:13633239641:-7fc4','2012-03-21 13:25:14','UPDATE','PERSNL-77eb9ad:1362de475cb:-7fb1',NULL,NULL),('L45c5662b:13633239641:-7fbe','log:log','1.0','Rule','R45c5662b:13633239641:-7fc4','2012-03-21 13:25:01','UNDEPLOY','PERSNL-77eb9ad:1362de475cb:-7fb1',NULL,NULL),('L45c5662b:13633239641:-7fbf','log:log','1.0','Rule','R45c5662b:13633239641:-7fc1','2012-03-21 13:24:52','DEPLOY','PERSNL-77eb9ad:1362de475cb:-7fb1',NULL,NULL),('L45c5662b:13633239641:-7fc0','log:log','1.0','Rule','R45c5662b:13633239641:-7fc1','2012-03-21 13:24:50','CREATE','PERSNL-77eb9ad:1362de475cb:-7fb1',NULL,NULL),('L45c5662b:13633239641:-7fc2','log:log','1.0','Rule','R45c5662b:13633239641:-7fc4','2012-03-21 13:24:22','DEPLOY','PERSNL-77eb9ad:1362de475cb:-7fb1',NULL,NULL),('L45c5662b:13633239641:-7fc3','log:log','1.0','Rule','R45c5662b:13633239641:-7fc4','2012-03-21 13:24:19','CREATE','PERSNL-77eb9ad:1362de475cb:-7fb1',NULL,NULL),('L45c5662b:13633239641:-7fc6','log:log','1.0','Rule','R45c5662b:13633239641:-7fcb','2012-03-21 12:55:12','UNDEPLOY','PERSNL-77eb9ad:1362de475cb:-7fb1',NULL,NULL),('L45c5662b:13633239641:-7fc9','log:log','1.0','Rule','R45c5662b:13633239641:-7fcb','2012-03-21 12:50:58','DEPLOY','PERSNL-77eb9ad:1362de475cb:-7fb1',NULL,NULL),('L45c5662b:13633239641:-7fca','log:log','1.0','Rule','R45c5662b:13633239641:-7fcb','2012-03-21 12:50:56','CREATE','PERSNL-77eb9ad:1362de475cb:-7fb1',NULL,NULL),('L45c5662b:13633239641:-7fd1','log:log','1.0','Rule','R45c5662b:13633239641:-7fd8','2012-03-21 11:57:25','UNDEPLOY','PERSNL-77eb9ad:1362de475cb:-7fb1',NULL,NULL),('L45c5662b:13633239641:-7fd2','log:log','1.0','Rule','R45c5662b:13633239641:-7fdb','2012-03-21 11:57:20','UNDEPLOY','PERSNL-77eb9ad:1362de475cb:-7fb1',NULL,NULL),('L45c5662b:13633239641:-7fd3','log:log','1.0','Rule','R45c5662b:13633239641:-7fe8','2012-03-21 11:57:14','UNDEPLOY','PERSNL-77eb9ad:1362de475cb:-7fb1',NULL,NULL),('L45c5662b:13633239641:-7fd4','log:log','1.0','Lob','L-12f70615:1362b0b3421:-7feb','2012-03-21 11:55:18','UPDATE','PERSNL-77eb9ad:1362de475cb:-7fb1',NULL,'[classification:[newValue:\"RETAILERS\",action:\"update\",oldValue:\"AMUSEMENTS\"],classificationid:[newValue:\"LC68fbd6ca:135e5876658:-7fe3\",action:\"update\",oldValue:\"LC68fbd6ca:135e5876658:-7fc7\"]]'),('L45c5662b:13633239641:-7fd6','log:log','1.0','Rule','R45c5662b:13633239641:-7fd8','2012-03-21 11:53:27','DEPLOY','PERSNL-77eb9ad:1362de475cb:-7fb1',NULL,NULL),('L45c5662b:13633239641:-7fd7','log:log','1.0','Rule','R45c5662b:13633239641:-7fd8','2012-03-21 11:53:25','CREATE','PERSNL-77eb9ad:1362de475cb:-7fb1',NULL,NULL),('L45c5662b:13633239641:-7fd9','log:log','1.0','Rule','R45c5662b:13633239641:-7fdb','2012-03-21 11:44:24','DEPLOY','PERSNL-77eb9ad:1362de475cb:-7fb1',NULL,NULL),('L45c5662b:13633239641:-7fda','log:log','1.0','Rule','R45c5662b:13633239641:-7fdb','2012-03-21 11:44:21','CREATE','PERSNL-77eb9ad:1362de475cb:-7fb1',NULL,NULL),('L45c5662b:13633239641:-7fdc','log:log','1.0','Rule','R45c5662b:13633239641:-7fe8','2012-03-21 11:38:35','DEPLOY','PERSNL-77eb9ad:1362de475cb:-7fb1',NULL,NULL),('L45c5662b:13633239641:-7fdd','log:log','1.0','Rule','R45c5662b:13633239641:-7fe8','2012-03-21 11:38:33','UPDATE','PERSNL-77eb9ad:1362de475cb:-7fb1',NULL,NULL),('L45c5662b:13633239641:-7fde','log:log','1.0','Rule','R45c5662b:13633239641:-7fe8','2012-03-21 11:38:23','UNDEPLOY','PERSNL-77eb9ad:1362de475cb:-7fb1',NULL,NULL),('L45c5662b:13633239641:-7fdf','log:log','1.0','Rule','R45c5662b:13633239641:-7fe8','2012-03-21 11:38:11','DEPLOY','PERSNL-77eb9ad:1362de475cb:-7fb1',NULL,NULL),('L45c5662b:13633239641:-7fe0','log:log','1.0','Rule','R45c5662b:13633239641:-7fe8','2012-03-21 11:38:09','UPDATE','PERSNL-77eb9ad:1362de475cb:-7fb1',NULL,NULL),('L45c5662b:13633239641:-7fe1','log:log','1.0','Rule','R45c5662b:13633239641:-7fe8','2012-03-21 11:38:00','UPDATE','PERSNL-77eb9ad:1362de475cb:-7fb1',NULL,NULL),('L45c5662b:13633239641:-7fe2','log:log','1.0','Rule','R45c5662b:13633239641:-7fe8','2012-03-21 11:37:43','UNDEPLOY','PERSNL-77eb9ad:1362de475cb:-7fb1',NULL,NULL),('L45c5662b:13633239641:-7fe3','log:log','1.0','Rule','R45c5662b:13633239641:-7fe8','2012-03-21 11:37:21','DEPLOY','PERSNL-77eb9ad:1362de475cb:-7fb1',NULL,NULL),('L45c5662b:13633239641:-7fe4','log:log','1.0','Rule','R45c5662b:13633239641:-7fe8','2012-03-21 11:37:19','UPDATE','PERSNL-77eb9ad:1362de475cb:-7fb1',NULL,NULL),('L45c5662b:13633239641:-7fe5','log:log','1.0','Rule','R45c5662b:13633239641:-7fe8','2012-03-21 11:37:08','UNDEPLOY','PERSNL-77eb9ad:1362de475cb:-7fb1',NULL,NULL),('L45c5662b:13633239641:-7fe6','log:log','1.0','Rule','R45c5662b:13633239641:-7fe8','2012-03-21 11:32:49','DEPLOY','PERSNL-77eb9ad:1362de475cb:-7fb1',NULL,NULL),('L45c5662b:13633239641:-7fe7','log:log','1.0','Rule','R45c5662b:13633239641:-7fe8','2012-03-21 11:30:51','CREATE','PERSNL-77eb9ad:1362de475cb:-7fb1',NULL,NULL),('L45c5662b:13633239641:-7fe9','log:log','1.0','Rule','R3b52a903:1362da0716c:-7ff9','2012-03-21 11:26:06','UNDEPLOY','PERSNL-77eb9ad:1362de475cb:-7fb1',NULL,NULL),('L45c5662b:13633239641:-7fea','log:log','1.0','Rule','R-12f70615:1362b0b3421:-7fe6','2012-03-21 11:26:01','UNDEPLOY','PERSNL-77eb9ad:1362de475cb:-7fb1',NULL,NULL),('L45c5662b:13633239641:-7feb','log:log','1.0','Rule','R3b52a903:1362da0716c:-7ff3','2012-03-21 11:25:56','UNDEPLOY','PERSNL-77eb9ad:1362de475cb:-7fb1',NULL,NULL),('L45c5662b:13633239641:-7fec','log:log','1.0','Rule','R-36c61497:13630aaa8cd:-7ff9','2012-03-21 11:25:48','UNDEPLOY','PERSNL-77eb9ad:1362de475cb:-7fb1',NULL,NULL),('L45c5662b:13633239641:-7fed','log:log','1.0','Variable','V45c5662b:13633239641:-7fee','2012-03-21 11:12:35','CREATE','PERSNL-77eb9ad:1362de475cb:-7fb1',NULL,NULL),('L45c5662b:13633239641:-7fef','log:log','1.0','Variable','V45c5662b:13633239641:-7ff0','2012-03-21 11:10:31','CREATE','PERSNL-77eb9ad:1362de475cb:-7fb1',NULL,NULL),('L45c5662b:13633239641:-7ff1','log:log','1.0','Variable','V45c5662b:13633239641:-7ff2','2012-03-21 11:09:08','CREATE','PERSNL-77eb9ad:1362de475cb:-7fb1',NULL,NULL),('L45c5662b:13633239641:-7ff3','log:log','1.0','Variable','V45c5662b:13633239641:-7ff4','2012-03-21 11:08:56','CREATE','PERSNL-77eb9ad:1362de475cb:-7fb1',NULL,NULL),('L45c5662b:13633239641:-7ff5','log:log','1.0','Lob','L45c5662b:13633239641:-7ff6','2012-03-21 11:06:42','CREATE','PERSNL-77eb9ad:1362de475cb:-7fb1',NULL,NULL),('L45c5662b:13633239641:-7ff7','log:log','1.0','Lob','L45c5662b:13633239641:-7ff8','2012-03-21 11:05:40','CREATE','PERSNL-77eb9ad:1362de475cb:-7fb1',NULL,NULL),('L45c5662b:13633239641:-7ff9','log:log','1.0','LOBAttribute','HAS_WEIGHTS_AND_MEASURE','2012-03-21 11:03:59','CREATE','PERSNL-77eb9ad:1362de475cb:-7fb1',NULL,NULL),('L45c5662b:13633239641:-7ffa','log:log','1.0','LOBAttribute','ESSENTIAL','2012-03-21 11:03:01','CREATE','PERSNL-77eb9ad:1362de475cb:-7fb1',NULL,NULL),('L4eb9968d:13639066586:-7f79','log:log','1.0','bpbilling','R4eb9968d:13639066586:-7f7a','2012-03-22 17:15:47','CREATE','PERSNL-77eb9ad:1362de475cb:-7fb1',NULL,NULL),('L4eb9968d:13639066586:-7f7b','log:log','1.0','bpbilling','R4eb9968d:13639066586:-7f86','2012-03-22 16:28:13','DEPLOY','PERSNL-77eb9ad:1362de475cb:-7fb1',NULL,NULL),('L4eb9968d:13639066586:-7f7c','log:log','1.0','bpbilling','R4eb9968d:13639066586:-7f86','2012-03-22 16:28:11','UPDATE','PERSNL-77eb9ad:1362de475cb:-7fb1',NULL,'[:]'),('L4eb9968d:13639066586:-7f7d','log:log','1.0','bpbilling','R4eb9968d:13639066586:-7f86','2012-03-22 16:25:10','UNDEPLOY','PERSNL-77eb9ad:1362de475cb:-7fb1',NULL,NULL),('L4eb9968d:13639066586:-7f7e','log:log','1.0','bpbilling','R4eb9968d:13639066586:-7f86','2012-03-22 16:24:42','DEPLOY','PERSNL-77eb9ad:1362de475cb:-7fb1',NULL,NULL),('L4eb9968d:13639066586:-7f7f','log:log','1.0','bpbilling','R4eb9968d:13639066586:-7f86','2012-03-22 16:24:40','UPDATE','PERSNL-77eb9ad:1362de475cb:-7fb1',NULL,'[\"conditions[0].constraints[2]\":[value:[field:[name:\"acctid\",caption:\"Account\",type:\"string\",lookuphandler:\"bpbilling_lookup.taxfee\"],fieldvar:null,operator:[name:\"matches\",caption:\"matches\"],usevar:false,value:\"BUSINESS TAX ON RETAILER,MAYOR\'S PERMIT\",arrayvalue:[[objid:\"IA3b52a903:1362da0716c:-7ff6\",name:\"BUSINESS TAX ON RETAILER\"],[objid:\"IA4eb9968d:13639066586:-7f89\",name:\"MAYOR\'S PERMIT\"]],displaytext:\"Account matches BUSINESS TAX ON RETAILER,MAYOR\'S PERMIT\"],action:\"add\",pos:2,name:\"conditions[0].constraints\"],ruletext:[newValue:\"package etracs2.bp.billing.rules.SURCHARGE_FOR_BT;\\n\\nimport bp.billing.facts.*\\nimport java.util.*\\n\\nglobal com.rameses.rules.common.RuleAction actionList\\n\\nrule \\\"SURCHARGE_FOR_BT\\\"\\nagenda-group \\\"SURCHARGE\\\"\\nno-loop\\nsalience 50000\\n\\nwhen\\n\\$LEDGER : BPLedgerFact( \\$ledgerid:ledgerid )\\n\\$TAXFEE : TaxFeeFact( \\$taxfeeid:taxfeeid, ledgerid == \\$ledgerid )\\nTaxFeeFact(applysurcharge == true, AMTDUE:amount, acctid matches \\\"IA3b52a903:1362da0716c:-7ff6|IA4eb9968d:13639066586:-7f89\\\", taxfeeid == \\$taxfeeid, ledgerid == \\$ledgerid)\\nthen\\n\\$TAXFEE.setSurchargeacctid(\\\"IA2a8c8a24:1363832b9dd:-7fd1\\\");\\n\\$TAXFEE.setSurchargeaccttitle(\\\"SURCHARGE FOR BUSINESS\\\");\\n\\$TAXFEE.setSurcharge(AMTDUE * 0.25);\\n\\nactionList.setContext( drools );\\nactionList.execute(\\\"calcSurcharge\\\", \\$TAXFEE );\\nend\",action:\"update\",oldValue:\"package etracs2.bp.billing.rules.SURCHARGE_FOR_BT;\\n\\nimport bp.billing.facts.*\\nimport java.util.*\\n\\nglobal com.rameses.rules.common.RuleAction actionList\\n\\nrule \\\"SURCHARGE_FOR_BT\\\"\\nagenda-group \\\"SURCHARGE\\\"\\nno-loop\\nsalience 50000\\n\\nwhen\\n\\$LEDGER : BPLedgerFact( \\$ledgerid:ledgerid )\\n\\$TAXFEE : TaxFeeFact( \\$taxfeeid:taxfeeid, ledgerid == \\$ledgerid )\\nTaxFeeFact(applysurcharge == true, AMTDUE:amount, taxfeeid == \\$taxfeeid, ledgerid == \\$ledgerid)\\nthen\\n\\$TAXFEE.setSurchargeacctid(\\\"IA2a8c8a24:1363832b9dd:-7fd1\\\");\\n\\$TAXFEE.setSurchargeaccttitle(\\\"SURCHARGE FOR BUSINESS\\\");\\n\\$TAXFEE.setSurcharge(AMTDUE * 0.25);\\n\\nactionList.setContext( drools );\\nactionList.execute(\\\"calcSurcharge\\\", \\$TAXFEE );\\nend\"],\"conditions[0].displaytext\":[newValue:\"TaxFeeFact(Apply Surcharge == true,AMTDUE:Amount Due,Account matches BUSINESS TAX ON RETAILER,MAYOR\'S PERMIT)\",action:\"update\",oldValue:\"TaxFeeFact(Apply Surcharge == true,AMTDUE:Amount Due)\"]]'),('L4eb9968d:13639066586:-7f80','log:log','1.0','bpbilling','R4eb9968d:13639066586:-7f86','2012-03-22 16:24:13','UNDEPLOY','PERSNL-77eb9ad:1362de475cb:-7fb1',NULL,NULL),('L4eb9968d:13639066586:-7f81','log:log','1.0','bpbilling','R4eb9968d:13639066586:-7f86','2012-03-22 16:24:09','DEPLOY','PERSNL-77eb9ad:1362de475cb:-7fb1',NULL,NULL),('L4eb9968d:13639066586:-7f82','log:log','1.0','bpbilling','R4eb9968d:13639066586:-7f86','2012-03-22 16:24:07','UPDATE','PERSNL-77eb9ad:1362de475cb:-7fb1',NULL,'[:]'),('L4eb9968d:13639066586:-7f83','log:log','1.0','bpbilling','R4eb9968d:13639066586:-7f86','2012-03-22 16:24:04','UPDATE','PERSNL-77eb9ad:1362de475cb:-7fb1',NULL,'[\"conditions[0].constraints[1].displaytext\":[newValue:\"AMTDUE:Amount Due\",action:\"update\",oldValue:\"Account == BUSINESS TAX ON RETAILER,MAYOR\'S PERMIT\"],\"conditions[0].constraints[1].arrayvalue\":[newValue:null,action:\"update\",oldValue:[[objid:\"IA3b52a903:1362da0716c:-7ff6\",name:\"BUSINESS TAX ON RETAILER\"],[objid:\"IA4eb9968d:13639066586:-7f89\",name:\"MAYOR\'S PERMIT\"]]],\"conditions[0].constraints[1].operator\":[newValue:null,action:\"update\",oldValue:[name:\"==\",caption:\"equal\"]],\"conditions[0].constraints[2]\":[value:[field:[name:\"amount\",caption:\"Amount Due\",type:\"decimal\"],fieldvar:\"AMTDUE\",operator:null,usevar:false,value:null,arrayvalue:null,displaytext:\"AMTDUE:Amount Due\"],action:\"remove\",pos:2,name:\"conditions[0].constraints\"],\"conditions[0].constraints[1].field.type\":[newValue:\"decimal\",action:\"update\",oldValue:\"string\"],\"conditions[0].constraints[1].field.name\":[newValue:\"amount\",action:\"update\",oldValue:\"acctid\"],\"conditions[0].constraints[1].value\":[newValue:null,action:\"update\",oldValue:\"BUSINESS TAX ON RETAILER,MAYOR\'S PERMIT\"],\"conditions[0].constraints[1].fieldvar\":[newValue:\"AMTDUE\",action:\"update\",oldValue:null],ruletext:[newValue:\"package etracs2.bp.billing.rules.SURCHARGE_FOR_BT;\\n\\nimport bp.billing.facts.*\\nimport java.util.*\\n\\nglobal com.rameses.rules.common.RuleAction actionList\\n\\nrule \\\"SURCHARGE_FOR_BT\\\"\\nagenda-group \\\"SURCHARGE\\\"\\nno-loop\\nsalience 50000\\n\\nwhen\\n\\$LEDGER : BPLedgerFact( \\$ledgerid:ledgerid )\\n\\$TAXFEE : TaxFeeFact( \\$taxfeeid:taxfeeid, ledgerid == \\$ledgerid )\\nTaxFeeFact(applysurcharge == true, AMTDUE:amount, taxfeeid == \\$taxfeeid, ledgerid == \\$ledgerid)\\nthen\\n\\$TAXFEE.setSurchargeacctid(\\\"IA2a8c8a24:1363832b9dd:-7fd1\\\");\\n\\$TAXFEE.setSurchargeaccttitle(\\\"SURCHARGE FOR BUSINESS\\\");\\n\\$TAXFEE.setSurcharge(AMTDUE * 0.25);\\n\\nactionList.setContext( drools );\\nactionList.execute(\\\"calcSurcharge\\\", \\$TAXFEE );\\nend\",action:\"update\",oldValue:\"package etracs2.bp.billing.rules.SURCHARGE_FOR_BT;\\n\\nimport bp.billing.facts.*\\nimport java.util.*\\n\\nglobal com.rameses.rules.common.RuleAction actionList\\n\\nrule \\\"SURCHARGE_FOR_BT\\\"\\nagenda-group \\\"SURCHARGE\\\"\\nno-loop\\nsalience 50000\\n\\nwhen\\n\\$LEDGER : BPLedgerFact( \\$ledgerid:ledgerid )\\n\\$TAXFEE : TaxFeeFact( \\$taxfeeid:taxfeeid, ledgerid == \\$ledgerid )\\nTaxFeeFact(applysurcharge == true, acctid == BUSINESS TAX ON RETAILER,MAYOR\'S PERMIT, AMTDUE:amount, taxfeeid == \\$taxfeeid, ledgerid == \\$ledgerid)\\nthen\\n\\$TAXFEE.setSurchargeacctid(\\\"IA2a8c8a24:1363832b9dd:-7fd1\\\");\\n\\$TAXFEE.setSurchargeaccttitle(\\\"SURCHARGE FOR BUSINESS\\\");\\n\\$TAXFEE.setSurcharge(AMTDUE * 0.25);\\n\\nactionList.setContext( drools );\\nactionList.execute(\\\"calcSurcharge\\\", \\$TAXFEE );\\nend\"],\"conditions[0].displaytext\":[newValue:\"TaxFeeFact(Apply Surcharge == true,AMTDUE:Amount Due)\",action:\"update\",oldValue:\"TaxFeeFact(Apply Surcharge == true,Account == BUSINESS TAX ON RETAILER,MAYOR\'S PERMIT,AMTDUE:Amount Due)\"],\"conditions[0].constraints[1].field.lookuphandler\":[action:\"update\",oldValue:\"bpbilling_lookup.taxfee\"],\"conditions[0].constraints[1].field.caption\":[newValue:\"Amount Due\",action:\"update\",oldValue:\"Account\"]]'),('L4eb9968d:13639066586:-7f84','log:log','1.0','bpbilling','R4eb9968d:13639066586:-7f86','2012-03-22 16:23:53','UPDATE','PERSNL-77eb9ad:1362de475cb:-7fb1',NULL,'[ruletext:[newValue:\"package etracs2.bp.billing.rules.SURCHARGE_FOR_BT;\\n\\nimport bp.billing.facts.*\\nimport java.util.*\\n\\nglobal com.rameses.rules.common.RuleAction actionList\\n\\nrule \\\"SURCHARGE_FOR_BT\\\"\\nagenda-group \\\"SURCHARGE\\\"\\nno-loop\\nsalience 50000\\n\\nwhen\\n\\$LEDGER : BPLedgerFact( \\$ledgerid:ledgerid )\\n\\$TAXFEE : TaxFeeFact( \\$taxfeeid:taxfeeid, ledgerid == \\$ledgerid )\\nTaxFeeFact(applysurcharge == true, acctid == BUSINESS TAX ON RETAILER,MAYOR\'S PERMIT, AMTDUE:amount, taxfeeid == \\$taxfeeid, ledgerid == \\$ledgerid)\\nthen\\n\\$TAXFEE.setSurchargeacctid(\\\"IA2a8c8a24:1363832b9dd:-7fd1\\\");\\n\\$TAXFEE.setSurchargeaccttitle(\\\"SURCHARGE FOR BUSINESS\\\");\\n\\$TAXFEE.setSurcharge(AMTDUE * 0.25);\\n\\nactionList.setContext( drools );\\nactionList.execute(\\\"calcSurcharge\\\", \\$TAXFEE );\\nend\",action:\"update\",oldValue:\"package etracs2.bp.billing.rules;\\n\\nimport bp.billing.facts.*\\nimport java.util.*\\n\\nglobal com.rameses.rules.common.RuleAction actionList\\n\\nrule \\\"SURCHARGE_FOR_BT\\\"\\nagenda-group \\\"SURCHARGE\\\"\\nno-loop\\nsalience 50000\\n\\nwhen\\n\\$LEDGER : BPLedgerFact( \\$ledgerid:ledgerid )\\n\\$TAXFEE : TaxFeeFact( \\$taxfeeid:taxfeeid, ledgerid == \\$ledgerid )\\nTaxFeeFact(applysurcharge == true, acctid == BUSINESS TAX ON RETAILER,MAYOR\'S PERMIT, AMTDUE:amount, taxfeeid == \\$taxfeeid, ledgerid == \\$ledgerid)\\nthen\\n\\$TAXFEE.setSurchargeacctid(\\\"IA2a8c8a24:1363832b9dd:-7fd1\\\");\\n\\$TAXFEE.setSurchargeaccttitle(\\\"SURCHARGE FOR BUSINESS\\\");\\n\\$TAXFEE.setSurcharge(AMTDUE * 0.25);\\n\\nactionList.setContext( drools );\\nactionList.execute(\\\"calcSurcharge\\\", \\$TAXFEE );\\nend\"]]'),('L4eb9968d:13639066586:-7f85','log:log','1.0','bpbilling','R4eb9968d:13639066586:-7f86','2012-03-22 16:23:42','CREATE','PERSNL-77eb9ad:1362de475cb:-7fb1',NULL,NULL),('L4eb9968d:13639066586:-7f87','log:log','1.0','IncomeAcct','IA4eb9968d:13639066586:-7f89','2012-03-22 16:16:07','APPROVE','PERSNL-12f70615:1362b0b3421:-7ffa',NULL,NULL),('L4eb9968d:13639066586:-7f88','log:log','1.0','IncomeAcct','IA4eb9968d:13639066586:-7f89','2012-03-22 16:16:04','CREATE','PERSNL-12f70615:1362b0b3421:-7ffa',NULL,NULL),('L4eb9968d:13639066586:-7f8b','log:log','1.0','bpbilling','R4eb9968d:13639066586:-7ff8','2012-03-22 16:13:55','UNDEPLOY','PERSNL-77eb9ad:1362de475cb:-7fb1',NULL,NULL),('L4eb9968d:13639066586:-7f8c','log:log','1.0','bpbilling','R4eb9968d:13639066586:-7ff8','2012-03-22 16:13:53','UNDEPLOY','PERSNL-77eb9ad:1362de475cb:-7fb1',NULL,NULL),('L4eb9968d:13639066586:-7f8d','log:log','1.0','bpbilling','R4eb9968d:13639066586:-7fa6','2012-03-22 16:13:48','UNDEPLOY','PERSNL-77eb9ad:1362de475cb:-7fb1',NULL,NULL),('L4eb9968d:13639066586:-7f8e','log:log','1.0','bpbilling','R4eb9968d:13639066586:-7fa6','2012-03-22 16:13:25','UNDEPLOY','PERSNL-77eb9ad:1362de475cb:-7fb1',NULL,NULL),('L4eb9968d:13639066586:-7f8f','log:log','1.0','bpbilling','R4eb9968d:13639066586:-7fa6','2017-03-22 16:10:09','DEPLOY','PERSNL-77eb9ad:1362de475cb:-7fb1',NULL,NULL),('L4eb9968d:13639066586:-7f90','log:log','1.0','bpbilling','R4eb9968d:13639066586:-7fa6','2017-03-22 16:10:07','UPDATE','PERSNL-77eb9ad:1362de475cb:-7fb1',NULL,'[\"actions[0]\":[value:[opener:\"bpbillingrule_action_interest\",acctid:\"IA2a8c8a24:1363832b9dd:-7fce\",accttitle:\"INTEREST FOR BUSINESS\",expr:\"(DAYS - 52 < 0 ) ?    0     :      (  DAYS - 52    >   360 * 3 ) ?     360 * 3 * (AMTDUE+SC)/30 * 0.02    :      (AMTDUE+SC)/30 * 0.02 * (DAYS - 52)\",displaytext:\"Calculate INTEREST FOR BUSINESS using the formula: (DAYS - 52 < 0 ) ?    0     :      (  DAYS - 52    >   360 * 3 ) ?     360 * 3 * (AMTDUE+SC)/30 * 0.02    :      (AMTDUE+SC)/30 * 0.02 * (DAYS - 52)\",actiontype:\"calcInterest\"],action:\"add\",pos:0,name:\"actions\"],ruletext:[newValue:\"package etracs2.bp.billing.rules.INTEREST;\\n\\nimport bp.billing.facts.*\\nimport java.util.*\\n\\nglobal com.rameses.rules.common.RuleAction actionList\\n\\nrule \\\"INTEREST\\\"\\nagenda-group \\\"INTEREST\\\"\\nno-loop\\nsalience 50000\\n\\nwhen\\n\\$LEDGER : BPLedgerFact( \\$ledgerid:ledgerid )\\n\\$TAXFEE : TaxFeeFact( \\$taxfeeid:taxfeeid, ledgerid == \\$ledgerid )\\nTaxFeeFact(DAYS:daysfromqtr, AMTDUE:amount, SC:surcharge, taxfeeid == \\$taxfeeid, ledgerid == \\$ledgerid)\\nthen\\n\\$TAXFEE.setInterestacctid(\\\"IA2a8c8a24:1363832b9dd:-7fce\\\");\\n\\$TAXFEE.setInterestaccttitle(\\\"INTEREST FOR BUSINESS\\\");\\n\\$TAXFEE.setInterest((DAYS - 52 < 0 ) ?    0     :      (  DAYS - 52    >   360 * 3 ) ?     360 * 3 * (AMTDUE+SC)/30 * 0.02    :      (AMTDUE+SC)/30 * 0.02 * (DAYS - 52));\\n\\nactionList.setContext( drools );\\nactionList.execute(\\\"calcInterest\\\", \\$TAXFEE );\\nend\",action:\"update\",oldValue:\"package etracs2.bp.billing.rules.INTEREST;\\n\\nimport bp.billing.facts.*\\nimport java.util.*\\n\\nglobal com.rameses.rules.common.RuleAction actionList\\n\\nrule \\\"INTEREST\\\"\\nagenda-group \\\"INTEREST\\\"\\nno-loop\\nsalience 50000\\n\\nwhen\\n\\$LEDGER : BPLedgerFact( \\$ledgerid:ledgerid )\\n\\$TAXFEE : TaxFeeFact( \\$taxfeeid:taxfeeid, ledgerid == \\$ledgerid )\\nTaxFeeFact(DAYS:daysfromqtr, AMTDUE:amount, SC:surcharge, taxfeeid == \\$taxfeeid, ledgerid == \\$ledgerid)\\nthen\\nend\"]]'),('L4eb9968d:13639066586:-7f91','log:log','1.0','bpbilling','R4eb9968d:13639066586:-7fa6','2017-03-22 16:09:51','UPDATE','PERSNL-77eb9ad:1362de475cb:-7fb1',NULL,'[\"actions[0]\":[value:[opener:\"bpbillingrule_action_interest\",acctid:\"IA2a8c8a24:1363832b9dd:-7fce\",accttitle:\"INTEREST FOR BUSINESS\",expr:\"(DAYS - 52 < 0 ) ?    0     :      ( 360 * 3 > DAYS - 52  ) ?     360 * 3 * (AMTDUE+SC)/30 * 0.02    :      (AMTDUE+SC)/30 * 0.02 * (DAYS - 52)\",displaytext:\"Calculate INTEREST FOR BUSINESS using the formula: (DAYS - 52 < 0 ) ?    0     :      ( 360 * 3 > DAYS - 52  ) ?     360 * 3 * (AMTDUE+SC)/30 * 0.02    :      (AMTDUE+SC)/30 * 0.02 * (DAYS - 52)\",actiontype:\"calcInterest\"],action:\"remove\",pos:0,name:\"actions\"],ruletext:[newValue:\"package etracs2.bp.billing.rules.INTEREST;\\n\\nimport bp.billing.facts.*\\nimport java.util.*\\n\\nglobal com.rameses.rules.common.RuleAction actionList\\n\\nrule \\\"INTEREST\\\"\\nagenda-group \\\"INTEREST\\\"\\nno-loop\\nsalience 50000\\n\\nwhen\\n\\$LEDGER : BPLedgerFact( \\$ledgerid:ledgerid )\\n\\$TAXFEE : TaxFeeFact( \\$taxfeeid:taxfeeid, ledgerid == \\$ledgerid )\\nTaxFeeFact(DAYS:daysfromqtr, AMTDUE:amount, SC:surcharge, taxfeeid == \\$taxfeeid, ledgerid == \\$ledgerid)\\nthen\\nend\",action:\"update\",oldValue:\"package etracs2.bp.billing.rules.INTEREST;\\n\\nimport bp.billing.facts.*\\nimport java.util.*\\n\\nglobal com.rameses.rules.common.RuleAction actionList\\n\\nrule \\\"INTEREST\\\"\\nagenda-group \\\"INTEREST\\\"\\nno-loop\\nsalience 50000\\n\\nwhen\\n\\$LEDGER : BPLedgerFact( \\$ledgerid:ledgerid )\\n\\$TAXFEE : TaxFeeFact( \\$taxfeeid:taxfeeid, ledgerid == \\$ledgerid )\\nTaxFeeFact(DAYS:daysfromqtr, AMTDUE:amount, SC:surcharge, taxfeeid == \\$taxfeeid, ledgerid == \\$ledgerid)\\nthen\\n\\$TAXFEE.setInterestacctid(\\\"IA2a8c8a24:1363832b9dd:-7fce\\\");\\n\\$TAXFEE.setInterestaccttitle(\\\"INTEREST FOR BUSINESS\\\");\\n\\$TAXFEE.setInterest((DAYS - 52 < 0 ) ?    0     :      ( 360 * 3 > DAYS - 52  ) ?     360 * 3 * (AMTDUE+SC)/30 * 0.02    :      (AMTDUE+SC)/30 * 0.02 * (DAYS - 52));\\n\\nactionList.setContext( drools );\\nactionList.execute(\\\"calcInterest\\\", \\$TAXFEE );\\nend\"]]'),('L4eb9968d:13639066586:-7f92','log:log','1.0','bpbilling','R4eb9968d:13639066586:-7fa6','2017-03-22 16:08:34','UNDEPLOY','PERSNL-77eb9ad:1362de475cb:-7fb1',NULL,NULL),('L4eb9968d:13639066586:-7f93','log:log','1.0','bpbilling','R4eb9968d:13639066586:-7fa6','2016-03-22 16:08:11','DEPLOY','PERSNL-77eb9ad:1362de475cb:-7fb1',NULL,NULL),('L4eb9968d:13639066586:-7f94','log:log','1.0','bpbilling','R4eb9968d:13639066586:-7fa6','2016-03-22 16:08:09','UPDATE','PERSNL-77eb9ad:1362de475cb:-7fb1',NULL,'[:]'),('L4eb9968d:13639066586:-7f95','log:log','1.0','bpbilling','R4eb9968d:13639066586:-7fa6','2016-03-22 16:07:58','UNDEPLOY','PERSNL-77eb9ad:1362de475cb:-7fb1',NULL,NULL),('L4eb9968d:13639066586:-7f96','log:log','1.0','bpbilling','R4eb9968d:13639066586:-7fa6','2012-03-22 16:05:33','DEPLOY','PERSNL-77eb9ad:1362de475cb:-7fb1',NULL,NULL),('L4eb9968d:13639066586:-7f97','log:log','1.0','bpbilling','R4eb9968d:13639066586:-7fa6','2012-03-22 16:05:31','UPDATE','PERSNL-77eb9ad:1362de475cb:-7fb1',NULL,'[\"actions[0]\":[value:[opener:\"bpbillingrule_action_interest\",acctid:\"IA2a8c8a24:1363832b9dd:-7fce\",accttitle:\"INTEREST FOR BUSINESS\",expr:\"(DAYS - 52 < 0 ) ?    0     :      ( 360 * 3 > DAYS - 52  ) ?     360 * 3 * (AMTDUE+SC)/30 * 0.02    :      (AMTDUE+SC)/30 * 0.02 * (DAYS - 52)\",displaytext:\"Calculate INTEREST FOR BUSINESS using the formula: (DAYS - 52 < 0 ) ?    0     :      ( 360 * 3 > DAYS - 52  ) ?     360 * 3 * (AMTDUE+SC)/30 * 0.02    :      (AMTDUE+SC)/30 * 0.02 * (DAYS - 52)\",actiontype:\"calcInterest\"],action:\"add\",pos:0,name:\"actions\"],ruletext:[newValue:\"package etracs2.bp.billing.rules.INTEREST;\\n\\nimport bp.billing.facts.*\\nimport java.util.*\\n\\nglobal com.rameses.rules.common.RuleAction actionList\\n\\nrule \\\"INTEREST\\\"\\nagenda-group \\\"INTEREST\\\"\\nno-loop\\nsalience 50000\\n\\nwhen\\n\\$LEDGER : BPLedgerFact( \\$ledgerid:ledgerid )\\n\\$TAXFEE : TaxFeeFact( \\$taxfeeid:taxfeeid, ledgerid == \\$ledgerid )\\nTaxFeeFact(DAYS:daysfromqtr, AMTDUE:amount, SC:surcharge, taxfeeid == \\$taxfeeid, ledgerid == \\$ledgerid)\\nthen\\n\\$TAXFEE.setInterestacctid(\\\"IA2a8c8a24:1363832b9dd:-7fce\\\");\\n\\$TAXFEE.setInterestaccttitle(\\\"INTEREST FOR BUSINESS\\\");\\n\\$TAXFEE.setInterest((DAYS - 52 < 0 ) ?    0     :      ( 360 * 3 > DAYS - 52  ) ?     360 * 3 * (AMTDUE+SC)/30 * 0.02    :      (AMTDUE+SC)/30 * 0.02 * (DAYS - 52));\\n\\nactionList.setContext( drools );\\nactionList.execute(\\\"calcInterest\\\", \\$TAXFEE );\\nend\",action:\"update\",oldValue:\"package etracs2.bp.billing.rules.INTEREST;\\n\\nimport bp.billing.facts.*\\nimport java.util.*\\n\\nglobal com.rameses.rules.common.RuleAction actionList\\n\\nrule \\\"INTEREST\\\"\\nagenda-group \\\"INTEREST\\\"\\nno-loop\\nsalience 50000\\n\\nwhen\\n\\$LEDGER : BPLedgerFact( \\$ledgerid:ledgerid )\\n\\$TAXFEE : TaxFeeFact( \\$taxfeeid:taxfeeid, ledgerid == \\$ledgerid )\\nTaxFeeFact(DAYS:daysfromqtr, AMTDUE:amount, SC:surcharge, taxfeeid == \\$taxfeeid, ledgerid == \\$ledgerid)\\nthen\\nend\"]]'),('L4eb9968d:13639066586:-7f98','log:log','1.0','bpbilling','R4eb9968d:13639066586:-7fa6','2012-03-22 16:01:12','UPDATE','PERSNL-77eb9ad:1362de475cb:-7fb1',NULL,'[\"actions[0]\":[value:[opener:\"bpbillingrule_action_interest\",acctid:\"IA2a8c8a24:1363832b9dd:-7fce\",accttitle:\"INTEREST FOR BUSINESS\",expr:\"( DAYS-52 < 0 ) ?  0   : (DAYS - 52) * ((AMTDUE + SC)/30) * 0.02\",displaytext:\"Calculate INTEREST FOR BUSINESS using the formula: ( DAYS-52 < 0 ) ?  0   : (DAYS - 52) * ((AMTDUE + SC)/30) * 0.02\",actiontype:\"calcInterest\"],action:\"remove\",pos:0,name:\"actions\"],ruletext:[newValue:\"package etracs2.bp.billing.rules.INTEREST;\\n\\nimport bp.billing.facts.*\\nimport java.util.*\\n\\nglobal com.rameses.rules.common.RuleAction actionList\\n\\nrule \\\"INTEREST\\\"\\nagenda-group \\\"INTEREST\\\"\\nno-loop\\nsalience 50000\\n\\nwhen\\n\\$LEDGER : BPLedgerFact( \\$ledgerid:ledgerid )\\n\\$TAXFEE : TaxFeeFact( \\$taxfeeid:taxfeeid, ledgerid == \\$ledgerid )\\nTaxFeeFact(DAYS:daysfromqtr, AMTDUE:amount, SC:surcharge, taxfeeid == \\$taxfeeid, ledgerid == \\$ledgerid)\\nthen\\nend\",action:\"update\",oldValue:\"package etracs2.bp.billing.rules.INTEREST;\\n\\nimport bp.billing.facts.*\\nimport java.util.*\\n\\nglobal com.rameses.rules.common.RuleAction actionList\\n\\nrule \\\"INTEREST\\\"\\nagenda-group \\\"INTEREST\\\"\\nno-loop\\nsalience 50000\\n\\nwhen\\n\\$LEDGER : BPLedgerFact( \\$ledgerid:ledgerid )\\n\\$TAXFEE : TaxFeeFact( \\$taxfeeid:taxfeeid, ledgerid == \\$ledgerid )\\nTaxFeeFact(DAYS:daysfromqtr, AMTDUE:amount, SC:surcharge, taxfeeid == \\$taxfeeid, ledgerid == \\$ledgerid)\\nthen\\n\\$TAXFEE.setInterestacctid(\\\"IA2a8c8a24:1363832b9dd:-7fce\\\");\\n\\$TAXFEE.setInterestaccttitle(\\\"INTEREST FOR BUSINESS\\\");\\n\\$TAXFEE.setInterest(( DAYS-52 < 0 ) ?  0   : (DAYS - 52) * ((AMTDUE + SC)/30) * 0.02);\\n\\nactionList.setContext( drools );\\nactionList.execute(\\\"calcInterest\\\", \\$TAXFEE );\\nend\"]]'),('L4eb9968d:13639066586:-7f99','log:log','1.0','bpbilling','R4eb9968d:13639066586:-7fa6','2012-03-22 16:01:01','UNDEPLOY','PERSNL-77eb9ad:1362de475cb:-7fb1',NULL,NULL),('L4eb9968d:13639066586:-7f9a','log:log','1.0','bpbilling','R4eb9968d:13639066586:-7fa6','2012-03-22 16:00:17','DEPLOY','PERSNL-77eb9ad:1362de475cb:-7fb1',NULL,NULL),('L4eb9968d:13639066586:-7f9b','log:log','1.0','bpbilling','R4eb9968d:13639066586:-7fa6','2012-03-22 16:00:15','UPDATE','PERSNL-77eb9ad:1362de475cb:-7fb1',NULL,'[\"actions[0]\":[value:[opener:\"bpbillingrule_action_interest\",acctid:\"IA2a8c8a24:1363832b9dd:-7fce\",accttitle:\"INTEREST FOR BUSINESS\",expr:\"( DAYS-52 < 0 ) ?  0   : (DAYS - 52) * ((AMTDUE + SC)/30) * 0.02\",displaytext:\"Calculate INTEREST FOR BUSINESS using the formula: ( DAYS-52 < 0 ) ?  0   : (DAYS - 52) * ((AMTDUE + SC)/30) * 0.02\",actiontype:\"calcInterest\"],action:\"add\",pos:0,name:\"actions\"],ruletext:[newValue:\"package etracs2.bp.billing.rules.INTEREST;\\n\\nimport bp.billing.facts.*\\nimport java.util.*\\n\\nglobal com.rameses.rules.common.RuleAction actionList\\n\\nrule \\\"INTEREST\\\"\\nagenda-group \\\"INTEREST\\\"\\nno-loop\\nsalience 50000\\n\\nwhen\\n\\$LEDGER : BPLedgerFact( \\$ledgerid:ledgerid )\\n\\$TAXFEE : TaxFeeFact( \\$taxfeeid:taxfeeid, ledgerid == \\$ledgerid )\\nTaxFeeFact(DAYS:daysfromqtr, AMTDUE:amount, SC:surcharge, taxfeeid == \\$taxfeeid, ledgerid == \\$ledgerid)\\nthen\\n\\$TAXFEE.setInterestacctid(\\\"IA2a8c8a24:1363832b9dd:-7fce\\\");\\n\\$TAXFEE.setInterestaccttitle(\\\"INTEREST FOR BUSINESS\\\");\\n\\$TAXFEE.setInterest(( DAYS-52 < 0 ) ?  0   : (DAYS - 52) * ((AMTDUE + SC)/30) * 0.02);\\n\\nactionList.setContext( drools );\\nactionList.execute(\\\"calcInterest\\\", \\$TAXFEE );\\nend\",action:\"update\",oldValue:\"package etracs2.bp.billing.rules.INTEREST;\\n\\nimport bp.billing.facts.*\\nimport java.util.*\\n\\nglobal com.rameses.rules.common.RuleAction actionList\\n\\nrule \\\"INTEREST\\\"\\nagenda-group \\\"INTEREST\\\"\\nno-loop\\nsalience 50000\\n\\nwhen\\n\\$LEDGER : BPLedgerFact( \\$ledgerid:ledgerid )\\n\\$TAXFEE : TaxFeeFact( \\$taxfeeid:taxfeeid, ledgerid == \\$ledgerid )\\nTaxFeeFact(DAYS:daysfromqtr, AMTDUE:amount, SC:surcharge, taxfeeid == \\$taxfeeid, ledgerid == \\$ledgerid)\\nthen\\nend\"]]'),('L4eb9968d:13639066586:-7f9c','log:log','1.0','bpbilling','R4eb9968d:13639066586:-7fa6','2012-03-22 16:00:03','UPDATE','PERSNL-77eb9ad:1362de475cb:-7fb1',NULL,'[\"actions[0]\":[value:[opener:\"bpbillingrule_action_interest\",acctid:\"IA2a8c8a24:1363832b9dd:-7fce\",accttitle:\"INTEREST FOR BUSINESS\",expr:\"( DAYS-51 < 0 ) ?  0   : (DAYS - 51) * ((AMTDUE + SC)/30) * 0.02\",displaytext:\"Calculate INTEREST FOR BUSINESS using the formula: ( DAYS-51 < 0 ) ?  0   : (DAYS - 51) * ((AMTDUE + SC)/30) * 0.02\",actiontype:\"calcInterest\"],action:\"remove\",pos:0,name:\"actions\"],ruletext:[newValue:\"package etracs2.bp.billing.rules.INTEREST;\\n\\nimport bp.billing.facts.*\\nimport java.util.*\\n\\nglobal com.rameses.rules.common.RuleAction actionList\\n\\nrule \\\"INTEREST\\\"\\nagenda-group \\\"INTEREST\\\"\\nno-loop\\nsalience 50000\\n\\nwhen\\n\\$LEDGER : BPLedgerFact( \\$ledgerid:ledgerid )\\n\\$TAXFEE : TaxFeeFact( \\$taxfeeid:taxfeeid, ledgerid == \\$ledgerid )\\nTaxFeeFact(DAYS:daysfromqtr, AMTDUE:amount, SC:surcharge, taxfeeid == \\$taxfeeid, ledgerid == \\$ledgerid)\\nthen\\nend\",action:\"update\",oldValue:\"package etracs2.bp.billing.rules.INTEREST;\\n\\nimport bp.billing.facts.*\\nimport java.util.*\\n\\nglobal com.rameses.rules.common.RuleAction actionList\\n\\nrule \\\"INTEREST\\\"\\nagenda-group \\\"INTEREST\\\"\\nno-loop\\nsalience 50000\\n\\nwhen\\n\\$LEDGER : BPLedgerFact( \\$ledgerid:ledgerid )\\n\\$TAXFEE : TaxFeeFact( \\$taxfeeid:taxfeeid, ledgerid == \\$ledgerid )\\nTaxFeeFact(DAYS:daysfromqtr, AMTDUE:amount, SC:surcharge, taxfeeid == \\$taxfeeid, ledgerid == \\$ledgerid)\\nthen\\n\\$TAXFEE.setInterestacctid(\\\"IA2a8c8a24:1363832b9dd:-7fce\\\");\\n\\$TAXFEE.setInterestaccttitle(\\\"INTEREST FOR BUSINESS\\\");\\n\\$TAXFEE.setInterest(( DAYS-51 < 0 ) ?  0   : (DAYS - 51) * ((AMTDUE + SC)/30) * 0.02);\\n\\nactionList.setContext( drools );\\nactionList.execute(\\\"calcInterest\\\", \\$TAXFEE );\\nend\"]]'),('L4eb9968d:13639066586:-7f9d','log:log','1.0','bpbilling','R4eb9968d:13639066586:-7fa6','2012-03-22 15:59:36','UNDEPLOY','PERSNL-77eb9ad:1362de475cb:-7fb1',NULL,NULL),('L4eb9968d:13639066586:-7f9e','log:log','1.0','bpbilling','R4eb9968d:13639066586:-7fa6','2012-03-22 15:58:59','DEPLOY','PERSNL-77eb9ad:1362de475cb:-7fb1',NULL,NULL),('L4eb9968d:13639066586:-7f9f','log:log','1.0','bpbilling','R4eb9968d:13639066586:-7fa6','2012-03-22 15:58:57','UPDATE','PERSNL-77eb9ad:1362de475cb:-7fb1',NULL,'[\"actions[0]\":[value:[opener:\"bpbillingrule_action_interest\",acctid:\"IA2a8c8a24:1363832b9dd:-7fce\",accttitle:\"INTEREST FOR BUSINESS\",expr:\"( DAYS-51 < 0 ) ?  0   : (DAYS - 51) * ((AMTDUE + SC)/30) * 0.02\",displaytext:\"Calculate INTEREST FOR BUSINESS using the formula: ( DAYS-51 < 0 ) ?  0   : (DAYS - 51) * ((AMTDUE + SC)/30) * 0.02\",actiontype:\"calcInterest\"],action:\"add\",pos:0,name:\"actions\"],ruletext:[newValue:\"package etracs2.bp.billing.rules.INTEREST;\\n\\nimport bp.billing.facts.*\\nimport java.util.*\\n\\nglobal com.rameses.rules.common.RuleAction actionList\\n\\nrule \\\"INTEREST\\\"\\nagenda-group \\\"INTEREST\\\"\\nno-loop\\nsalience 50000\\n\\nwhen\\n\\$LEDGER : BPLedgerFact( \\$ledgerid:ledgerid )\\n\\$TAXFEE : TaxFeeFact( \\$taxfeeid:taxfeeid, ledgerid == \\$ledgerid )\\nTaxFeeFact(DAYS:daysfromqtr, AMTDUE:amount, SC:surcharge, taxfeeid == \\$taxfeeid, ledgerid == \\$ledgerid)\\nthen\\n\\$TAXFEE.setInterestacctid(\\\"IA2a8c8a24:1363832b9dd:-7fce\\\");\\n\\$TAXFEE.setInterestaccttitle(\\\"INTEREST FOR BUSINESS\\\");\\n\\$TAXFEE.setInterest(( DAYS-51 < 0 ) ?  0   : (DAYS - 51) * ((AMTDUE + SC)/30) * 0.02);\\n\\nactionList.setContext( drools );\\nactionList.execute(\\\"calcInterest\\\", \\$TAXFEE );\\nend\",action:\"update\",oldValue:\"package etracs2.bp.billing.rules.INTEREST;\\n\\nimport bp.billing.facts.*\\nimport java.util.*\\n\\nglobal com.rameses.rules.common.RuleAction actionList\\n\\nrule \\\"INTEREST\\\"\\nagenda-group \\\"INTEREST\\\"\\nno-loop\\nsalience 50000\\n\\nwhen\\n\\$LEDGER : BPLedgerFact( \\$ledgerid:ledgerid )\\n\\$TAXFEE : TaxFeeFact( \\$taxfeeid:taxfeeid, ledgerid == \\$ledgerid )\\nTaxFeeFact(DAYS:daysfromqtr, AMTDUE:amount, SC:surcharge, taxfeeid == \\$taxfeeid, ledgerid == \\$ledgerid)\\nthen\\nend\"]]'),('L4eb9968d:13639066586:-7fa0','log:log','1.0','bpbilling','R4eb9968d:13639066586:-7fa6','2012-03-22 15:57:44','UPDATE','PERSNL-77eb9ad:1362de475cb:-7fb1',NULL,'[\"varlist[2]\":[value:\"SC\",action:\"add\",pos:2,name:\"varlist\"],\"varlist[0]\":[value:\"DAYS\",action:\"add\",pos:0,name:\"varlist\"],\"conditions[0]\":[value:[fact:[name:\"TaxFeeFact\",caption:\"TaxFeeFact\",ruleset:\"bpbilling\",packagename:\"bp.billing.facts\"],varname:null,opener:\"abstractrulecondition\",constraints:[[field:[name:\"daysfromqtr\",caption:\"Days from Qtr\",type:\"integer\"],fieldvar:\"DAYS\",operator:null,usevar:false,value:null,arrayvalue:null,displaytext:\"DAYS:Days from Qtr\"],[field:[name:\"amount\",caption:\"Amount Due\",type:\"decimal\"],fieldvar:\"AMTDUE\",operator:null,usevar:false,value:null,arrayvalue:null,displaytext:\"AMTDUE:Amount Due\"],[field:[name:\"surcharge\",caption:\"Surcharge\",type:\"decimal\"],fieldvar:\"SC\",operator:null,usevar:false,value:null,arrayvalue:null,displaytext:\"SC:Surcharge\"]],displaytext:\"TaxFeeFact(DAYS:Days from Qtr,AMTDUE:Amount Due,SC:Surcharge)\"],action:\"add\",pos:0,name:\"conditions\"],ruletext:[newValue:\"package etracs2.bp.billing.rules.INTEREST;\\n\\nimport bp.billing.facts.*\\nimport java.util.*\\n\\nglobal com.rameses.rules.common.RuleAction actionList\\n\\nrule \\\"INTEREST\\\"\\nagenda-group \\\"INTEREST\\\"\\nno-loop\\nsalience 50000\\n\\nwhen\\n\\$LEDGER : BPLedgerFact( \\$ledgerid:ledgerid )\\n\\$TAXFEE : TaxFeeFact( \\$taxfeeid:taxfeeid, ledgerid == \\$ledgerid )\\nTaxFeeFact(DAYS:daysfromqtr, AMTDUE:amount, SC:surcharge, taxfeeid == \\$taxfeeid, ledgerid == \\$ledgerid)\\nthen\\nend\",action:\"update\",oldValue:\"package etracs2.bp.billing.rules.INTEREST;\\n\\nimport bp.billing.facts.*\\nimport java.util.*\\n\\nglobal com.rameses.rules.common.RuleAction actionList\\n\\nrule \\\"INTEREST\\\"\\nagenda-group \\\"INTEREST\\\"\\nno-loop\\nsalience 50000\\n\\nwhen\\n\\$LEDGER : BPLedgerFact( \\$ledgerid:ledgerid )\\n\\$TAXFEE : TaxFeeFact( \\$taxfeeid:taxfeeid, ledgerid == \\$ledgerid )\\nthen\\nend\"],\"varlist[1]\":[value:\"AMTDUE\",action:\"add\",pos:1,name:\"varlist\"]]'),('L4eb9968d:13639066586:-7fa1','log:log','1.0','bpbilling','R4eb9968d:13639066586:-7fa6','2012-03-22 15:55:59','UPDATE','PERSNL-77eb9ad:1362de475cb:-7fb1',NULL,'[\"actions[0]\":[value:[opener:\"bpbillingrule_action_interest\",acctid:\"IA2a8c8a24:1363832b9dd:-7fce\",accttitle:\"INTEREST FOR BUSINESS\",expr:\"DAYS * 1.0\",displaytext:\"Calculate INTEREST FOR BUSINESS using the formula: DAYS * 1.0\",actiontype:\"calcInterest\"],action:\"remove\",pos:0,name:\"actions\"],\"varlist[0]\":[value:\"DAYS\",action:\"remove\",pos:0,name:\"varlist\"],\"conditions[0]\":[value:[fact:[name:\"TaxFeeFact\",caption:\"TaxFeeFact\",ruleset:\"bpbilling\",packagename:\"bp.billing.facts\"],varname:null,opener:\"abstractrulecondition\",constraints:[[field:[name:\"daysfromqtr\",caption:\"Days from Qtr\",type:\"integer\"],fieldvar:\"DAYS\",operator:null,usevar:false,value:null,arrayvalue:null,displaytext:\"DAYS:Days from Qtr\"]],displaytext:\"TaxFeeFact(DAYS:Days from Qtr)\"],action:\"remove\",pos:0,name:\"conditions\"],ruletext:[newValue:\"package etracs2.bp.billing.rules.INTEREST;\\n\\nimport bp.billing.facts.*\\nimport java.util.*\\n\\nglobal com.rameses.rules.common.RuleAction actionList\\n\\nrule \\\"INTEREST\\\"\\nagenda-group \\\"INTEREST\\\"\\nno-loop\\nsalience 50000\\n\\nwhen\\n\\$LEDGER : BPLedgerFact( \\$ledgerid:ledgerid )\\n\\$TAXFEE : TaxFeeFact( \\$taxfeeid:taxfeeid, ledgerid == \\$ledgerid )\\nthen\\nend\",action:\"update\",oldValue:\"package etracs2.bp.billing.rules.INTEREST;\\n\\nimport bp.billing.facts.*\\nimport java.util.*\\n\\nglobal com.rameses.rules.common.RuleAction actionList\\n\\nrule \\\"INTEREST\\\"\\nagenda-group \\\"INTEREST\\\"\\nno-loop\\nsalience 50000\\n\\nwhen\\n\\$LEDGER : BPLedgerFact( \\$ledgerid:ledgerid )\\n\\$TAXFEE : TaxFeeFact( \\$taxfeeid:taxfeeid, ledgerid == \\$ledgerid )\\nTaxFeeFact(DAYS:daysfromqtr, taxfeeid == \\$taxfeeid, ledgerid == \\$ledgerid)\\nthen\\n\\$TAXFEE.setInterestacctid(\\\"IA2a8c8a24:1363832b9dd:-7fce\\\");\\n\\$TAXFEE.setInterestaccttitle(\\\"INTEREST FOR BUSINESS\\\");\\n\\$TAXFEE.setInterest(DAYS * 1.0);\\n\\nactionList.setContext( drools );\\nactionList.execute(\\\"calcInterest\\\", \\$TAXFEE );\\nend\"]]'),('L4eb9968d:13639066586:-7fa2','log:log','1.0','bpbilling','R4eb9968d:13639066586:-7fa6','2012-03-22 15:55:52','UNDEPLOY','PERSNL-77eb9ad:1362de475cb:-7fb1',NULL,NULL),('L4eb9968d:13639066586:-7fa3','log:log','1.0','bpbilling','R4eb9968d:13639066586:-7fa6','2012-03-22 15:53:50','DEPLOY','PERSNL-77eb9ad:1362de475cb:-7fb1',NULL,NULL),('L4eb9968d:13639066586:-7fa4','log:log','1.0','bpbilling','R4eb9968d:13639066586:-7fa6','2012-03-22 15:53:46','UPDATE','PERSNL-77eb9ad:1362de475cb:-7fb1',NULL,'[\"actions[0].expr\":[newValue:\"DAYS * 1.0\",action:\"update\",oldValue:\"DAYS * 1\"],ruletext:[newValue:\"package etracs2.bp.billing.rules.INTEREST;\\n\\nimport bp.billing.facts.*\\nimport java.util.*\\n\\nglobal com.rameses.rules.common.RuleAction actionList\\n\\nrule \\\"INTEREST\\\"\\nagenda-group \\\"INTEREST\\\"\\nno-loop\\nsalience 50000\\n\\nwhen\\n\\$LEDGER : BPLedgerFact( \\$ledgerid:ledgerid )\\n\\$TAXFEE : TaxFeeFact( \\$taxfeeid:taxfeeid, ledgerid == \\$ledgerid )\\nTaxFeeFact(DAYS:daysfromqtr, taxfeeid == \\$taxfeeid, ledgerid == \\$ledgerid)\\nthen\\n\\$TAXFEE.setInterestacctid(\\\"IA2a8c8a24:1363832b9dd:-7fce\\\");\\n\\$TAXFEE.setInterestaccttitle(\\\"INTEREST FOR BUSINESS\\\");\\n\\$TAXFEE.setInterest(DAYS * 1.0);\\n\\nactionList.setContext( drools );\\nactionList.execute(\\\"calcInterest\\\", \\$TAXFEE );\\nend\",action:\"update\",oldValue:\"package etracs2.bp.billing.rules;\\n\\nimport bp.billing.facts.*\\nimport java.util.*\\n\\nglobal com.rameses.rules.common.RuleAction actionList\\n\\nrule \\\"INTEREST\\\"\\nagenda-group \\\"INTEREST\\\"\\nno-loop\\nsalience 50000\\n\\nwhen\\n\\$LEDGER : BPLedgerFact( \\$ledgerid:ledgerid )\\n\\$TAXFEE : TaxFeeFact( \\$taxfeeid:taxfeeid, ledgerid == \\$ledgerid )\\nTaxFeeFact(DAYS:daysfromqtr, taxfeeid == \\$taxfeeid, ledgerid == \\$ledgerid)\\nthen\\n\\$TAXFEE.setInterestacctid(\\\"IA2a8c8a24:1363832b9dd:-7fce\\\");\\n\\$TAXFEE.setInterestaccttitle(\\\"INTEREST FOR BUSINESS\\\");\\n\\$TAXFEE.setInterest(DAYS * 1);\\n\\nactionList.setContext( drools );\\nactionList.execute(\\\"calcInterest\\\", \\$TAXFEE );\\nend\"],\"actions[0].displaytext\":[newValue:\"Calculate INTEREST FOR BUSINESS using the formula: DAYS * 1.0\",action:\"update\",oldValue:\"Calculate INTEREST FOR BUSINESS using the formula: DAYS * 1\"]]'),('L4eb9968d:13639066586:-7fa5','log:log','1.0','bpbilling','R4eb9968d:13639066586:-7fa6','2012-03-22 15:53:17','CREATE','PERSNL-77eb9ad:1362de475cb:-7fb1',NULL,NULL),('L4eb9968d:13639066586:-7fa7','log:log','1.0','bpbilling','R4eb9968d:13639066586:-7fa9','2012-03-22 15:52:38','UNDEPLOY','PERSNL-77eb9ad:1362de475cb:-7fb1',NULL,NULL),('L4eb9968d:13639066586:-7fa8','log:log','1.0','bpbilling','R4eb9968d:13639066586:-7fa9','2012-03-22 15:52:29','CREATE','PERSNL-77eb9ad:1362de475cb:-7fb1',NULL,NULL),('L4eb9968d:13639066586:-7faa','log:log','1.0','bpbilling','R4eb9968d:13639066586:-7faf','2012-03-22 15:51:56','UNDEPLOY','PERSNL-77eb9ad:1362de475cb:-7fb1',NULL,NULL),('L4eb9968d:13639066586:-7fab','log:log','1.0','bpbilling','R4eb9968d:13639066586:-7faf','2012-03-22 15:51:39','UPDATE','PERSNL-77eb9ad:1362de475cb:-7fb1',NULL,'[\"actions[0].expr\":[newValue:\"DAYS\",action:\"update\",oldValue:\"DAYS * ((AMTDUE + SC) / 30) * 0.02\"],ruletext:[newValue:\"package etracs2.bp.billing.rules.INTEREST_DAILY;\\n\\nimport bp.billing.facts.*\\nimport java.util.*\\n\\nglobal com.rameses.rules.common.RuleAction actionList\\n\\nrule \\\"INTEREST_DAILY\\\"\\nagenda-group \\\"INTEREST\\\"\\nno-loop\\nsalience 50000\\n\\nwhen\\n\\$LEDGER : BPLedgerFact( \\$ledgerid:ledgerid )\\n\\$TAXFEE : TaxFeeFact( \\$taxfeeid:taxfeeid, ledgerid == \\$ledgerid )\\nTaxFeeFact(DAYS:daysfromqtr, AMTDUE:amount, SC:surcharge, taxfeeid == \\$taxfeeid, ledgerid == \\$ledgerid)\\nthen\\n\\$TAXFEE.setInterestacctid(\\\"IA2a8c8a24:1363832b9dd:-7fce\\\");\\n\\$TAXFEE.setInterestaccttitle(\\\"INTEREST FOR BUSINESS\\\");\\n\\$TAXFEE.setInterest(DAYS);\\n\\nactionList.setContext( drools );\\nactionList.execute(\\\"calcInterest\\\", \\$TAXFEE );\\nend\",action:\"update\",oldValue:\"package etracs2.bp.billing.rules;\\n\\nimport bp.billing.facts.*\\nimport java.util.*\\n\\nglobal com.rameses.rules.common.RuleAction actionList\\n\\nrule \\\"INTEREST_DAILY\\\"\\nagenda-group \\\"INTEREST\\\"\\nno-loop\\nsalience 50000\\n\\nwhen\\n\\$LEDGER : BPLedgerFact( \\$ledgerid:ledgerid )\\n\\$TAXFEE : TaxFeeFact( \\$taxfeeid:taxfeeid, ledgerid == \\$ledgerid )\\nTaxFeeFact(DAYS:daysfromqtr, AMTDUE:amount, SC:surcharge, taxfeeid == \\$taxfeeid, ledgerid == \\$ledgerid)\\nthen\\n\\$TAXFEE.setInterestacctid(\\\"IA2a8c8a24:1363832b9dd:-7fce\\\");\\n\\$TAXFEE.setInterestaccttitle(\\\"INTEREST FOR BUSINESS\\\");\\n\\$TAXFEE.setInterest(DAYS * ((AMTDUE + SC) / 30) * 0.02);\\n\\nactionList.setContext( drools );\\nactionList.execute(\\\"calcInterest\\\", \\$TAXFEE );\\nend\"],\"actions[0].displaytext\":[newValue:\"Calculate INTEREST FOR BUSINESS using the formula: DAYS\",action:\"update\",oldValue:\"Calculate INTEREST FOR BUSINESS using the formula: DAYS * ((AMTDUE + SC) / 30) * 0.02\"]]'),('L4eb9968d:13639066586:-7fac','log:log','1.0','bpbilling','R4eb9968d:13639066586:-7faf','2012-03-22 15:50:22','UNDEPLOY','PERSNL-77eb9ad:1362de475cb:-7fb1',NULL,NULL),('L4eb9968d:13639066586:-7fad','log:log','1.0','bpbilling','R4eb9968d:13639066586:-7faf','2012-03-22 15:23:26','DEPLOY','PERSNL-77eb9ad:1362de475cb:-7fb1',NULL,NULL),('L4eb9968d:13639066586:-7fae','log:log','1.0','bpbilling','R4eb9968d:13639066586:-7faf','2012-03-22 15:23:24','CREATE','PERSNL-77eb9ad:1362de475cb:-7fb1',NULL,NULL),('L4eb9968d:13639066586:-7fb0','log:log','1.0','bpbilling','R4eb9968d:13639066586:-7fcf','2012-03-22 15:21:31','UNDEPLOY','PERSNL-77eb9ad:1362de475cb:-7fb1',NULL,NULL),('L4eb9968d:13639066586:-7fb1','log:log','1.0','bpbilling','R4eb9968d:13639066586:-7fcf','2012-03-22 15:20:41','UPDATE','PERSNL-77eb9ad:1362de475cb:-7fb1',NULL,'[\"actions[0]\":[value:[opener:\"bpbillingrule_action_interest\",acctid:\"IA2a8c8a24:1363832b9dd:-7fce\",accttitle:\"INTEREST FOR BUSINESS\",expr:\"(AMTDUE + SC) * MONTHS * 0.02\",displaytext:\"Calculate INTEREST FOR BUSINESS using the formula: (AMTDUE + SC) * MONTHS * 0.02\",actiontype:\"calcInterest\"],action:\"remove\",pos:0,name:\"actions\"],\"varlist[2]\":[value:\"AMTDUE\",action:\"remove\",pos:2,name:\"varlist\"],\"varlist[0]\":[newValue:\"MONTHS\",action:\"update\",oldValue:\"MONTHS\"],\"conditions[0]\":[value:[fact:[name:\"TaxFeeFact\",caption:\"TaxFeeFact\",ruleset:\"bpbilling\",packagename:\"bp.billing.facts\"],varname:null,opener:\"abstractrulecondition\",constraints:[[field:[name:\"monthsfromqtr\",caption:\"Months From Qtr\",type:\"integer\"],fieldvar:\"MONTHS\",operator:null,usevar:false,value:null,arrayvalue:null,displaytext:\"MONTHS:Months From Qtr\"],[field:[name:\"surcharge\",caption:\"Surcharge\",type:\"decimal\"],fieldvar:\"SC\",operator:null,usevar:false,value:null,arrayvalue:null,displaytext:\"SC:Surcharge\"],[field:[name:\"amount\",caption:\"Amount Due\",type:\"decimal\"],fieldvar:\"AMTDUE\",operator:null,usevar:false,value:null,arrayvalue:null,displaytext:\"AMTDUE:Amount Due\"]],displaytext:\"TaxFeeFact(MONTHS:Months From Qtr,SC:Surcharge,AMTDUE:Amount Due)\"],action:\"remove\",pos:0,name:\"conditions\"],ruletext:[newValue:\"package etracs2.bp.billing.rules.INTEREST;\\n\\nimport bp.billing.facts.*\\nimport java.util.*\\n\\nglobal com.rameses.rules.common.RuleAction actionList\\n\\nrule \\\"INTEREST\\\"\\nagenda-group \\\"INTEREST\\\"\\nno-loop\\nsalience 50000\\n\\nwhen\\n\\$LEDGER : BPLedgerFact( \\$ledgerid:ledgerid )\\n\\$TAXFEE : TaxFeeFact( \\$taxfeeid:taxfeeid, ledgerid == \\$ledgerid )\\nthen\\nend\",action:\"update\",oldValue:\"package etracs2.bp.billing.rules.INTEREST;\\n\\nimport bp.billing.facts.*\\nimport java.util.*\\n\\nglobal com.rameses.rules.common.RuleAction actionList\\n\\nrule \\\"INTEREST\\\"\\nagenda-group \\\"INTEREST\\\"\\nno-loop\\nsalience 50000\\n\\nwhen\\n\\$LEDGER : BPLedgerFact( \\$ledgerid:ledgerid )\\n\\$TAXFEE : TaxFeeFact( \\$taxfeeid:taxfeeid, ledgerid == \\$ledgerid )\\nTaxFeeFact(MONTHS:monthsfromqtr, SC:surcharge, AMTDUE:amount, taxfeeid == \\$taxfeeid, ledgerid == \\$ledgerid)\\nthen\\n\\$TAXFEE.setInterestacctid(\\\"IA2a8c8a24:1363832b9dd:-7fce\\\");\\n\\$TAXFEE.setInterestaccttitle(\\\"INTEREST FOR BUSINESS\\\");\\n\\$TAXFEE.setInterest((AMTDUE + SC) * MONTHS * 0.02);\\n\\nactionList.setContext( drools );\\nactionList.execute(\\\"calcInterest\\\", \\$TAXFEE );\\nend\"],\"varlist[1]\":[value:\"SC\",action:\"remove\",pos:1,name:\"varlist\"]]'),('L4eb9968d:13639066586:-7fb2','log:log','1.0','bpbilling','R4eb9968d:13639066586:-7fcf','2012-03-22 15:19:30','UPDATE','PERSNL-77eb9ad:1362de475cb:-7fb1',NULL,'[ruletext:[newValue:\"package etracs2.bp.billing.rules.INTEREST;\\n\\nimport bp.billing.facts.*\\nimport java.util.*\\n\\nglobal com.rameses.rules.common.RuleAction actionList\\n\\nrule \\\"INTEREST\\\"\\nagenda-group \\\"INTEREST\\\"\\nno-loop\\nsalience 50000\\n\\nwhen\\n\\$LEDGER : BPLedgerFact( \\$ledgerid:ledgerid )\\n\\$TAXFEE : TaxFeeFact( \\$taxfeeid:taxfeeid, ledgerid == \\$ledgerid )\\nTaxFeeFact(MONTHS:monthsfromqtr, SC:surcharge, AMTDUE:amount, taxfeeid == \\$taxfeeid, ledgerid == \\$ledgerid)\\nthen\\n\\$TAXFEE.setInterestacctid(\\\"IA2a8c8a24:1363832b9dd:-7fce\\\");\\n\\$TAXFEE.setInterestaccttitle(\\\"INTEREST FOR BUSINESS\\\");\\n\\$TAXFEE.setInterest((AMTDUE + SC) * MONTHS * 0.02);\\n\\nactionList.setContext( drools );\\nactionList.execute(\\\"calcInterest\\\", \\$TAXFEE );\\nend\",action:\"update\",oldValue:\"package etracs2.bp.billing.rules;\\n\\nimport bp.billing.facts.*\\nimport java.util.*\\n\\nglobal com.rameses.rules.common.RuleAction actionList\\n\\nrule \\\"INTEREST\\\"\\nagenda-group \\\"INTEREST\\\"\\nno-loop\\nsalience 50000\\n\\nwhen\\n\\$LEDGER : BPLedgerFact( \\$ledgerid:ledgerid )\\n\\$TAXFEE : TaxFeeFact( \\$taxfeeid:taxfeeid, ledgerid == \\$ledgerid )\\nTaxFeeFact(MONTHS:monthsfromqtr, SC:surcharge, AMTDUE:amount, taxfeeid == \\$taxfeeid, ledgerid == \\$ledgerid)\\nthen\\n\\$TAXFEE.setInterestacctid(\\\"IA2a8c8a24:1363832b9dd:-7fce\\\");\\n\\$TAXFEE.setInterestaccttitle(\\\"INTEREST FOR BUSINESS\\\");\\n\\$TAXFEE.setInterest((AMTDUE + SC) * MONTHS * 0.02);\\n\\nactionList.setContext( drools );\\nactionList.execute(\\\"calcInterest\\\", \\$TAXFEE );\\nend\"]]'),('L4eb9968d:13639066586:-7fb3','log:log','1.0','bpbilling','R4eb9968d:13639066586:-7fcf','2012-03-22 15:17:38','UNDEPLOY','PERSNL-77eb9ad:1362de475cb:-7fb1',NULL,NULL),('L4eb9968d:13639066586:-7fb8','log:log','1.0','BUSINESS_TAX','RCT4eb9968d:13639066586:-7fbb','2012-09-01 15:15:10','CREATE','PERSNL-12f70615:1362b0b3421:-7ffa',NULL,NULL),('L4eb9968d:13639066586:-7fbd','log:log','1.0','BPApplication','BP4eb9968d:13639066586:-7fc3','2012-03-22 15:11:12','APPROVE','PERSNL2a8c8a24:1363832b9dd:-7fc3','RENEW',NULL),('L4eb9968d:13639066586:-7fc4','log:log','1.0','Entity','E4eb9968d:13639066586:-7fc5','2012-03-22 15:09:56','CREATE','PERSNL2a8c8a24:1363832b9dd:-7fc3',NULL,NULL),('L4eb9968d:13639066586:-7fc6','log:log','1.0','BPApplication','BP4eb9968d:13639066586:-7fcc','2012-03-22 15:07:37','APPROVE','PERSNL2a8c8a24:1363832b9dd:-7fc3','RENEW',NULL),('L4eb9968d:13639066586:-7fcd','log:log','1.0','bpbilling','R4eb9968d:13639066586:-7fcf','2012-03-22 14:59:55','DEPLOY','PERSNL-77eb9ad:1362de475cb:-7fb1',NULL,NULL),('L4eb9968d:13639066586:-7fce','log:log','1.0','bpbilling','R4eb9968d:13639066586:-7fcf','2012-03-22 14:59:54','CREATE','PERSNL-77eb9ad:1362de475cb:-7fb1',NULL,NULL),('L4eb9968d:13639066586:-7fd0','log:log','1.0','bpbilling','R4eb9968d:13639066586:-7fd7','2012-03-22 14:59:04','UNDEPLOY','PERSNL-77eb9ad:1362de475cb:-7fb1',NULL,NULL),('L4eb9968d:13639066586:-7fd1','log:log','1.0','bpbilling','R4eb9968d:13639066586:-7fd7','2012-03-22 14:59:00','UPDATE','PERSNL-77eb9ad:1362de475cb:-7fb1',NULL,'[\"actions[0].expr\":[newValue:\"(AMTDUE + SC) * MONTHS * 0.02\",action:\"update\",oldValue:\"( AMTDUE + SC ) * MONTHS * 0.02\"],ruletext:[newValue:\"package etracs2.bp.billing.rules.INTEREST;\\n\\nimport bp.billing.facts.*\\nimport java.util.*\\n\\nglobal com.rameses.rules.common.RuleAction actionList\\n\\nrule \\\"INTEREST\\\"\\nagenda-group \\\"INTEREST\\\"\\nno-loop\\nsalience 50000\\n\\nwhen\\n\\$LEDGER : BPLedgerFact( \\$ledgerid:ledgerid )\\n\\$TAXFEE : TaxFeeFact( \\$taxfeeid:taxfeeid, ledgerid == \\$ledgerid )\\nTaxFeeFact(MONTHS:monthsfromqtr, AMTDUE:amount, SC:surcharge, taxfeeid == \\$taxfeeid, ledgerid == \\$ledgerid)\\nthen\\n\\$TAXFEE.setInterestacctid(\\\"IA2a8c8a24:1363832b9dd:-7fce\\\");\\n\\$TAXFEE.setInterestaccttitle(\\\"INTEREST FOR BUSINESS\\\");\\n\\$TAXFEE.setInterest((AMTDUE + SC) * MONTHS * 0.02);\\n\\nactionList.setContext( drools );\\nactionList.execute(\\\"calcInterest\\\", \\$TAXFEE );\\nend\",action:\"update\",oldValue:\"package etracs2.bp.billing.rules.INTEREST;\\n\\nimport bp.billing.facts.*\\nimport java.util.*\\n\\nglobal com.rameses.rules.common.RuleAction actionList\\n\\nrule \\\"INTEREST\\\"\\nagenda-group \\\"INTEREST\\\"\\nno-loop\\nsalience 50000\\n\\nwhen\\n\\$LEDGER : BPLedgerFact( \\$ledgerid:ledgerid )\\n\\$TAXFEE : TaxFeeFact( \\$taxfeeid:taxfeeid, ledgerid == \\$ledgerid )\\nTaxFeeFact(MONTHS:monthsfromqtr, AMTDUE:amount, SC:surcharge, taxfeeid == \\$taxfeeid, ledgerid == \\$ledgerid)\\nthen\\n\\$TAXFEE.setInterestacctid(\\\"IA2a8c8a24:1363832b9dd:-7fce\\\");\\n\\$TAXFEE.setInterestaccttitle(\\\"INTEREST FOR BUSINESS\\\");\\n\\$TAXFEE.setInterest(( AMTDUE + SC ) * MONTHS * 0.02);\\n\\nactionList.setContext( drools );\\nactionList.execute(\\\"calcInterest\\\", \\$TAXFEE );\\nend\"],\"actions[0].displaytext\":[newValue:\"Calculate INTEREST FOR BUSINESS using the formula: (AMTDUE + SC) * MONTHS * 0.02\",action:\"update\",oldValue:\"Calculate INTEREST FOR BUSINESS using the formula: ( AMTDUE + SC ) * MONTHS * 0.02\"]]'),('L4eb9968d:13639066586:-7fd2','log:log','1.0','bpbilling','R4eb9968d:13639066586:-7fd7','2012-03-22 14:58:10','UPDATE','PERSNL-77eb9ad:1362de475cb:-7fb1',NULL,'[\"conditions[0].constraints[2]\":[value:[field:[name:\"surcharge\",caption:\"Surcharge\",type:\"decimal\"],fieldvar:\"SC\",operator:null,usevar:false,value:null,arrayvalue:null,displaytext:\"SC:Surcharge\"],action:\"add\",pos:2,name:\"conditions[0].constraints\"],\"varlist[2]\":[value:\"SC\",action:\"add\",pos:2,name:\"varlist\"],\"varlist[0]\":[newValue:\"MONTHS\",action:\"update\",oldValue:\"MONTHS\"],\"actions[0].expr\":[newValue:\"( AMTDUE + SC ) * MONTHS * 0.02\",action:\"update\",oldValue:\"MONTHS * 0.02 * AMTDUE \"],ruletext:[newValue:\"package etracs2.bp.billing.rules.INTEREST;\\n\\nimport bp.billing.facts.*\\nimport java.util.*\\n\\nglobal com.rameses.rules.common.RuleAction actionList\\n\\nrule \\\"INTEREST\\\"\\nagenda-group \\\"INTEREST\\\"\\nno-loop\\nsalience 50000\\n\\nwhen\\n\\$LEDGER : BPLedgerFact( \\$ledgerid:ledgerid )\\n\\$TAXFEE : TaxFeeFact( \\$taxfeeid:taxfeeid, ledgerid == \\$ledgerid )\\nTaxFeeFact(MONTHS:monthsfromqtr, AMTDUE:amount, SC:surcharge, taxfeeid == \\$taxfeeid, ledgerid == \\$ledgerid)\\nthen\\n\\$TAXFEE.setInterestacctid(\\\"IA2a8c8a24:1363832b9dd:-7fce\\\");\\n\\$TAXFEE.setInterestaccttitle(\\\"INTEREST FOR BUSINESS\\\");\\n\\$TAXFEE.setInterest(( AMTDUE + SC ) * MONTHS * 0.02);\\n\\nactionList.setContext( drools );\\nactionList.execute(\\\"calcInterest\\\", \\$TAXFEE );\\nend\",action:\"update\",oldValue:\"package etracs2.bp.billing.rules;\\n\\nimport bp.billing.facts.*\\nimport java.util.*\\n\\nglobal com.rameses.rules.common.RuleAction actionList\\n\\nrule \\\"INTEREST\\\"\\nagenda-group \\\"INTEREST\\\"\\nno-loop\\nsalience 50000\\n\\nwhen\\n\\$LEDGER : BPLedgerFact( \\$ledgerid:ledgerid )\\n\\$TAXFEE : TaxFeeFact( \\$taxfeeid:taxfeeid, ledgerid == \\$ledgerid )\\nTaxFeeFact(MONTHS:monthsfromqtr, AMTDUE:amount, taxfeeid == \\$taxfeeid, ledgerid == \\$ledgerid)\\nthen\\n\\$TAXFEE.setInterestacctid(\\\"IA2a8c8a24:1363832b9dd:-7fce\\\");\\n\\$TAXFEE.setInterestaccttitle(\\\"INTEREST FOR BUSINESS\\\");\\n\\$TAXFEE.setInterest(MONTHS * 0.02 * AMTDUE );\\n\\nactionList.setContext( drools );\\nactionList.execute(\\\"calcInterest\\\", \\$TAXFEE );\\nend\"],\"actions[0].displaytext\":[newValue:\"Calculate INTEREST FOR BUSINESS using the formula: ( AMTDUE + SC ) * MONTHS * 0.02\",action:\"update\",oldValue:\"Calculate INTEREST FOR BUSINESS using the formula: MONTHS * 0.02 * AMTDUE \"],\"conditions[0].displaytext\":[newValue:\"TaxFeeFact(MONTHS:Months From Qtr,AMTDUE:Amount Due,SC:Surcharge)\",action:\"update\",oldValue:\"TaxFeeFact(MONTHS:Months From Qtr,AMTDUE:Amount Due)\"],\"varlist[1]\":[newValue:\"AMTDUE\",action:\"update\",oldValue:\"AMTDUE\"]]'),('L4eb9968d:13639066586:-7fd3','log:log','1.0','bpbilling','R4eb9968d:13639066586:-7fd7','2012-03-22 14:57:10','UNDEPLOY','PERSNL-77eb9ad:1362de475cb:-7fb1',NULL,NULL),('L4eb9968d:13639066586:-7fd5','log:log','1.0','bpbilling','R4eb9968d:13639066586:-7fd7','2012-03-22 14:55:30','DEPLOY','PERSNL-77eb9ad:1362de475cb:-7fb1',NULL,NULL),('L4eb9968d:13639066586:-7fd6','log:log','1.0','bpbilling','R4eb9968d:13639066586:-7fd7','2012-03-22 14:55:28','CREATE','PERSNL-77eb9ad:1362de475cb:-7fb1',NULL,NULL),('L4eb9968d:13639066586:-7fd8','log:log','1.0','bpbilling','R4eb9968d:13639066586:-7fe0','2012-03-22 14:54:39','UNDEPLOY','PERSNL-77eb9ad:1362de475cb:-7fb1',NULL,NULL),('L4eb9968d:13639066586:-7fd9','log:log','1.0','bpbilling','R4eb9968d:13639066586:-7fe0','2012-03-22 14:54:33','UPDATE','PERSNL-77eb9ad:1362de475cb:-7fb1',NULL,'[\"actions[0].expr\":[newValue:\"MONTHS * 0.02 * AMTDUE \",action:\"update\",oldValue:\"MONTHS * AMTDUE * 0.02\"],ruletext:[newValue:\"package etracs2.bp.billing.rules.INTEREST_ALL;\\n\\nimport bp.billing.facts.*\\nimport java.util.*\\n\\nglobal com.rameses.rules.common.RuleAction actionList\\n\\nrule \\\"INTEREST_ALL\\\"\\nagenda-group \\\"INTEREST\\\"\\nno-loop\\nsalience 50000\\n\\nwhen\\n\\$LEDGER : BPLedgerFact( \\$ledgerid:ledgerid )\\n\\$TAXFEE : TaxFeeFact( \\$taxfeeid:taxfeeid, ledgerid == \\$ledgerid )\\nTaxFeeFact(AMTDUE:amount, MONTHS:monthsfromqtr, taxfeeid == \\$taxfeeid, ledgerid == \\$ledgerid)\\nthen\\n\\$TAXFEE.setInterestacctid(\\\"IA2a8c8a24:1363832b9dd:-7fce\\\");\\n\\$TAXFEE.setInterestaccttitle(\\\"INTEREST FOR BUSINESS\\\");\\n\\$TAXFEE.setInterest(MONTHS * 0.02 * AMTDUE );\\n\\nactionList.setContext( drools );\\nactionList.execute(\\\"calcInterest\\\", \\$TAXFEE );\\nend\",action:\"update\",oldValue:\"package etracs2.bp.billing.rules.INTEREST_ALL;\\n\\nimport bp.billing.facts.*\\nimport java.util.*\\n\\nglobal com.rameses.rules.common.RuleAction actionList\\n\\nrule \\\"INTEREST_ALL\\\"\\nagenda-group \\\"INTEREST\\\"\\nno-loop\\nsalience 50000\\n\\nwhen\\n\\$LEDGER : BPLedgerFact( \\$ledgerid:ledgerid )\\n\\$TAXFEE : TaxFeeFact( \\$taxfeeid:taxfeeid, ledgerid == \\$ledgerid )\\nTaxFeeFact(AMTDUE:amount, MONTHS:monthsfromqtr, taxfeeid == \\$taxfeeid, ledgerid == \\$ledgerid)\\nthen\\n\\$TAXFEE.setInterestacctid(\\\"IA2a8c8a24:1363832b9dd:-7fce\\\");\\n\\$TAXFEE.setInterestaccttitle(\\\"INTEREST FOR BUSINESS\\\");\\n\\$TAXFEE.setInterest(MONTHS * AMTDUE * 0.02);\\n\\nactionList.setContext( drools );\\nactionList.execute(\\\"calcInterest\\\", \\$TAXFEE );\\nend\"],\"actions[0].displaytext\":[newValue:\"Calculate INTEREST FOR BUSINESS using the formula: MONTHS * 0.02 * AMTDUE \",action:\"update\",oldValue:\"Calculate INTEREST FOR BUSINESS using the formula: MONTHS * AMTDUE * 0.02\"]]'),('L4eb9968d:13639066586:-7fda','log:log','1.0','bpbilling','R4eb9968d:13639066586:-7fe0','2012-03-22 14:54:03','UPDATE','PERSNL-77eb9ad:1362de475cb:-7fb1',NULL,'[\"conditions[0].constraints[1].displaytext\":[newValue:\"MONTHS:Months From Qtr\",action:\"update\",oldValue:\"AMTDUE:Amount Due\"],\"conditions[0].constraints[1].field.type\":[newValue:\"integer\",action:\"update\",oldValue:\"decimal\"],\"conditions[0].constraints[1].field.name\":[newValue:\"monthsfromqtr\",action:\"update\",oldValue:\"amount\"],\"conditions[0].constraints[0].fieldvar\":[newValue:\"AMTDUE\",action:\"update\",oldValue:\"MONTHS\"],\"conditions[0].constraints[0].displaytext\":[newValue:\"AMTDUE:Amount Due\",action:\"update\",oldValue:\"MONTHS:Months from Jan\"],\"conditions[0].constraints[0].field.name\":[newValue:\"amount\",action:\"update\",oldValue:\"monthsfromjan\"],\"conditions[0].constraints[0].field.type\":[newValue:\"decimal\",action:\"update\",oldValue:\"integer\"],\"conditions[0].constraints[1].fieldvar\":[newValue:\"MONTHS\",action:\"update\",oldValue:\"AMTDUE\"],ruletext:[newValue:\"package etracs2.bp.billing.rules.INTEREST_ALL;\\n\\nimport bp.billing.facts.*\\nimport java.util.*\\n\\nglobal com.rameses.rules.common.RuleAction actionList\\n\\nrule \\\"INTEREST_ALL\\\"\\nagenda-group \\\"INTEREST\\\"\\nno-loop\\nsalience 50000\\n\\nwhen\\n\\$LEDGER : BPLedgerFact( \\$ledgerid:ledgerid )\\n\\$TAXFEE : TaxFeeFact( \\$taxfeeid:taxfeeid, ledgerid == \\$ledgerid )\\nTaxFeeFact(AMTDUE:amount, MONTHS:monthsfromqtr, taxfeeid == \\$taxfeeid, ledgerid == \\$ledgerid)\\nthen\\n\\$TAXFEE.setInterestacctid(\\\"IA2a8c8a24:1363832b9dd:-7fce\\\");\\n\\$TAXFEE.setInterestaccttitle(\\\"INTEREST FOR BUSINESS\\\");\\n\\$TAXFEE.setInterest(MONTHS * AMTDUE * 0.02);\\n\\nactionList.setContext( drools );\\nactionList.execute(\\\"calcInterest\\\", \\$TAXFEE );\\nend\",action:\"update\",oldValue:\"package etracs2.bp.billing.rules;\\n\\nimport bp.billing.facts.*\\nimport java.util.*\\n\\nglobal com.rameses.rules.common.RuleAction actionList\\n\\nrule \\\"INTEREST_ALL\\\"\\nagenda-group \\\"INTEREST\\\"\\nno-loop\\nsalience 50000\\n\\nwhen\\n\\$LEDGER : BPLedgerFact( \\$ledgerid:ledgerid )\\n\\$TAXFEE : TaxFeeFact( \\$taxfeeid:taxfeeid, ledgerid == \\$ledgerid )\\nTaxFeeFact(MONTHS:monthsfromjan, AMTDUE:amount, taxfeeid == \\$taxfeeid, ledgerid == \\$ledgerid)\\nthen\\n\\$TAXFEE.setInterestacctid(\\\"IA2a8c8a24:1363832b9dd:-7fce\\\");\\n\\$TAXFEE.setInterestaccttitle(\\\"INTEREST FOR BUSINESS\\\");\\n\\$TAXFEE.setInterest(MONTHS * AMTDUE * 0.02);\\n\\nactionList.setContext( drools );\\nactionList.execute(\\\"calcInterest\\\", \\$TAXFEE );\\nend\"],\"conditions[0].displaytext\":[newValue:\"TaxFeeFact(AMTDUE:Amount Due,MONTHS:Months From Qtr)\",action:\"update\",oldValue:\"TaxFeeFact(MONTHS:Months from Jan,AMTDUE:Amount Due)\"],\"conditions[0].constraints[0].field.caption\":[newValue:\"Amount Due\",action:\"update\",oldValue:\"Months from Jan\"],\"conditions[0].constraints[1].field.caption\":[newValue:\"Months From Qtr\",action:\"update\",oldValue:\"Amount Due\"]]'),('L4eb9968d:13639066586:-7fdb','log:log','1.0','bpbilling','R4eb9968d:13639066586:-7fe0','2012-03-22 14:53:20','UNDEPLOY','PERSNL-77eb9ad:1362de475cb:-7fb1',NULL,NULL),('L4eb9968d:13639066586:-7fde','log:log','1.0','bpbilling','R4eb9968d:13639066586:-7fe0','2012-03-22 14:51:49','DEPLOY','PERSNL-77eb9ad:1362de475cb:-7fb1',NULL,NULL),('L4eb9968d:13639066586:-7fdf','log:log','1.0','bpbilling','R4eb9968d:13639066586:-7fe0','2012-03-22 14:51:46','CREATE','PERSNL-77eb9ad:1362de475cb:-7fb1',NULL,NULL),('L4eb9968d:13639066586:-7fe3','log:log','1.0','bpbilling','R4eb9968d:13639066586:-7ff8','2012-03-22 14:36:03','DEPLOY','PERSNL-77eb9ad:1362de475cb:-7fb1',NULL,NULL),('L4eb9968d:13639066586:-7fe4','log:log','1.0','bpbilling','R4eb9968d:13639066586:-7ff8','2012-03-22 14:36:01','UNDEPLOY','PERSNL-77eb9ad:1362de475cb:-7fb1',NULL,NULL),('L4eb9968d:13639066586:-7fe5','log:log','1.0','bpbilling','R2d6ef4c:13638f7641a:-7ff4','2012-03-22 14:35:54','UNDEPLOY','PERSNL-77eb9ad:1362de475cb:-7fb1',NULL,NULL),('L4eb9968d:13639066586:-7fe6','log:log','1.0','bpbilling','R2d6ef4c:13638f7641a:-7ff4','2012-03-22 14:35:46','UNDEPLOY','PERSNL-77eb9ad:1362de475cb:-7fb1',NULL,NULL),('L4eb9968d:13639066586:-7fe8','log:log','1.0','BPApplication','BP4eb9968d:13639066586:-7ff2','2012-03-22 14:32:38','APPROVE','PERSNL2a8c8a24:1363832b9dd:-7fc3','RENEW',NULL),('L4eb9968d:13639066586:-7ff3','log:log','1.0','Entity','E4eb9968d:13639066586:-7ff4','2012-03-22 14:30:53','CREATE','PERSNL2a8c8a24:1363832b9dd:-7fc3',NULL,NULL),('L4eb9968d:13639066586:-7ff6','log:log','1.0','bpbilling','R4eb9968d:13639066586:-7ff8','2012-03-22 14:29:29','DEPLOY','PERSNL-77eb9ad:1362de475cb:-7fb1',NULL,NULL),('L4eb9968d:13639066586:-7ff7','log:log','1.0','bpbilling','R4eb9968d:13639066586:-7ff8','2012-03-22 14:29:25','CREATE','PERSNL-77eb9ad:1362de475cb:-7fb1',NULL,NULL),('L4eb9968d:13639066586:-7ff9','log:log','1.0','bpbilling','R2a8c8a24:1363832b9dd:-7fd4','2012-03-22 14:24:46','UNDEPLOY','PERSNL-77eb9ad:1362de475cb:-7fb1',NULL,NULL),('L4eb9968d:13639066586:-7ffa','log:log','1.0','bpbilling','R2a8c8a24:1363832b9dd:-7fd4','2012-03-22 14:24:44','UNDEPLOY','PERSNL-77eb9ad:1362de475cb:-7fb1',NULL,NULL),('L5a8175e8:1364cd23a8e:-7fe0','log:log','1.0','Faas','F5a8175e8:1364cd23a8e:-7fe1','2012-03-26 14:10:28','CREATE','PERSNL-77eb9ad:1362de475cb:-7f2e',NULL,NULL),('L5a8175e8:1364cd23a8e:-7fe4','log:log','1.0','PlantTreeRYSetting','TRY-ab8144b:1364cfce92b:-6477','2012-03-26 12:13:55','UPDATE','PERSNL-77eb9ad:1362de475cb:-7f2e','','[:]'),('L5a8175e8:1364cd23a8e:-7fe5','log:log','1.0','PlantTreeRYSetting','TRY-ab8144b:1364cfce92b:-6477','2012-03-26 12:13:06','UPDATE','PERSNL-77eb9ad:1362de475cb:-7f2e','','[:]'),('L5a8175e8:1364cd23a8e:-7fe6','log:log','1.0','PlantTreeRYSetting','TRY-ab8144b:1364cfce92b:-6477','2012-03-26 12:12:59','UPDATE','PERSNL-77eb9ad:1362de475cb:-7f2e','','[applyagriadjustment:[newValue:1,action:\"update\",oldValue:0]]'),('L5a8175e8:1364cd23a8e:-7fe7','log:log','1.0','PlantTreeRYSetting','TRY-ab8144b:1364cfce92b:-6477','2012-03-26 12:12:39','CREATE','PERSNL-77eb9ad:1362de475cb:-7f2e',NULL,NULL),('L5a8175e8:1364cd23a8e:-7fe8','log:log','1.0','BldgRYSetting','BRY-ab8144b:1364cfce92b:-7446','2012-03-26 12:03:53','UPDATE','PERSNL-77eb9ad:1362de475cb:-7f2e','','[straightdepreciation:[newValue:0,action:\"update\",oldValue:null],predominant:[newValue:0,action:\"update\",oldValue:1],computedepreciationbasedonschedule:[newValue:0,action:\"update\",oldValue:1],fixrate:[newValue:0,action:\"update\"]]'),('L5a8175e8:1364cd23a8e:-7fe9','log:log','1.0','BldgRYSetting','BRY-ab8144b:1364cfce92b:-7446','2012-03-26 12:00:23','CREATE','PERSNL-77eb9ad:1362de475cb:-7f2e',NULL,NULL),('L5a8175e8:1364cd23a8e:-7ff1','log:log','1.0','LandRYSetting','LRY-ab8144b:1364cfce92b:-7fd8','2012-03-26 11:58:22','UPDATE','PERSNL-77eb9ad:1362de475cb:-7f2e','','[:]'),('L5a8175e8:1364cd23a8e:-7ff4','log:log','1.0','LandRYSetting','LRY-ab8144b:1364cfce92b:-7fd8','2012-03-26 11:40:25','CREATE','PERSNL-77eb9ad:1362de475cb:-7f2e',NULL,NULL),('L5a8175e8:1364cd23a8e:-7ffb','log:log','1.0','PROPERTY CLASSIFICATION','PC5a8175e8:1364cd23a8e:-7ffc','2012-03-26 11:15:48','UPDATE','PERSNL-77eb9ad:1362de475cb:-7f2e',NULL,'[special:[newValue:false,action:\"update\",oldValue:0],sys_lastupdate:[newValue:1332731748000,action:\"update\"],sys_lastupdateby:[newValue:\"PERSNL-77eb9ad:1362de475cb:-7f2e\",action:\"update\"],orderno:[newValue:2,action:\"update\",oldValue:5]]'),('L64a5485:1363ae89640:-7fc7','log:log','1.0','BPApplication','BP64a5485:1363ae89640:-7fd1','2012-03-22 23:40:47','APPROVE','PERSNL-77eb9ad:1362de475cb:-7fb1','RENEW',NULL),('L64a5485:1363ae89640:-7fd4','log:log','1.0','bpassessment','R64a5485:1363ae89640:-7fd8','2012-03-22 23:32:05','UNDEPLOY','PERSNL-77eb9ad:1362de475cb:-7fb1',NULL,NULL),('L64a5485:1363ae89640:-7fd5','log:log','1.0','Rule','R64a5485:1363ae89640:-7fd8','2012-03-22 23:31:28','UPDATE','PERSNL-77eb9ad:1362de475cb:-7fb1',NULL,NULL),('L64a5485:1363ae89640:-7fd6','log:log','1.0','Rule','R64a5485:1363ae89640:-7fd8','2012-03-22 23:31:03','UPDATE','PERSNL-77eb9ad:1362de475cb:-7fb1',NULL,NULL),('L64a5485:1363ae89640:-7fd7','log:log','1.0','Rule','R64a5485:1363ae89640:-7fd8','2012-03-22 23:30:32','CREATE','PERSNL-77eb9ad:1362de475cb:-7fb1',NULL,NULL),('L64a5485:1363ae89640:-7fd9','log:log','1.0','Rule','R2a8c8a24:1363832b9dd:-7fdb','2012-03-22 23:29:23','DEPLOY','PERSNL-77eb9ad:1362de475cb:-7fb1',NULL,NULL),('L64a5485:1363ae89640:-7fda','log:log','1.0','Rule','R2a8c8a24:1363832b9dd:-7fdb','2012-03-22 23:29:20','UPDATE','PERSNL-77eb9ad:1362de475cb:-7fb1',NULL,NULL),('L64a5485:1363ae89640:-7fdb','log:log','1.0','Rule','R2a8c8a24:1363832b9dd:-7fdb','2012-03-22 23:25:58','UNDEPLOY','PERSNL-77eb9ad:1362de475cb:-7fb1',NULL,NULL),('L64a5485:1363ae89640:-7fdc','log:log','1.0','Rule','R2a8c8a24:1363832b9dd:-7fdb','2012-03-22 23:25:51','DEPLOY','PERSNL-77eb9ad:1362de475cb:-7fb1',NULL,NULL),('L64a5485:1363ae89640:-7fdd','log:log','1.0','Rule','R2a8c8a24:1363832b9dd:-7fdb','2012-03-22 23:25:48','UPDATE','PERSNL-77eb9ad:1362de475cb:-7fb1',NULL,NULL),('L64a5485:1363ae89640:-7fde','log:log','1.0','Rule','R2a8c8a24:1363832b9dd:-7fdb','2012-03-22 23:25:27','UNDEPLOY','PERSNL-77eb9ad:1362de475cb:-7fb1',NULL,NULL),('L64a5485:1363ae89640:-7fdf','log:log','1.0','Rule','R45c5662b:13633239641:-7f88','2012-03-22 23:21:42','UNDEPLOY','PERSNL-77eb9ad:1362de475cb:-7fb1',NULL,NULL),('L64a5485:1363ae89640:-7fe0','log:log','1.0','Rule','R45c5662b:13633239641:-7f88','2012-03-22 23:21:35','DEPLOY','PERSNL-77eb9ad:1362de475cb:-7fb1',NULL,NULL),('L64a5485:1363ae89640:-7fe1','log:log','1.0','bpbilling','R4eb9968d:13639066586:-7f7a','2012-03-22 23:20:02','DEPLOY','PERSNL-77eb9ad:1362de475cb:-7fb1',NULL,NULL),('L64a5485:1363ae89640:-7fe2','log:log','1.0','bpbilling','R4eb9968d:13639066586:-7f7a','2012-03-22 23:20:01','UPDATE','PERSNL-77eb9ad:1362de475cb:-7fb1',NULL,'[\"actions[0].expr\":[newValue:\"MONTHS > 36  ?  36 * (AMTDUE + SURCH) * 0.02    :    MONTHS *  (AMTDUE + SURCH) * 0.02 \",action:\"update\",oldValue:\"(AMTDUE + SURCH) * 0.02  * ( MONTHS > 36  ?  36 : MONTHS  )\"],ruletext:[newValue:\"package etracs2.bp.billing.rules.INTEREST;\\n\\nimport bp.billing.facts.*\\nimport java.util.*\\n\\nglobal com.rameses.rules.common.RuleAction actionList\\n\\nrule \\\"INTEREST\\\"\\nagenda-group \\\"INTEREST\\\"\\nno-loop\\nsalience 50000\\n\\nwhen\\n\\$LEDGER : BPLedgerFact( \\$ledgerid:ledgerid )\\n\\$TAXFEE : TaxFeeFact( \\$taxfeeid:taxfeeid, ledgerid == \\$ledgerid )\\nTaxFeeFact(MONTHS:monthsfromqtr, AMTDUE:amount, SURCH:surcharge, acctid matches \\\"IA3b52a903:1362da0716c:-7ff6|IA4eb9968d:13639066586:-7f89\\\", taxfeeid == \\$taxfeeid, ledgerid == \\$ledgerid)\\nthen\\n\\$TAXFEE.setInterestacctid(\\\"IA2a8c8a24:1363832b9dd:-7fce\\\");\\n\\$TAXFEE.setInterestaccttitle(\\\"INTEREST FOR BUSINESS\\\");\\n\\$TAXFEE.setInterest(MONTHS > 36  ?  36 * (AMTDUE + SURCH) * 0.02    :    MONTHS *  (AMTDUE + SURCH) * 0.02 );\\n\\nactionList.setContext( drools );\\nactionList.execute(\\\"calcInterest\\\", \\$TAXFEE );\\nend\",action:\"update\",oldValue:\"package etracs2.bp.billing.rules.INTEREST;\\n\\nimport bp.billing.facts.*\\nimport java.util.*\\n\\nglobal com.rameses.rules.common.RuleAction actionList\\n\\nrule \\\"INTEREST\\\"\\nagenda-group \\\"INTEREST\\\"\\nno-loop\\nsalience 50000\\n\\nwhen\\n\\$LEDGER : BPLedgerFact( \\$ledgerid:ledgerid )\\n\\$TAXFEE : TaxFeeFact( \\$taxfeeid:taxfeeid, ledgerid == \\$ledgerid )\\nTaxFeeFact(MONTHS:monthsfromqtr, AMTDUE:amount, SURCH:surcharge, acctid matches \\\"IA3b52a903:1362da0716c:-7ff6|IA4eb9968d:13639066586:-7f89\\\", taxfeeid == \\$taxfeeid, ledgerid == \\$ledgerid)\\nthen\\n\\$TAXFEE.setInterestacctid(\\\"IA2a8c8a24:1363832b9dd:-7fce\\\");\\n\\$TAXFEE.setInterestaccttitle(\\\"INTEREST FOR BUSINESS\\\");\\n\\$TAXFEE.setInterest((AMTDUE + SURCH) * 0.02  * ( MONTHS > 36  ?  36 : MONTHS  ));\\n\\nactionList.setContext( drools );\\nactionList.execute(\\\"calcInterest\\\", \\$TAXFEE );\\nend\"],\"actions[0].displaytext\":[newValue:\"Calculate INTEREST FOR BUSINESS using the formula: MONTHS > 36  ?  36 * (AMTDUE + SURCH) * 0.02    :    MONTHS *  (AMTDUE + SURCH) * 0.02 \",action:\"update\",oldValue:\"Calculate INTEREST FOR BUSINESS using the formula: (AMTDUE + SURCH) * 0.02  * ( MONTHS > 36  ?  36 : MONTHS  )\"]]'),('L64a5485:1363ae89640:-7fe3','log:log','1.0','bpbilling','R4eb9968d:13639066586:-7f7a','2012-03-22 23:18:19','UPDATE','PERSNL-77eb9ad:1362de475cb:-7fb1',NULL,'[\"actions[0].expr\":[newValue:\"(AMTDUE + SURCH) * 0.02  * ( MONTHS > 36  ?  36 : MONTHS  )\",action:\"update\",oldValue:\"(AMTDUE + SURCH) * 0.02 \"],ruletext:[newValue:\"package etracs2.bp.billing.rules.INTEREST;\\n\\nimport bp.billing.facts.*\\nimport java.util.*\\n\\nglobal com.rameses.rules.common.RuleAction actionList\\n\\nrule \\\"INTEREST\\\"\\nagenda-group \\\"INTEREST\\\"\\nno-loop\\nsalience 50000\\n\\nwhen\\n\\$LEDGER : BPLedgerFact( \\$ledgerid:ledgerid )\\n\\$TAXFEE : TaxFeeFact( \\$taxfeeid:taxfeeid, ledgerid == \\$ledgerid )\\nTaxFeeFact(MONTHS:monthsfromqtr, AMTDUE:amount, SURCH:surcharge, acctid matches \\\"IA3b52a903:1362da0716c:-7ff6|IA4eb9968d:13639066586:-7f89\\\", taxfeeid == \\$taxfeeid, ledgerid == \\$ledgerid)\\nthen\\n\\$TAXFEE.setInterestacctid(\\\"IA2a8c8a24:1363832b9dd:-7fce\\\");\\n\\$TAXFEE.setInterestaccttitle(\\\"INTEREST FOR BUSINESS\\\");\\n\\$TAXFEE.setInterest((AMTDUE + SURCH) * 0.02  * ( MONTHS > 36  ?  36 : MONTHS  ));\\n\\nactionList.setContext( drools );\\nactionList.execute(\\\"calcInterest\\\", \\$TAXFEE );\\nend\",action:\"update\",oldValue:\"package etracs2.bp.billing.rules.INTEREST;\\n\\nimport bp.billing.facts.*\\nimport java.util.*\\n\\nglobal com.rameses.rules.common.RuleAction actionList\\n\\nrule \\\"INTEREST\\\"\\nagenda-group \\\"INTEREST\\\"\\nno-loop\\nsalience 50000\\n\\nwhen\\n\\$LEDGER : BPLedgerFact( \\$ledgerid:ledgerid )\\n\\$TAXFEE : TaxFeeFact( \\$taxfeeid:taxfeeid, ledgerid == \\$ledgerid )\\nTaxFeeFact(MONTHS:monthsfromqtr, AMTDUE:amount, SURCH:surcharge, acctid matches \\\"IA3b52a903:1362da0716c:-7ff6|IA4eb9968d:13639066586:-7f89\\\", taxfeeid == \\$taxfeeid, ledgerid == \\$ledgerid)\\nthen\\n\\$TAXFEE.setInterestacctid(\\\"IA2a8c8a24:1363832b9dd:-7fce\\\");\\n\\$TAXFEE.setInterestaccttitle(\\\"INTEREST FOR BUSINESS\\\");\\n\\$TAXFEE.setInterest((AMTDUE + SURCH) * 0.02 );\\n\\nactionList.setContext( drools );\\nactionList.execute(\\\"calcInterest\\\", \\$TAXFEE );\\nend\"],\"actions[0].displaytext\":[newValue:\"Calculate INTEREST FOR BUSINESS using the formula: (AMTDUE + SURCH) * 0.02  * ( MONTHS > 36  ?  36 : MONTHS  )\",action:\"update\",oldValue:\"Calculate INTEREST FOR BUSINESS using the formula: (AMTDUE + SURCH) * 0.02 \"]]'),('L64a5485:1363ae89640:-7fe4','log:log','1.0','bpbilling','R4eb9968d:13639066586:-7f7a','2012-03-22 23:18:09','UNDEPLOY','PERSNL-77eb9ad:1362de475cb:-7fb1',NULL,NULL),('L64a5485:1363ae89640:-7fe5','log:log','1.0','bpbilling','R4eb9968d:13639066586:-7f7a','2012-03-22 23:18:06','DEPLOY','PERSNL-77eb9ad:1362de475cb:-7fb1',NULL,NULL),('L64a5485:1363ae89640:-7fe6','log:log','1.0','bpbilling','R4eb9968d:13639066586:-7f7a','2012-03-22 23:18:03','UPDATE','PERSNL-77eb9ad:1362de475cb:-7fb1',NULL,'[\"actions[0].expr\":[newValue:\"(AMTDUE + SURCH) * 0.02 \",action:\"update\",oldValue:\"(AMTDUE + SURCH) * 0.02  * ( MONTHS > 36  ?  36 : MONTHS  )\"],ruletext:[newValue:\"package etracs2.bp.billing.rules.INTEREST;\\n\\nimport bp.billing.facts.*\\nimport java.util.*\\n\\nglobal com.rameses.rules.common.RuleAction actionList\\n\\nrule \\\"INTEREST\\\"\\nagenda-group \\\"INTEREST\\\"\\nno-loop\\nsalience 50000\\n\\nwhen\\n\\$LEDGER : BPLedgerFact( \\$ledgerid:ledgerid )\\n\\$TAXFEE : TaxFeeFact( \\$taxfeeid:taxfeeid, ledgerid == \\$ledgerid )\\nTaxFeeFact(MONTHS:monthsfromqtr, AMTDUE:amount, SURCH:surcharge, acctid matches \\\"IA3b52a903:1362da0716c:-7ff6|IA4eb9968d:13639066586:-7f89\\\", taxfeeid == \\$taxfeeid, ledgerid == \\$ledgerid)\\nthen\\n\\$TAXFEE.setInterestacctid(\\\"IA2a8c8a24:1363832b9dd:-7fce\\\");\\n\\$TAXFEE.setInterestaccttitle(\\\"INTEREST FOR BUSINESS\\\");\\n\\$TAXFEE.setInterest((AMTDUE + SURCH) * 0.02 );\\n\\nactionList.setContext( drools );\\nactionList.execute(\\\"calcInterest\\\", \\$TAXFEE );\\nend\",action:\"update\",oldValue:\"package etracs2.bp.billing.rules.INTEREST;\\n\\nimport bp.billing.facts.*\\nimport java.util.*\\n\\nglobal com.rameses.rules.common.RuleAction actionList\\n\\nrule \\\"INTEREST\\\"\\nagenda-group \\\"INTEREST\\\"\\nno-loop\\nsalience 50000\\n\\nwhen\\n\\$LEDGER : BPLedgerFact( \\$ledgerid:ledgerid )\\n\\$TAXFEE : TaxFeeFact( \\$taxfeeid:taxfeeid, ledgerid == \\$ledgerid )\\nTaxFeeFact(MONTHS:monthsfromqtr, AMTDUE:amount, SURCH:surcharge, acctid matches \\\"IA3b52a903:1362da0716c:-7ff6|IA4eb9968d:13639066586:-7f89\\\", taxfeeid == \\$taxfeeid, ledgerid == \\$ledgerid)\\nthen\\n\\$TAXFEE.setInterestacctid(\\\"IA2a8c8a24:1363832b9dd:-7fce\\\");\\n\\$TAXFEE.setInterestaccttitle(\\\"INTEREST FOR BUSINESS\\\");\\n\\$TAXFEE.setInterest((AMTDUE + SURCH) * 0.02  * ( MONTHS > 36  ?  36 : MONTHS  ));\\n\\nactionList.setContext( drools );\\nactionList.execute(\\\"calcInterest\\\", \\$TAXFEE );\\nend\"],\"actions[0].displaytext\":[newValue:\"Calculate INTEREST FOR BUSINESS using the formula: (AMTDUE + SURCH) * 0.02 \",action:\"update\",oldValue:\"Calculate INTEREST FOR BUSINESS using the formula: (AMTDUE + SURCH) * 0.02  * ( MONTHS > 36  ?  36 : MONTHS  )\"]]'),('L64a5485:1363ae89640:-7fe7','log:log','1.0','bpbilling','R4eb9968d:13639066586:-7f7a','2012-03-22 23:17:18','UPDATE','PERSNL-77eb9ad:1362de475cb:-7fb1',NULL,'[\"actions[0].expr\":[newValue:\"(AMTDUE + SURCH) * 0.02  * ( MONTHS > 36  ?  36 : MONTHS  )\",action:\"update\",oldValue:\"(AMTDUE + SURCH) * 0.02  * ( (MONTHS > 36) ?  36 : MONTHS  )\"],ruletext:[newValue:\"package etracs2.bp.billing.rules.INTEREST;\\n\\nimport bp.billing.facts.*\\nimport java.util.*\\n\\nglobal com.rameses.rules.common.RuleAction actionList\\n\\nrule \\\"INTEREST\\\"\\nagenda-group \\\"INTEREST\\\"\\nno-loop\\nsalience 50000\\n\\nwhen\\n\\$LEDGER : BPLedgerFact( \\$ledgerid:ledgerid )\\n\\$TAXFEE : TaxFeeFact( \\$taxfeeid:taxfeeid, ledgerid == \\$ledgerid )\\nTaxFeeFact(MONTHS:monthsfromqtr, AMTDUE:amount, SURCH:surcharge, acctid matches \\\"IA3b52a903:1362da0716c:-7ff6|IA4eb9968d:13639066586:-7f89\\\", taxfeeid == \\$taxfeeid, ledgerid == \\$ledgerid)\\nthen\\n\\$TAXFEE.setInterestacctid(\\\"IA2a8c8a24:1363832b9dd:-7fce\\\");\\n\\$TAXFEE.setInterestaccttitle(\\\"INTEREST FOR BUSINESS\\\");\\n\\$TAXFEE.setInterest((AMTDUE + SURCH) * 0.02  * ( MONTHS > 36  ?  36 : MONTHS  ));\\n\\nactionList.setContext( drools );\\nactionList.execute(\\\"calcInterest\\\", \\$TAXFEE );\\nend\",action:\"update\",oldValue:\"package etracs2.bp.billing.rules.INTEREST;\\n\\nimport bp.billing.facts.*\\nimport java.util.*\\n\\nglobal com.rameses.rules.common.RuleAction actionList\\n\\nrule \\\"INTEREST\\\"\\nagenda-group \\\"INTEREST\\\"\\nno-loop\\nsalience 50000\\n\\nwhen\\n\\$LEDGER : BPLedgerFact( \\$ledgerid:ledgerid )\\n\\$TAXFEE : TaxFeeFact( \\$taxfeeid:taxfeeid, ledgerid == \\$ledgerid )\\nTaxFeeFact(MONTHS:monthsfromqtr, AMTDUE:amount, SURCH:surcharge, acctid matches \\\"IA3b52a903:1362da0716c:-7ff6|IA4eb9968d:13639066586:-7f89\\\", taxfeeid == \\$taxfeeid, ledgerid == \\$ledgerid)\\nthen\\n\\$TAXFEE.setInterestacctid(\\\"IA2a8c8a24:1363832b9dd:-7fce\\\");\\n\\$TAXFEE.setInterestaccttitle(\\\"INTEREST FOR BUSINESS\\\");\\n\\$TAXFEE.setInterest((AMTDUE + SURCH) * 0.02  * ( (MONTHS > 36) ?  36 : MONTHS  ));\\n\\nactionList.setContext( drools );\\nactionList.execute(\\\"calcInterest\\\", \\$TAXFEE );\\nend\"],\"actions[0].displaytext\":[newValue:\"Calculate INTEREST FOR BUSINESS using the formula: (AMTDUE + SURCH) * 0.02  * ( MONTHS > 36  ?  36 : MONTHS  )\",action:\"update\",oldValue:\"Calculate INTEREST FOR BUSINESS using the formula: (AMTDUE + SURCH) * 0.02  * ( (MONTHS > 36) ?  36 : MONTHS  )\"]]'),('L64a5485:1363ae89640:-7fe8','log:log','1.0','Rule','R45c5662b:13633239641:-7f88','2012-03-22 23:11:04','UNDEPLOY','PERSNL-77eb9ad:1362de475cb:-7fb1',NULL,NULL),('L64a5485:1363ae89640:-7fe9','log:log','1.0','Rule','R45c5662b:13633239641:-7fa9','2012-03-22 23:10:50','DEPLOY','PERSNL-77eb9ad:1362de475cb:-7fb1',NULL,NULL),('L64a5485:1363ae89640:-7fea','log:log','1.0','Rule','R45c5662b:13633239641:-7fac','2012-03-22 23:10:45','DEPLOY','PERSNL-77eb9ad:1362de475cb:-7fb1',NULL,NULL),('L64a5485:1363ae89640:-7feb','log:log','1.0','Rule','R45c5662b:13633239641:-7f88','2012-03-22 23:10:41','DEPLOY','PERSNL-77eb9ad:1362de475cb:-7fb1',NULL,NULL),('L64a5485:1363ae89640:-7fec','log:log','1.0','Rule','R45c5662b:13633239641:-7f6e','2012-03-22 23:10:30','DEPLOY','PERSNL-77eb9ad:1362de475cb:-7fb1',NULL,NULL),('L64a5485:1363ae89640:-7fed','log:log','1.0','Rule','R45c5662b:13633239641:-7fac','2012-03-22 23:10:17','UNDEPLOY','PERSNL-77eb9ad:1362de475cb:-7fb1',NULL,NULL),('L64a5485:1363ae89640:-7fee','log:log','1.0','Rule','R45c5662b:13633239641:-7fa9','2012-03-22 23:09:59','UNDEPLOY','PERSNL-77eb9ad:1362de475cb:-7fb1',NULL,NULL),('L64a5485:1363ae89640:-7fef','log:log','1.0','Rule','R45c5662b:13633239641:-7fa9','2012-03-22 23:09:28','DEPLOY','PERSNL-77eb9ad:1362de475cb:-7fb1',NULL,NULL),('L64a5485:1363ae89640:-7ff0','log:log','1.0','Rule','R45c5662b:13633239641:-7fa9','2012-03-22 23:08:28','UNDEPLOY','PERSNL-77eb9ad:1362de475cb:-7fb1',NULL,NULL),('L64a5485:1363ae89640:-7ff1','log:log','1.0','Rule','R45c5662b:13633239641:-7fbb','2012-03-22 23:04:18','DEPLOY','PERSNL-77eb9ad:1362de475cb:-7fb1',NULL,NULL),('L64a5485:1363ae89640:-7ff2','log:log','1.0','Rule','R45c5662b:13633239641:-7fbb','2012-03-22 23:04:08','UNDEPLOY','PERSNL-77eb9ad:1362de475cb:-7fb1',NULL,NULL),('L64a5485:1363ae89640:-7ff3','log:log','1.0','Rule','R45c5662b:13633239641:-7fbb','2012-03-22 23:04:00','DEPLOY','PERSNL-77eb9ad:1362de475cb:-7fb1',NULL,NULL),('L64a5485:1363ae89640:-7ff4','log:log','1.0','Rule','R45c5662b:13633239641:-7fbb','2012-03-22 23:03:57','UNDEPLOY','PERSNL-77eb9ad:1362de475cb:-7fb1',NULL,NULL),('L64a5485:1363ae89640:-7ff5','log:log','1.0','bpbilling','R4eb9968d:13639066586:-7f86','2012-03-22 23:03:48','DEPLOY','PERSNL-77eb9ad:1362de475cb:-7fb1',NULL,NULL),('L64a5485:1363ae89640:-7ff6','log:log','1.0','bpbilling','R4eb9968d:13639066586:-7f86','2012-03-22 23:03:46','UNDEPLOY','PERSNL-77eb9ad:1362de475cb:-7fb1',NULL,NULL),('L64a5485:1363ae89640:-7ff7','log:log','1.0','bpbilling','R4eb9968d:13639066586:-7f7a','2012-03-22 22:59:33','UPDATE','PERSNL-77eb9ad:1362de475cb:-7fb1',NULL,'[:]'),('L64a5485:1363ae89640:-7ff8','log:log','1.0','bpbilling','R4eb9968d:13639066586:-7f7a','2012-03-22 22:59:19','UPDATE','PERSNL-77eb9ad:1362de475cb:-7fb1',NULL,'[\"actions[0].expr\":[newValue:\"(AMTDUE + SURCH) * 0.02  * ( (MONTHS > 36) ?  36 : MONTHS  )\",action:\"update\",oldValue:\"(AMTDUE + SURCH) * 0.02\"],ruletext:[newValue:\"package etracs2.bp.billing.rules.INTEREST;\\n\\nimport bp.billing.facts.*\\nimport java.util.*\\n\\nglobal com.rameses.rules.common.RuleAction actionList\\n\\nrule \\\"INTEREST\\\"\\nagenda-group \\\"INTEREST\\\"\\nno-loop\\nsalience 50000\\n\\nwhen\\n\\$LEDGER : BPLedgerFact( \\$ledgerid:ledgerid )\\n\\$TAXFEE : TaxFeeFact( \\$taxfeeid:taxfeeid, ledgerid == \\$ledgerid )\\nTaxFeeFact(MONTHS:monthsfromqtr, AMTDUE:amount, SURCH:surcharge, acctid matches \\\"IA3b52a903:1362da0716c:-7ff6|IA4eb9968d:13639066586:-7f89\\\", taxfeeid == \\$taxfeeid, ledgerid == \\$ledgerid)\\nthen\\n\\$TAXFEE.setInterestacctid(\\\"IA2a8c8a24:1363832b9dd:-7fce\\\");\\n\\$TAXFEE.setInterestaccttitle(\\\"INTEREST FOR BUSINESS\\\");\\n\\$TAXFEE.setInterest((AMTDUE + SURCH) * 0.02  * ( (MONTHS > 36) ?  36 : MONTHS  ));\\n\\nactionList.setContext( drools );\\nactionList.execute(\\\"calcInterest\\\", \\$TAXFEE );\\nend\",action:\"update\",oldValue:\"package etracs2.bp.billing.rules.INTEREST;\\n\\nimport bp.billing.facts.*\\nimport java.util.*\\n\\nglobal com.rameses.rules.common.RuleAction actionList\\n\\nrule \\\"INTEREST\\\"\\nagenda-group \\\"INTEREST\\\"\\nno-loop\\nsalience 50000\\n\\nwhen\\n\\$LEDGER : BPLedgerFact( \\$ledgerid:ledgerid )\\n\\$TAXFEE : TaxFeeFact( \\$taxfeeid:taxfeeid, ledgerid == \\$ledgerid )\\nTaxFeeFact(MONTHS:monthsfromqtr, AMTDUE:amount, SURCH:surcharge, acctid matches \\\"IA3b52a903:1362da0716c:-7ff6|IA4eb9968d:13639066586:-7f89\\\", taxfeeid == \\$taxfeeid, ledgerid == \\$ledgerid)\\nthen\\n\\$TAXFEE.setInterestacctid(\\\"IA2a8c8a24:1363832b9dd:-7fce\\\");\\n\\$TAXFEE.setInterestaccttitle(\\\"INTEREST FOR BUSINESS\\\");\\n\\$TAXFEE.setInterest((AMTDUE + SURCH) * 0.02);\\n\\nactionList.setContext( drools );\\nactionList.execute(\\\"calcInterest\\\", \\$TAXFEE );\\nend\"],\"actions[0].displaytext\":[newValue:\"Calculate INTEREST FOR BUSINESS using the formula: (AMTDUE + SURCH) * 0.02  * ( (MONTHS > 36) ?  36 : MONTHS  )\",action:\"update\",oldValue:\"Calculate INTEREST FOR BUSINESS using the formula: (AMTDUE + SURCH) * 0.02\"]]'),('L64a5485:1363ae89640:-7ff9','log:log','1.0','bpbilling','R4eb9968d:13639066586:-7f7a','2012-03-22 22:59:08','UNDEPLOY','PERSNL-77eb9ad:1362de475cb:-7fb1',NULL,NULL),('L64a5485:1363ae89640:-7ffa','log:log','1.0','bpbilling','R4eb9968d:13639066586:-7f7a','2012-03-22 22:58:53','DEPLOY','PERSNL-77eb9ad:1362de475cb:-7fb1',NULL,NULL),('L64a5485:1363ae89640:-7ffb','log:log','1.0','bpbilling','R4eb9968d:13639066586:-7f7a','2012-03-22 22:58:50','UPDATE','PERSNL-77eb9ad:1362de475cb:-7fb1',NULL,'[\"actions[0].expr\":[newValue:\"(AMTDUE + SURCH) * 0.02\",action:\"update\",oldValue:\"(AMTDUE + SURCH) * 0.02 * ( (MONTHS > 36) ?  36 : MONTHS  )\"],ruletext:[newValue:\"package etracs2.bp.billing.rules.INTEREST;\\n\\nimport bp.billing.facts.*\\nimport java.util.*\\n\\nglobal com.rameses.rules.common.RuleAction actionList\\n\\nrule \\\"INTEREST\\\"\\nagenda-group \\\"INTEREST\\\"\\nno-loop\\nsalience 50000\\n\\nwhen\\n\\$LEDGER : BPLedgerFact( \\$ledgerid:ledgerid )\\n\\$TAXFEE : TaxFeeFact( \\$taxfeeid:taxfeeid, ledgerid == \\$ledgerid )\\nTaxFeeFact(MONTHS:monthsfromqtr, AMTDUE:amount, SURCH:surcharge, acctid matches \\\"IA3b52a903:1362da0716c:-7ff6|IA4eb9968d:13639066586:-7f89\\\", taxfeeid == \\$taxfeeid, ledgerid == \\$ledgerid)\\nthen\\n\\$TAXFEE.setInterestacctid(\\\"IA2a8c8a24:1363832b9dd:-7fce\\\");\\n\\$TAXFEE.setInterestaccttitle(\\\"INTEREST FOR BUSINESS\\\");\\n\\$TAXFEE.setInterest((AMTDUE + SURCH) * 0.02);\\n\\nactionList.setContext( drools );\\nactionList.execute(\\\"calcInterest\\\", \\$TAXFEE );\\nend\",action:\"update\",oldValue:\"package etracs2.bp.billing.rules;\\n\\nimport bp.billing.facts.*\\nimport java.util.*\\n\\nglobal com.rameses.rules.common.RuleAction actionList\\n\\nrule \\\"INTEREST\\\"\\nagenda-group \\\"INTEREST\\\"\\nno-loop\\nsalience 50000\\n\\nwhen\\n\\$LEDGER : BPLedgerFact( \\$ledgerid:ledgerid )\\n\\$TAXFEE : TaxFeeFact( \\$taxfeeid:taxfeeid, ledgerid == \\$ledgerid )\\nTaxFeeFact(MONTHS:monthsfromqtr, AMTDUE:amount, SURCH:surcharge, acctid matches \\\"IA3b52a903:1362da0716c:-7ff6|IA4eb9968d:13639066586:-7f89\\\", taxfeeid == \\$taxfeeid, ledgerid == \\$ledgerid)\\nthen\\n\\$TAXFEE.setInterestacctid(\\\"IA2a8c8a24:1363832b9dd:-7fce\\\");\\n\\$TAXFEE.setInterestaccttitle(\\\"INTEREST FOR BUSINESS\\\");\\n\\$TAXFEE.setInterest((AMTDUE + SURCH) * 0.02 * ( (MONTHS > 36) ?  36 : MONTHS  ));\\n\\nactionList.setContext( drools );\\nactionList.execute(\\\"calcInterest\\\", \\$TAXFEE );\\nend\"],\"actions[0].displaytext\":[newValue:\"Calculate INTEREST FOR BUSINESS using the formula: (AMTDUE + SURCH) * 0.02\",action:\"update\",oldValue:\"Calculate INTEREST FOR BUSINESS using the formula: (AMTDUE + SURCH) * 0.02 * ( (MONTHS > 36) ?  36 : MONTHS  )\"]]'),('L67f5cacc:136a0623237:-7fcc','log:log','1.0','CRAAF','IRAF67f5cacc:136a0623237:-7fd5','2012-04-11 16:29:11','GENERATE','PERSNL-77eb9ad:1362de475cb:-7ffa',NULL,NULL),('L67f5cacc:136a0623237:-7fd6','log:log','1.0','CRAAF','IRAF67f5cacc:136a0623237:-7fd9','2012-04-11 16:28:34','GENERATE','PERSNL-77eb9ad:1362de475cb:-7ffa',NULL,NULL),('L67f5cacc:136a0623237:-7fda','log:log','1.0','RIV','R67f5cacc:136a0623237:-7fdc','2012-04-11 16:27:48','APPROVE','PERSNL-77eb9ad:1362de475cb:-7ffa',NULL,NULL),('L67f5cacc:136a0623237:-7fdb','log:log','1.0','RIV','R67f5cacc:136a0623237:-7fdc','2012-04-11 16:27:46','CREATE','PERSNL-77eb9ad:1362de475cb:-7ffa',NULL,NULL),('L67f5cacc:136a0623237:-7fe3','log:log','1.0','RIV','R67f5cacc:136a0623237:-7fe5','2012-04-11 16:21:44','APPROVE','PERSNL-77eb9ad:1362de475cb:-7f2e',NULL,NULL),('L67f5cacc:136a0623237:-7fe4','log:log','1.0','RIV','R67f5cacc:136a0623237:-7fe5','2012-04-11 16:21:42','CREATE','PERSNL-77eb9ad:1362de475cb:-7f2e',NULL,NULL),('L6a69f048:1367103ed2e:-7ff1','log:log','1.0','FAAS','F6a69f048:1367103ed2e:-7ffb','2012-04-02 11:17:54','APPROVE','PERSNL-77eb9ad:1362de475cb:-7f2e',NULL,NULL),('L6a69f048:1367103ed2e:-7ff2','log:log','1.0','FAAS','F6a69f048:1367103ed2e:-7ffb','2012-04-02 11:17:54','APPROVE','PERSNL-77eb9ad:1362de475cb:-7f2e',NULL,NULL),('L6a69f048:1367103ed2e:-7ff3','log:log','1.0','RPTLedger','L6a69f048:1367103ed2e:-7ff5','2012-04-02 11:17:54','CREATE','PERSNL-77eb9ad:1362de475cb:-7f2e',NULL,NULL),('L6a69f048:1367103ed2e:-7ff6','log:log','1.0','FAAS','F6a69f048:1367103ed2e:-7ffb','2012-04-02 11:17:54','UPDATE','PERSNL-77eb9ad:1362de475cb:-7f2e','','[:]'),('L6a69f048:1367103ed2e:-7ff7','log:log','1.0','FAAS','F6a69f048:1367103ed2e:-7ffb','2012-04-02 11:17:52','SUBMIT','PERSNL-77eb9ad:1362de475cb:-7f2e',NULL,NULL),('L6a69f048:1367103ed2e:-7ff8','log:log','1.0','Faas','F6a69f048:1367103ed2e:-7ffb','2012-04-02 11:17:50','CREATE','PERSNL-77eb9ad:1362de475cb:-7f2e',NULL,NULL),('L6a69f048:1367103ed2e:-7ff9','log:log','1.0','Entity','E6a69f048:1367103ed2e:-7ffa','2012-04-02 11:17:04','CREATE','PERSNL-77eb9ad:1362de475cb:-7f2e',NULL,NULL),('L701a3287:136bf2306f1:-7ff6','log:log','1.0','Rule','R701a3287:136bf2306f1:-7ff8','2012-04-17 15:23:11','DEPLOY','PERSNL-12f70615:1362b0b3421:-7ffa',NULL,NULL),('L701a3287:136bf2306f1:-7ff7','log:log','1.0','Rule','R701a3287:136bf2306f1:-7ff8','2012-04-17 15:23:10','CREATE','PERSNL-12f70615:1362b0b3421:-7ffa',NULL,NULL),('L701a3287:136bf2306f1:-7ffb','log:log','1.0','Rule','R-3c544d8e:136bdf9ac02:-7fdf','2012-04-17 15:12:37','DEPLOY','PERSNL-12f70615:1362b0b3421:-7ffa',NULL,NULL),('L701a3287:136bf2306f1:-7ffc','log:log','1.0','Rule','R-3c544d8e:136bdf9ac02:-7fdf','2012-04-17 15:12:35','UPDATE','PERSNL-12f70615:1362b0b3421:-7ffa',NULL,NULL),('L701a3287:136bf2306f1:-7ffd','log:log','1.0','Rule','R-3c544d8e:136bdf9ac02:-7fdf','2012-04-17 15:12:29','UNDEPLOY','PERSNL-12f70615:1362b0b3421:-7ffa',NULL,NULL),('L77a59a93:1369a094c6b:-7ffa','log:log','1.0','bpbilling','R77a59a93:1369a094c6b:-7ffb','2012-04-10 11:47:42','CREATE','PERSNL-77eb9ad:1362de475cb:-7fb1',NULL,NULL);

/*Table structure for table `txnreference` */

DROP TABLE IF EXISTS `txnreference`;

CREATE TABLE `txnreference` (
  `objid` varchar(50) NOT NULL,
  `refid` varchar(50) NOT NULL,
  `refname` varchar(255) NOT NULL,
  `message` text NOT NULL,
  `txndate` date default NULL,
  PRIMARY KEY  (`objid`)
) ENGINE=InnoDB DEFAULT CHARSET=latin1;

/*Data for the table `txnreference` */

insert  into `txnreference`(`objid`,`refid`,`refname`,`message`,`txndate`) values ('F-a5683f2:136571474b2:-7fc7','SD-261cc787:13661fb74d2:-7ff4','Subdivision','FAAS is currently referenced by Subdivision No. 00002.','2012-03-30'),('F-d97c0a6:13657caaf62:-7fa1','C-d97c0a6:13657caaf62:-7f74','Consolidation','Land property is referenced by a consolidation.','2012-03-28'),('F-d97c0a6:13657caaf62:-7fae','C-d97c0a6:13657caaf62:-7f74','Consolidation','Land property is referenced by a consolidation.','2012-03-28');

/*Table structure for table `txnrequirements` */

DROP TABLE IF EXISTS `txnrequirements`;

CREATE TABLE `txnrequirements` (
  `objid` varchar(50) NOT NULL,
  `schemaname` varchar(50) NOT NULL,
  `schemaversion` varchar(10) NOT NULL,
  `txntypeid` varchar(50) NOT NULL,
  `txntype` varchar(100) NOT NULL,
  `requirements` text,
  PRIMARY KEY  (`objid`)
) ENGINE=InnoDB DEFAULT CHARSET=latin1 ROW_FORMAT=DYNAMIC;

/*Data for the table `txnrequirements` */

/*Table structure for table `txntypes` */

DROP TABLE IF EXISTS `txntypes`;

CREATE TABLE `txntypes` (
  `objid` varchar(50) NOT NULL,
  `schemaname` varchar(50) NOT NULL,
  `schemaversion` varchar(10) NOT NULL,
  `txntype` varchar(100) NOT NULL,
  `used` smallint(6) NOT NULL,
  PRIMARY KEY  (`objid`)
) ENGINE=MyISAM DEFAULT CHARSET=latin1;

/*Data for the table `txntypes` */

/*Table structure for table `useraccount` */

DROP TABLE IF EXISTS `useraccount`;

CREATE TABLE `useraccount` (
  `objid` varchar(50) NOT NULL,
  `uid` varchar(50) NOT NULL,
  `pwd` varchar(50) NOT NULL default '',
  `usertype` varchar(50) default NULL,
  `firstname` varchar(50) default NULL,
  `lastname` varchar(50) default NULL,
  `middlename` varchar(50) default NULL,
  `email` varchar(100) default NULL,
  PRIMARY KEY  (`objid`),
  UNIQUE KEY `username` (`uid`)
) ENGINE=InnoDB DEFAULT CHARSET=latin1 ROW_FORMAT=DYNAMIC;

/*Data for the table `useraccount` */

insert  into `useraccount`(`objid`,`uid`,`pwd`,`usertype`,`firstname`,`lastname`,`middlename`,`email`) values ('admin','admin','02290d335d44fac6a4d6b3766f0bed51','personnel','admin','admin',NULL,NULL),('E-12f70615:1362b0b3421:-7fed','00001','98fe34bf31026146fc0ae75451775f55','entity','JAYROME','VERGARA','C','-'),('E-180db72b:136df9875d1:-7ffa','ROJEAN','48c74b568eb32016b5acdff32e634e30','entity','ROJEAN','VERGARA',NULL,'rj@gmail.com'),('E6a69f048:1367103ed2e:-7ffa','GRACE','634430c780ac293ebac8b402b216dd9f','entity','GRACE','CABANTAN',NULL,'grace@gmail.com'),('PERSNL-12f70615:1362b0b3421:-7ffa','JAY','dd89acc28961b74d1a8ba769a09c1860','personnel','JAYROME','VERGARA',NULL,'jay@gmail.com'),('PERSNL-261cc787:13661fb74d2:-7ff6','JESSIE','44f94086e0874c754a6cd6f25147a365','personnel','JESSIE','ZAMORA',NULL,'jzamss@gmail.com'),('PERSNL-77eb9ad:1362de475cb:-7f2e','JERSON','b7aa160ec14b2a8512c5c915f78ff346','personnel','JERSON','MAGLASANG',NULL,'-'),('PERSNL-77eb9ad:1362de475cb:-7fb1','EMERSON','a977753cc015426648f55258a1643394','personnel','EMERSON','CHIONG',NULL,'-'),('PERSNL-77eb9ad:1362de475cb:-7fe6','ARNEL','d4475e819a218542a74753049035ebda','personnel','ARNEL','RETIZA',NULL,'arnel@gmail.com'),('PERSNL-77eb9ad:1362de475cb:-7fe7','WORGIE','ee41739264568aa713e925f9ce3520e1','personnel','WORGIE','FLORES',NULL,'worgie@gmail.com'),('PERSNL-77eb9ad:1362de475cb:-7fe8','MIKE','11ee26a27ff7bbd0ce6e5a2f2bfb6a7e','personnel','MIKE','RAMOS',NULL,'mike@gmail.com'),('PERSNL-77eb9ad:1362de475cb:-7ffa','REX','86db5e6e95d90c74542c774db024b2a9','personnel','REX','ESCARIO',NULL,'rex@lgu.gov.ph'),('PERSNL2a8c8a24:1363832b9dd:-7fc3','ROMMEL','e9897ca04f974c5c025b9cd6dd2b1187','personnel','ROMMEL','LAURON',NULL,'rommel@gmail.com'),('PERSNL2e03615d:136b8c85690:-7ffb','WINDHEL','ef8fad5a70e60f2cdebf0906db8fb5df','personnel','WINDHEL','PALEN',NULL,'windhel@gmail.com');

/*Table structure for table `variable` */

DROP TABLE IF EXISTS `variable`;

CREATE TABLE `variable` (
  `objid` varchar(50) NOT NULL,
  `schemaname` varchar(20) NOT NULL,
  `schemaversion` varchar(5) NOT NULL,
  `name` varchar(50) NOT NULL,
  `datatype` varchar(20) NOT NULL,
  `caption` varchar(50) NOT NULL,
  `description` varchar(100) default NULL,
  `arrayvalues` text,
  `printtopermit` int(11) default NULL,
  PRIMARY KEY  (`objid`),
  UNIQUE KEY `ux_variable_name` (`name`)
) ENGINE=InnoDB DEFAULT CHARSET=latin1;

/*Data for the table `variable` */

insert  into `variable`(`objid`,`schemaname`,`schemaversion`,`name`,`datatype`,`caption`,`description`,`arrayvalues`,`printtopermit`) values ('V-12f70615:1362b0b3421:-7fe8','variable','1.0','GROSS','decimal','GROSS','GROSS','[]',NULL),('V3b52a903:1362da0716c:-7ffb','variable','1.0','CAPITAL','decimal','CAPITAL','CAPITAL','[]',NULL),('V45c5662b:13633239641:-7f8a','variable','1.0','IN_GARBAGE_ZONE','string_array','IS IN GARBAGE ZONE?',NULL,'[]',0),('V45c5662b:13633239641:-7f94','variable','1.0','AREA','decimal','AREA','AREA INFO','[]',NULL),('V45c5662b:13633239641:-7fee','variable','1.0','BUS_CLASS','string_array','BUSINESS CLASS',NULL,'[\"SMALL\",\"MEDIUM\",\"LARGE\"]',NULL),('V45c5662b:13633239641:-7ff0','variable','1.0','HAS_AIRCON','string_array','HAS AIRCON?',NULL,'[]',0),('V45c5662b:13633239641:-7ff2','variable','1.0','NO_OF_TABLES','integer','NO. OF TABLES',NULL,'[]',NULL),('V45c5662b:13633239641:-7ff4','variable','1.0','NO_OF_CHAIRS','integer','NO. OF CHAIRS',NULL,'[]',NULL);

/*Table structure for table `webdraft` */

DROP TABLE IF EXISTS `webdraft`;

CREATE TABLE `webdraft` (
  `objid` varchar(50) NOT NULL,
  `description` varchar(100) default NULL,
  `owner` varchar(50) default NULL,
  `refid` varchar(50) default NULL,
  `info` mediumtext,
  PRIMARY KEY  (`objid`)
) ENGINE=InnoDB DEFAULT CHARSET=latin1;

/*Data for the table `webdraft` */

/*Table structure for table `wf_task` */

DROP TABLE IF EXISTS `wf_task`;

CREATE TABLE `wf_task` (
  `objid` varchar(50) NOT NULL,
  `dtposted` datetime default NULL,
  `requesterid` varchar(50) default NULL,
  `info` mediumtext,
  `msgtype` varchar(50) default NULL,
  `handler` varchar(50) default NULL,
  PRIMARY KEY  (`objid`)
) ENGINE=InnoDB DEFAULT CHARSET=latin1;

/*Data for the table `wf_task` */

/*Table structure for table `wf_task_actor` */

DROP TABLE IF EXISTS `wf_task_actor`;

CREATE TABLE `wf_task_actor` (
  `objid` varchar(50) NOT NULL,
  `taskid` varchar(50) default NULL,
  `actorid` varchar(50) default NULL,
  PRIMARY KEY  (`objid`),
  KEY `FK_wf_task_actor` (`taskid`),
  CONSTRAINT `FK_wf_task_actor` FOREIGN KEY (`taskid`) REFERENCES `wf_task` (`objid`)
) ENGINE=InnoDB DEFAULT CHARSET=latin1;

/*Data for the table `wf_task_actor` */

/*Table structure for table `individualentity` */

DROP TABLE IF EXISTS `individualentity`;

/*!50001 DROP VIEW IF EXISTS `individualentity` */;
/*!50001 DROP TABLE IF EXISTS `individualentity` */;

/*!50001 CREATE TABLE `individualentity` (
  `objid` varchar(50) NOT NULL,
  `schemaname` varchar(100) NOT NULL,
  `schemaversion` varchar(10) NOT NULL,
  `entityno` varchar(10) NOT NULL,
  `entityname` varchar(500) NOT NULL,
  `entityaddress` varchar(100) NOT NULL,
  `mailingaddress` varchar(100) default NULL,
  `entitytype` varchar(25) NOT NULL,
  `info` text NOT NULL,
  `sys_lastupdate` varchar(25) default NULL,
  `sys_lastupdateby` varchar(50) default NULL,
  `remarks` varchar(100) default NULL,
  `contactno` varchar(20) default NULL
) ENGINE=InnoDB DEFAULT CHARSET=latin1 */;

/*View structure for view individualentity */

/*!50001 DROP TABLE IF EXISTS `individualentity` */;
/*!50001 DROP VIEW IF EXISTS `individualentity` */;

/*!50001 CREATE ALGORITHM=UNDEFINED DEFINER=`root`@`localhost` SQL SECURITY DEFINER VIEW `individualentity` AS select `entity`.`objid` AS `objid`,`entity`.`schemaname` AS `schemaname`,`entity`.`schemaversion` AS `schemaversion`,`entity`.`entityno` AS `entityno`,`entity`.`entityname` AS `entityname`,`entity`.`entityaddress` AS `entityaddress`,`entity`.`mailingaddress` AS `mailingaddress`,`entity`.`entitytype` AS `entitytype`,`entity`.`info` AS `info`,`entity`.`sys_lastupdate` AS `sys_lastupdate`,`entity`.`sys_lastupdateby` AS `sys_lastupdateby`,`entity`.`remarks` AS `remarks`,`entity`.`contactno` AS `contactno` from `entity` where (`entity`.`entitytype` = _latin1'individual') order by `entity`.`entityname` */;

/*!40101 SET SQL_MODE=@OLD_SQL_MODE */;
/*!40014 SET FOREIGN_KEY_CHECKS=@OLD_FOREIGN_KEY_CHECKS */;
